sample_id,num_foci,depth_tier,source_type_x,shape_set_x,gt_component_count,pred_component_count,matched_component_count,missed_component_count,false_component_count,merge_count,split_count,component_recall,component_precision,mean_matched_iou,small_component_recall,method,dice,precision,recall,success,number_of_sources,minimum_inter_source_distance_mm,weak_to_dominant_intensity_ratio,source_centers_mm,source_intensities,shape_set_y,source_type_y
sample_0002,1,shallow,uniform,ellipsoid,1,1,1,0,0,0,0,1.0,1.0,0.8015605603830467,,SSQ-FMT,0.8898951616873112,0.8576036429182643,0.9247135842881294,True,1,,1.0,"[[15.4, 33.6, 8.4]]",[1.4124678021121233],,uniform
sample_0006,1,deep,uniform,sphere,1,1,1,0,0,0,0,1.0,1.0,0.845233399079553,,SSQ-FMT,0.916049030786833,0.9418229777257592,0.8916481687015931,True,1,,1.0,"[[21.0, 27.8, 12.4]]",[1.2116405008604454],,uniform
sample_0022,2,shallow,uniform,irregular,2,2,2,0,0,0,0,1.0,1.0,0.46174898198062,,SSQ-FMT,0.6420919974797467,0.4743064606223474,0.9935647425897162,True,2,15.92733499365164,0.9882663017980347,"[[7.800000000000001, 22.400000000000002, 7.800000000000001], [16.400000000000002, 35.800000000000004, 8.200000000000001]]","[1.3721856021857262, 1.3884775790585953]",,uniform
sample_0032,1,shallow,uniform,irregular,1,1,1,0,0,0,0,1.0,1.0,0.8262890158889656,,SSQ-FMT,0.904883081155466,0.9310735262897664,0.8801257609205431,True,1,,1.0,"[[7.800000000000001, 23.0, 6.2]]",[0.925546548147099],,uniform
sample_0038,2,deep,uniform,irregular+sphere,2,2,2,0,0,0,0,1.0,1.0,0.6517311777984331,,SSQ-FMT,0.8499488551420844,0.8350985697720641,0.8653368581271607,True,2,16.822603841260722,0.7184231306424439,"[[6.6000000000000005, 33.0, 5.2], [20.400000000000002, 24.0, 8.6]]","[1.706819898828488, 1.2262188951591817]",,uniform
sample_0079,2,medium,uniform,ellipsoid,2,2,2,0,0,0,0,1.0,1.0,0.5238329280536662,,SSQ-FMT,0.6839412565793058,0.5496007098494236,0.9052026500390636,True,2,6.817624219623726,0.659858982559717,"[[19.200000000000003, 32.2, 9.0], [12.600000000000001, 30.6, 9.600000000000001]]","[1.1224453247944517, 0.740655629997778]",,uniform
sample_0096,2,medium,uniform,ellipsoid+sphere,2,2,2,0,0,0,0,1.0,1.0,0.7152626442267296,,SSQ-FMT,0.8356892457311796,0.9476788920236628,0.7473705501620678,True,2,9.785703858180057,0.5442071054219149,"[[13.8, 34.2, 5.4], [21.200000000000003, 27.8, 5.2]]","[1.4365330236304819, 0.7817714786329357]",,uniform
sample_0100,2,shallow,uniform,sphere,2,2,2,0,0,0,0,1.0,1.0,0.2756244727673113,,SSQ-FMT,0.4234596654674746,0.2686005909222823,1.0,True,2,7.076722405181652,0.7544995524157119,"[[7.4, 35.4, 9.0], [9.8, 29.8, 12.600000000000001]]","[1.7608346644341792, 1.3285489661936585]",,uniform
sample_0108,1,deep,uniform,ellipsoid,1,1,1,0,0,0,0,1.0,1.0,0.4651240778001341,,SSQ-FMT,0.634927901121747,1.0,0.4651240778005825,True,1,,1.0,"[[23.400000000000002, 23.6, 11.4]]",[0.7687044286973467],,uniform
sample_0113,3,medium,uniform,ellipsoid,3,3,3,0,0,0,0,1.0,1.0,0.5258403423473106,,SSQ-FMT,0.6857579877636932,0.6047661870509521,0.7917974882264682,True,3,12.414507642270799,0.7833684824356897,"[[14.200000000000001, 24.0, 3.8000000000000003], [28.200000000000003, 27.200000000000003, 9.4], [9.0, 34.2, 8.6]]","[0.9570768000656917, 0.855428235469585, 0.749743800441867]",,uniform
sample_0122,3,deep,uniform,ellipsoid+sphere,3,2,2,1,0,1,0,0.6666666666666666,1.0,0.557492767933069,,SSQ-FMT,0.6915035762007029,0.6214154541604595,0.7794117647060778,False,3,4.707440918375929,0.5002942963886573,"[[18.6, 25.8, 12.200000000000001], [22.200000000000003, 32.0, 9.200000000000001], [20.200000000000003, 24.400000000000002, 8.0]]","[1.6764241341808352, 0.838705432658965, 0.8450994520540722]",,uniform
sample_0128,3,deep,uniform,ellipsoid+sphere,3,3,3,0,0,0,0,1.0,1.0,0.7355292903121643,,SSQ-FMT,0.8573063352300272,0.9065546218488024,0.813133140376379,True,3,8.395236744726144,0.4619309934763417,"[[7.6000000000000005, 21.8, 9.600000000000001], [18.6, 27.8, 11.600000000000001], [10.4, 29.6, 11.600000000000001]]","[0.6939152759346308, 0.9641089215418889, 1.5022054933193618]",,uniform
sample_0130,2,shallow,uniform,ellipsoid+sphere,2,1,1,1,0,0,0,0.5,1.0,0.8702727481090993,,SSQ-FMT,0.9066380133715934,0.9578708375378936,0.8606074342703302,False,2,5.299056519796706,0.4940620372353948,"[[6.800000000000001, 23.200000000000003, 11.0], [9.4, 27.8, 11.4]]","[0.8375512262310378, 1.6952349363203316]",,uniform
sample_0158,1,medium,uniform,irregular,1,1,1,0,0,0,0,1.0,1.0,0.7893926432848588,,SSQ-FMT,0.8821954484606214,0.8308717579253767,0.9402772115777818,True,1,,1.0,"[[8.200000000000001, 27.8, 14.0]]",[1.5782075491871324],,uniform
sample_0163,3,deep,uniform,ellipsoid+sphere,3,3,3,0,0,0,0,1.0,1.0,0.5885210595599875,,SSQ-FMT,0.7785094992183738,0.6849520633599959,0.9016681299386504,True,3,7.166589146867566,0.7240398375695541,"[[27.0, 29.0, 7.0], [13.8, 24.6, 5.6000000000000005], [28.6, 35.4, 9.8]]","[1.1725177615151223, 1.6194105637212064, 1.4204568669964528]",,uniform
sample_0180,1,medium,uniform,sphere,1,1,1,0,0,0,0,1.0,1.0,0.4505928853754941,,SSQ-FMT,0.6212534059948729,0.4505928853761727,1.0,True,1,,1.0,"[[15.0, 29.8, 9.4]]",[1.324300285083603],,uniform
sample_0187,3,medium,uniform,ellipsoid+sphere,3,3,3,0,0,0,0,1.0,1.0,0.4901459994306915,,SSQ-FMT,0.8387824126268608,0.9793973839274608,0.7334752128193123,True,3,10.947145746723205,0.641405643838162,"[[11.4, 21.200000000000003, 7.0], [24.400000000000002, 34.6, 11.200000000000001], [8.200000000000001, 31.6, 5.800000000000001]]","[1.7643973946152292, 1.743805780936086, 1.1316944468795567]",,uniform
sample_0189,3,shallow,uniform,irregular+sphere,3,3,2,1,1,0,0,0.6666666666666666,0.6666666666666666,0.7129198234117458,,SSQ-FMT,0.8265684715597327,0.7918225547836495,0.8645037054327686,False,3,9.368030742904295,0.5103080462792021,"[[13.4, 31.8, 8.4], [18.6, 21.200000000000003, 7.4], [22.400000000000002, 31.8, 5.800000000000001]]","[1.1753705826181304, 1.668726439313314, 0.8515645290204268]",,uniform
sample_0192,3,medium,uniform,ellipsoid+irregular,3,2,2,1,0,1,0,0.6666666666666666,1.0,0.3152739043077984,,SSQ-FMT,0.6262897730001313,0.4705415735202491,0.9361549497848836,False,3,4.565084884205331,0.7657735417057048,"[[10.8, 29.6, 8.0], [20.8, 25.6, 10.200000000000001], [10.8, 25.6, 5.800000000000001]]","[0.9873450938886968, 1.2893434417823546, 1.0064862056175317]",,uniform
sample_0207,2,medium,uniform,irregular+sphere,2,1,1,1,0,0,0,0.5,1.0,0.6738254321773253,,SSQ-FMT,0.7960532498042926,0.9086813501144818,0.7082659829442571,False,2,7.515317691222377,0.9620049928258332,"[[19.6, 34.800000000000004, 10.600000000000001], [16.0, 28.400000000000002, 9.0]]","[0.9810117749453144, 1.0197574672285743]",,uniform
sample_0234,3,deep,uniform,ellipsoid+sphere,3,2,2,1,0,0,0,0.6666666666666666,1.0,0.4075230949858269,,SSQ-FMT,0.6218870296175576,0.4677934050351803,0.9273664479850896,False,3,6.606057825965498,0.800525712471196,"[[11.600000000000001, 22.0, 6.0], [17.6, 21.6, 15.4], [17.0, 25.8, 6.2]]","[1.189650696008739, 0.9638794680079841, 1.2040580995612502]",,uniform
sample_0240,2,deep,uniform,ellipsoid+sphere,2,2,2,0,0,0,0,1.0,1.0,0.7642152010645666,,SSQ-FMT,0.8426555531184314,0.9706080512043368,0.7445090439278136,True,2,19.7453792062852,0.9375036154285199,"[[8.6, 29.0, 5.800000000000001], [26.0, 35.6, 12.4]]","[0.6309955369665391, 0.6730593104732933]",,uniform
sample_0248,3,deep,uniform,irregular,3,3,3,0,0,0,0,1.0,1.0,0.6355373147801444,,SSQ-FMT,0.8549960797979234,0.9459303166112736,0.7800119213193801,True,3,6.459102104782056,0.37541811705934075,"[[11.600000000000001, 31.0, 8.6], [26.6, 34.2, 13.200000000000001], [8.200000000000001, 25.6, 9.600000000000001]]","[1.6513970410585972, 1.295686265348563, 0.6199643676715854]",,uniform
sample_0260,3,medium,uniform,sphere,2,3,2,0,1,0,1,1.0,0.6666666666666666,0.3977313602889565,,SSQ-FMT,0.4978645515561331,0.7524898561421016,0.3719912472653428,False,3,4.4810713004816165,0.4968866319822464,"[[19.8, 28.0, 9.0], [11.600000000000001, 24.400000000000002, 8.200000000000001], [14.200000000000001, 20.8, 8.8]]","[1.4425705055320766, 0.9885648216420333, 0.7167939998907601]",,uniform
sample_0276,2,shallow,uniform,irregular+sphere,2,2,2,0,0,0,0,1.0,1.0,0.6933822338829962,,SSQ-FMT,0.8045966184713397,0.7276599369624945,0.8997261428271542,True,2,11.233877335986895,0.6633564178031782,"[[15.8, 27.200000000000003, 5.2], [11.200000000000001, 30.200000000000003, 15.0]]","[1.0726070540800199, 0.7115207731049419]",,uniform
sample_0280,1,shallow,uniform,irregular,1,1,1,0,0,0,0,1.0,1.0,0.2500439290107187,,SSQ-FMT,0.4000562271585605,0.2500439290120365,1.0,True,1,,1.0,"[[22.0, 20.400000000000002, 8.8]]",[1.1539854990739526],,uniform
sample_0290,3,medium,uniform,ellipsoid+irregular,3,3,3,0,0,0,0,1.0,1.0,0.4785973328056925,,SSQ-FMT,0.6179762227473113,0.952716417910504,0.4573016964698204,True,3,7.318469785412794,0.7040410974083021,"[[16.400000000000002, 31.200000000000003, 11.8], [23.6, 31.8, 4.800000000000001], [27.8, 29.200000000000003, 10.200000000000001]]","[1.66376946912772, 1.6386301491429038, 1.1713620828791083]",,uniform
sample_0297,1,shallow,uniform,irregular,1,1,1,0,0,0,0,1.0,1.0,0.5955336575377528,,SSQ-FMT,0.7465009023462015,0.9996777658431796,0.5956480000002589,True,1,,1.0,"[[18.6, 24.200000000000003, 13.600000000000001]]",[1.444273508324538],,uniform
sample_0300,3,shallow,uniform,ellipsoid+irregular,3,3,3,0,0,0,0,1.0,1.0,0.4881695623392503,,SSQ-FMT,0.6764667163984043,0.5279452054797753,0.9412626694346792,True,3,7.090839160494334,0.4186776438536775,"[[24.0, 24.0, 6.6000000000000005], [22.8, 31.0, 4.800000000000001], [23.6, 30.200000000000003, 11.8]]","[1.6740250763885292, 1.4870679549128645, 0.7008768747343219]",,uniform
sample_0308,2,deep,uniform,irregular,2,2,2,0,0,0,0,1.0,1.0,0.7618778973357156,,SSQ-FMT,0.8487514049749065,0.9378982611513792,0.7750803284543243,True,2,17.310112651279887,0.6535182522416206,"[[24.0, 26.200000000000003, 11.600000000000001], [8.200000000000001, 27.200000000000003, 4.6000000000000005]]","[1.4269860289825411, 0.9325614156338808]",,uniform
sample_0322,2,deep,uniform,irregular+sphere,2,1,1,1,0,1,0,0.5,1.0,0.5200098661898008,,SSQ-FMT,0.7474959672882366,0.6283425832494776,0.9224145912416236,False,2,4.770744176750628,0.8143764154738123,"[[27.6, 29.0, 11.4], [25.0, 31.400000000000002, 14.600000000000001]]","[1.2008977191982768, 1.4746224183071197]",,uniform
sample_0328,1,medium,uniform,irregular,1,1,1,0,0,0,0,1.0,1.0,0.7958888888888889,,SSQ-FMT,0.886400197995368,0.8978440711959165,0.8752443792767898,True,1,,1.0,"[[7.800000000000001, 30.400000000000002, 10.200000000000001]]",[0.6772633341817563],,uniform
sample_0335,1,shallow,uniform,ellipsoid,1,1,1,0,0,0,0,1.0,1.0,0.622636019784696,,SSQ-FMT,0.7674376905148221,0.622636019785245,1.0,True,1,,1.0,"[[23.200000000000003, 35.2, 12.4]]",[0.6856508579500862],,uniform
sample_0347,2,deep,uniform,ellipsoid+irregular,2,1,1,1,0,0,0,0.5,1.0,0.4148842142478345,,SSQ-FMT,0.4745248685812024,0.4398425787116944,0.5151448639167797,False,2,5.5497747702046425,0.5815886959349378,"[[16.400000000000002, 32.0, 7.4], [14.600000000000001, 35.4, 3.4000000000000004]]","[0.6488656456245797, 1.1156778839751869]",,uniform
sample_0350,3,shallow,uniform,sphere,3,3,3,0,0,0,0,1.0,1.0,0.4390669631264805,,SSQ-FMT,0.5609278269731518,0.4231997162121044,0.8315520446100568,True,3,12.237646832622683,0.5586838285646628,"[[25.0, 8.200000000000001, 8.4], [26.6, 29.8, 15.0], [16.2, 23.400000000000002, 14.200000000000001]]","[1.147266583413093, 1.0910096910257634, 0.640959287205527]",,uniform
sample_0378,2,deep,uniform,ellipsoid+sphere,2,2,2,0,0,0,0,1.0,1.0,0.6098319932717023,,SSQ-FMT,0.7811087538051005,0.8710141946102952,0.7080267558530869,True,2,7.740800992145452,0.5050471732617079,"[[21.400000000000002, 29.400000000000002, 4.800000000000001], [14.200000000000001, 27.200000000000003, 6.6000000000000005]]","[0.9089731146179509, 1.7997786399785167]",,uniform
sample_0382,2,shallow,uniform,irregular+sphere,2,2,2,0,0,0,0,1.0,1.0,0.5429011217207236,,SSQ-FMT,0.7159985683610272,0.5643159379413761,0.9791972589329928,True,2,20.37743850438519,0.5423110927294854,"[[8.200000000000001, 31.8, 5.0], [28.400000000000002, 33.0, 7.4]]","[1.6508484752877974, 0.8952734405641303]",,uniform
sample_0386,3,deep,uniform,irregular+sphere,3,2,2,1,0,1,0,0.6666666666666666,1.0,0.4576576268047697,,SSQ-FMT,0.6096795095451281,0.5906325446648086,0.6299958796872372,False,3,5.741080037762929,0.38456712115196046,"[[24.6, 24.200000000000003, 9.4], [27.6, 30.400000000000002, 8.6], [20.200000000000003, 21.400000000000002, 7.0]]","[1.7939342430782044, 0.6898881273965063, 1.060992625318614]",,uniform
sample_0396,3,deep,uniform,ellipsoid,3,2,2,1,0,0,0,0.6666666666666666,1.0,0.5957329128079031,,SSQ-FMT,0.6443109632255978,0.702970297029983,0.5946873005746691,False,3,5.499090833947008,0.519777347986511,"[[30.200000000000003, 30.400000000000002, 7.800000000000001], [11.600000000000001, 32.2, 10.600000000000001], [16.400000000000002, 34.6, 9.4]]","[0.8860086591825449, 1.704592673410497, 0.9570104634689084]",,uniform
sample_0397,3,medium,uniform,ellipsoid,3,1,1,2,0,1,0,0.3333333333333333,1.0,0.4769669494004094,,SSQ-FMT,0.6243704993647929,0.935939043318843,0.4684322033902058,False,3,3.6932370625238766,0.47796811001482736,"[[27.0, 24.8, 5.800000000000001], [25.6, 28.400000000000002, 8.4], [23.8, 24.400000000000002, 7.6000000000000005]]","[1.5667354138102412, 0.7488495646321794, 1.395028539988018]",,uniform
sample_0401,3,deep,uniform,irregular+sphere,3,3,3,0,0,0,0,1.0,1.0,0.4069575475890817,,SSQ-FMT,0.6808043875686854,0.5228052661137313,0.9756637168141876,True,3,9.52050418832952,0.8542473445169662,"[[24.200000000000003, 32.0, 10.4], [14.600000000000001, 23.400000000000002, 7.0], [15.4, 32.4, 4.0]]","[0.9626039594602778, 0.8223018761904596, 0.824633264829652]",,uniform
sample_0409,2,medium,uniform,irregular+sphere,2,2,2,0,0,0,0,1.0,1.0,0.5704478502817611,,SSQ-FMT,0.6902909447533898,0.5359935018788343,0.9693352919574564,True,2,15.370100845472681,0.5551500373445075,"[[9.0, 29.8, 9.8], [21.6, 21.0, 9.600000000000001]]","[0.6926241646187925, 1.2476341854030593]",,uniform
sample_0418,3,medium,uniform,ellipsoid+sphere,3,2,2,1,0,0,0,0.6666666666666666,1.0,0.3913133484697479,,SSQ-FMT,0.5280833815870217,0.3934426229516919,0.8028169014090293,False,3,4.180908992073376,0.6389982385813748,"[[8.200000000000001, 21.6, 7.0], [6.4, 23.6, 10.200000000000001], [19.8, 28.6, 4.0]]","[0.7863847041652883, 1.1834215876714036, 1.23065238162647]",,uniform
sample_0436,2,medium,uniform,irregular,2,2,2,0,0,0,0,1.0,1.0,0.3003511047901373,,SSQ-FMT,0.4684916963680378,0.3059021588440226,1.0,True,2,11.02905254316979,0.7102882315019553,"[[24.8, 23.200000000000003, 11.8], [24.8, 34.2, 11.0]]","[1.2003380453100059, 1.6899309211019942]",,uniform
sample_0438,2,shallow,uniform,ellipsoid+sphere,2,2,2,0,0,0,0,1.0,1.0,0.4297601681307728,,SSQ-FMT,0.6175514626221441,0.4777870913668505,0.8728943338440411,True,2,6.359245238233857,0.7898365784887469,"[[22.400000000000002, 28.8, 10.600000000000001], [28.6, 29.0, 9.200000000000001]]","[0.8820753681285818, 0.6966953907318809]",,uniform
sample_0447,1,shallow,uniform,sphere,1,1,1,0,0,0,0,1.0,1.0,0.8346416382252559,,SSQ-FMT,0.9098688494094412,0.9350028675206749,0.8860507246378876,True,1,,1.0,"[[27.6, 35.2, 8.6]]",[0.8231974359957722],,uniform
sample_0449,2,deep,uniform,sphere,2,2,2,0,0,0,0,1.0,1.0,0.5839490052764595,,SSQ-FMT,0.7809661781914632,0.6496709001579218,0.9787709497207,True,2,10.720074626605916,0.7912187891425575,"[[21.200000000000003, 25.200000000000003, 8.6], [26.200000000000003, 33.6, 4.2]]","[1.3234887830405562, 1.672721630479502]",,uniform
sample_0456,3,medium,uniform,ellipsoid+sphere,3,2,2,1,0,1,0,0.6666666666666666,1.0,0.5166356352133488,,SSQ-FMT,0.644314338703355,0.7677441719388441,0.5550751879702036,False,3,3.611094017053556,0.8964784571339841,"[[16.8, 34.6, 9.600000000000001], [28.6, 31.6, 10.600000000000001], [18.0, 31.200000000000003, 9.8]]","[1.0373617005681002, 1.157151844880373, 1.1281308329391648]",,uniform
sample_0458,1,deep,uniform,irregular,1,1,1,0,0,0,0,1.0,1.0,0.7914285714285715,,SSQ-FMT,0.8835725677832034,0.9034919416732472,0.8645125757300083,True,1,,1.0,"[[10.600000000000001, 35.0, 14.4]]",[1.1838636336289445],,uniform
sample_0469,3,shallow,uniform,ellipsoid+sphere,3,2,2,1,0,1,0,0.6666666666666666,1.0,0.3849812785038207,,SSQ-FMT,0.692207190121089,0.6078010509957754,0.8038371182460808,False,3,4.7201694884823775,0.43515300587465044,"[[12.4, 35.800000000000004, 4.800000000000001], [10.4, 21.200000000000003, 7.0], [8.8, 25.6, 6.4]]","[1.5783545775512307, 1.536767934078203, 0.6868257387574321]",,uniform
sample_0472,1,shallow,uniform,ellipsoid,1,1,1,0,0,0,0,1.0,1.0,0.7842401500938087,,SSQ-FMT,0.8790746582545198,0.977823523907572,0.7984413202935525,True,1,,1.0,"[[11.4, 31.6, 8.200000000000001]]",[1.1730527499862964],,uniform
sample_0473,3,medium,uniform,ellipsoid+irregular,3,3,3,0,0,0,0,1.0,1.0,0.6322021662518124,,SSQ-FMT,0.7592015968064834,0.6805267301226076,0.8584454274624371,True,3,9.427618999514142,0.78279484075879,"[[9.0, 33.4, 11.0], [28.200000000000003, 23.8, 7.0], [21.400000000000002, 28.8, 11.200000000000001]]","[0.6688471260658906, 0.8544347653307909, 0.8380940750697113]",,uniform
sample_0511,2,deep,uniform,ellipsoid+irregular,2,2,2,0,0,0,0,1.0,1.0,0.6573448199690745,,SSQ-FMT,0.7933257032710118,0.7899472168908469,0.7967332123414437,True,2,12.485191228010889,0.9041846477361158,"[[27.6, 30.8, 5.4], [16.2, 27.200000000000003, 9.0]]","[1.0664166946801916, 0.9642376034193221]",,uniform
sample_0521,3,medium,uniform,ellipsoid+sphere,2,2,2,0,0,0,0,1.0,1.0,0.6169930325944589,,SSQ-FMT,0.8116117608686401,0.7250853384399925,0.9215873015873846,True,3,3.458323293158117,0.5067086729586847,"[[12.200000000000001, 29.400000000000002, 6.800000000000001], [28.6, 32.4, 11.600000000000001], [8.8, 29.200000000000003, 6.2]]","[1.0965431616234627, 1.2977047460492215, 0.657558249762788]",,uniform
sample_0525,3,medium,uniform,ellipsoid+irregular,3,2,2,1,0,0,0,0.6666666666666666,1.0,0.4940569655500711,,SSQ-FMT,0.5552012514291829,0.4666262135927724,0.6852814495771792,False,3,6.743886120034946,0.3981874923427049,"[[15.200000000000001, 5.2, 15.200000000000001], [9.0, 33.4, 11.200000000000001], [6.2, 35.4, 5.4]]","[1.2275887375203953, 0.705123889734967, 1.7708338491157165]",,uniform
sample_0535,2,medium,uniform,ellipsoid+sphere,1,1,1,0,0,0,0,1.0,1.0,0.7021744757960134,,SSQ-FMT,0.8250636857914813,0.784412955465743,0.870157991819817,True,2,3.7416573867739396,0.7813799182669287,"[[17.2, 32.6, 8.200000000000001], [13.8, 31.400000000000002, 9.200000000000001]]","[1.291375945254465, 1.6526863758140706]",,uniform
sample_0536,2,deep,uniform,sphere,2,2,2,0,0,0,0,1.0,1.0,0.5338153419614093,,SSQ-FMT,0.756917331522868,0.6520912547533605,0.9019012944985804,True,2,17.329743217947577,0.5577095204186867,"[[12.4, 30.6, 4.6000000000000005], [27.6, 25.8, 11.4]]","[1.080075263023287, 0.6023682569568043]",,uniform
sample_0541,1,shallow,uniform,irregular,1,1,1,0,0,0,0,1.0,1.0,0.764816076294278,,SSQ-FMT,0.8667374312459069,0.8658183921344403,0.8676584234933005,True,1,,1.0,"[[12.600000000000001, 33.4, 12.4]]",[1.5173855193476922],,uniform
sample_0566,3,medium,uniform,irregular+sphere,3,2,2,1,0,1,0,0.6666666666666666,1.0,0.4436423146640789,,SSQ-FMT,0.6029715229056062,0.5166978224627309,0.72383041970435,False,3,6.276941930590087,0.7089859204591652,"[[17.6, 25.8, 7.6000000000000005], [11.8, 25.8, 10.0], [6.0, 26.8, 6.6000000000000005]]","[0.8546464008230681, 0.9424262736404305, 0.6681669590818617]",,uniform
sample_0585,2,deep,uniform,ellipsoid+sphere,2,2,2,0,0,0,0,1.0,1.0,0.3509954025897338,,SSQ-FMT,0.5194493006995633,0.998739495798322,0.3510041346726587,True,2,14.643770006388385,0.5883204611732864,"[[26.200000000000003, 34.6, 12.8], [14.600000000000001, 28.8, 6.0]]","[1.5370782095977522, 0.9042945611299589]",,uniform
sample_0603,1,medium,uniform,irregular,1,1,1,0,0,0,0,1.0,1.0,0.7903725050699114,,SSQ-FMT,0.8829140336235347,0.8149900946513151,0.9631893860562394,True,1,,1.0,"[[25.6, 33.4, 11.8]]",[1.093220912880486],,uniform
sample_0610,2,medium,uniform,sphere,2,1,1,1,0,1,0,0.5,1.0,0.5395178197064989,,SSQ-FMT,0.7649038156309029,0.6802936194244151,0.8735498839909026,False,2,6.8,0.5678560840696262,"[[12.600000000000001, 22.200000000000003, 5.0], [18.6, 25.400000000000002, 5.0]]","[1.117460969735426, 0.6345570103746061]",,uniform
sample_0626,3,shallow,uniform,ellipsoid+sphere,3,3,3,0,0,0,0,1.0,1.0,0.3117786375241733,,SSQ-FMT,0.5015924323812798,0.3632358003446724,0.8101965601968517,True,3,7.224956747275378,0.7001642778770407,"[[11.200000000000001, 32.0, 6.800000000000001], [6.0, 27.0, 6.4], [18.6, 24.0, 8.4]]","[1.2810346143212756, 0.8969346756717493, 0.9652531240987092]",,uniform
sample_0633,2,medium,uniform,irregular+sphere,2,2,2,0,0,0,0,1.0,1.0,0.5329982675668241,,SSQ-FMT,0.730434782608985,0.6131939437642155,0.9031059198303608,True,2,19.787875075409186,0.46638039182734387,"[[19.6, 35.2, 4.2], [8.0, 19.200000000000003, 5.2]]","[1.524385839442918, 0.7109436650954426]",,uniform
sample_0646,3,deep,uniform,ellipsoid+irregular,3,2,2,1,0,0,0,0.6666666666666666,1.0,0.769117191652025,,SSQ-FMT,0.8454703587044119,0.8089240734078725,0.885475135401393,False,3,8.602325267042625,0.5350178805983417,"[[22.6, 35.4, 7.4], [9.200000000000001, 30.8, 13.8], [26.400000000000002, 28.8, 11.4]]","[0.935491412018155, 1.748523639942539, 1.559381396631955]",,uniform
sample_0647,3,deep,uniform,ellipsoid+irregular+sphere,3,2,2,1,0,0,0,0.6666666666666666,1.0,0.7694858499586847,,SSQ-FMT,0.8446249033256594,0.891437433678972,0.8024836505255327,False,3,6.016643582596529,0.8802884699363134,"[[22.200000000000003, 22.8, 8.4], [14.8, 29.6, 6.4], [21.8, 28.8, 8.200000000000001]]","[1.4324841571949083, 1.3508713617240162, 1.2609992869451152]",,uniform
sample_0652,3,medium,uniform,ellipsoid+irregular+sphere,3,2,2,1,0,1,0,0.6666666666666666,1.0,0.5499311781908877,,SSQ-FMT,0.6688382988069436,0.733836639627553,0.614417322305417,False,3,5.095095681142798,0.49622137134572175,"[[27.200000000000003, 31.6, 12.600000000000001], [10.600000000000001, 27.0, 11.4], [14.8, 25.400000000000002, 9.0]]","[1.5982158403952211, 0.7930688560273718, 1.147439606772461]",,uniform
sample_0661,1,medium,uniform,irregular,1,1,1,0,0,0,0,1.0,1.0,0.8063467995234485,,SSQ-FMT,0.8927929008275016,0.8412429378532866,0.9510730710271448,True,1,,1.0,"[[25.8, 31.200000000000003, 14.4]]",[1.4036523072098757],,uniform
sample_0666,1,deep,uniform,ellipsoid,1,1,1,0,0,0,0,1.0,1.0,0.6072745558162923,,SSQ-FMT,0.7555277430123534,0.6444839857657572,0.9128024193550583,True,1,,1.0,"[[17.400000000000002, 21.8, 6.2]]",[1.2040445337674472],,uniform
sample_0674,3,shallow,uniform,ellipsoid+irregular,3,3,3,0,0,0,0,1.0,1.0,0.5185013633817529,,SSQ-FMT,0.8649062725307025,0.8819961400607647,0.8484660949519508,True,3,6.273754856543249,0.5425071374506174,"[[21.400000000000002, 34.0, 11.0], [8.4, 30.0, 5.2], [6.4, 28.0, 10.8]]","[1.467527607263417, 0.9443736138800551, 1.7407579526380301]",,uniform
sample_0676,3,medium,uniform,irregular+sphere,2,1,1,1,0,1,0,0.5,1.0,0.5426954732510288,,SSQ-FMT,0.7789734311019051,0.9745055992375808,0.6487944162439333,False,3,3.969886648255841,0.37425660214784573,"[[26.6, 30.6, 7.800000000000001], [26.8, 32.800000000000004, 12.600000000000001], [24.400000000000002, 33.800000000000004, 9.600000000000001]]","[0.6186855223065352, 1.1362500714036514, 1.6531051656962639]",,uniform
sample_0681,3,medium,uniform,ellipsoid+irregular+sphere,3,2,2,1,0,0,0,0.6666666666666666,1.0,0.6997586833000375,,SSQ-FMT,0.8159262467516966,0.832565187196267,0.7999393387929633,False,3,7.932212806020775,0.4258952425413514,"[[19.0, 29.0, 11.8], [29.6, 28.8, 9.200000000000001], [23.6, 33.4, 6.800000000000001]]","[0.6531047831305085, 0.7076898115664684, 1.5334869185985252]",,uniform
sample_0712,2,shallow,uniform,irregular+sphere,2,2,2,0,0,0,0,1.0,1.0,0.5488632181104631,,SSQ-FMT,0.7030965391623974,0.6117784451124261,0.826459319360319,True,2,5.2306787322488075,0.5440330798483055,"[[21.6, 32.800000000000004, 7.2], [21.200000000000003, 35.6, 11.600000000000001]]","[0.8381645075978714, 1.5406498954651426]",,uniform
sample_0751,3,shallow,uniform,irregular+sphere,3,3,3,0,0,0,0,1.0,1.0,0.7025100264888731,,SSQ-FMT,0.842734029456057,0.9420459758397768,0.7623643938457442,True,3,11.513470371699405,0.7600561661062886,"[[11.4, 34.6, 10.4], [25.8, 34.2, 6.800000000000001], [25.0, 22.8, 8.200000000000001]]","[0.8917650674336657, 0.8407833506348595, 1.1062121302720698]",,uniform
sample_0761,1,deep,uniform,sphere,1,1,1,0,0,0,0,1.0,1.0,0.8203033838973163,,SSQ-FMT,0.9012820512821303,0.8459687123949369,0.964334705075507,True,1,,1.0,"[[13.0, 28.0, 7.6000000000000005]]",[1.4544811746640263],,uniform
sample_0777,2,medium,uniform,ellipsoid+irregular,2,2,2,0,0,0,0,1.0,1.0,0.7850100825654367,,SSQ-FMT,0.8869154129940383,0.9673284502698692,0.8188456047318707,True,2,18.24280680158621,0.9804225349188295,"[[29.6, 28.6, 10.200000000000001], [12.0, 33.4, 10.200000000000001]]","[0.7558336653382585, 0.7410363581479256]",,uniform
sample_0778,1,deep,uniform,ellipsoid,1,1,1,0,0,0,0,1.0,1.0,0.6043923692887423,,SSQ-FMT,0.7534221439319779,1.0,0.6043923692889753,True,1,,1.0,"[[25.6, 25.0, 9.8]]",[0.9667427477953602],,uniform
sample_0791,1,medium,uniform,sphere,1,1,1,0,0,0,0,1.0,1.0,0.8445195557701594,,SSQ-FMT,0.915706806282796,0.8658415841586372,0.9716666666667192,True,1,,1.0,"[[29.400000000000002, 33.2, 7.0]]",[1.2303316900155439],,uniform
sample_0796,1,deep,uniform,ellipsoid,1,1,1,0,0,0,0,1.0,1.0,0.8723049281314168,,SSQ-FMT,0.9317979299472672,0.9518274751436048,0.9125939849625234,True,1,,1.0,"[[26.400000000000002, 30.400000000000002, 11.600000000000001]]",[1.2987087946238862],,uniform
sample_0807,1,medium,uniform,ellipsoid,1,1,1,0,0,0,0,1.0,1.0,0.7822354300808981,,SSQ-FMT,0.8778138026865421,0.8244301374633297,0.938589540412166,True,1,,1.0,"[[15.4, 26.8, 10.600000000000001]]",[1.477919646194513],,uniform
sample_0817,1,shallow,uniform,sphere,1,1,1,0,0,0,0,1.0,1.0,0.7064985036340317,,SSQ-FMT,0.8280095202307053,0.7099892588620623,0.993088942307713,True,1,,1.0,"[[14.4, 29.200000000000003, 12.200000000000001]]",[1.5949407857857603],,uniform
sample_0823,1,deep,uniform,irregular,1,1,1,0,0,0,0,1.0,1.0,0.4174582479667225,,SSQ-FMT,0.5890236958523108,0.9876615746181144,0.4196467577860452,True,1,,1.0,"[[17.6, 21.0, 10.600000000000001]]",[1.542609753605651],,uniform
sample_0858,3,deep,uniform,ellipsoid+irregular,3,3,3,0,0,0,0,1.0,1.0,0.6503256024313006,,SSQ-FMT,0.7757074243389342,0.946079469263924,0.6573333987154135,True,3,10.697663296253069,0.5182959251211388,"[[13.4, 24.200000000000003, 9.8], [26.400000000000002, 35.4, 10.200000000000001], [23.400000000000002, 24.200000000000003, 6.0]]","[1.3497783796590217, 0.7085422341395766, 0.6995846339938843]",,uniform
sample_0860,3,deep,uniform,ellipsoid+sphere,3,2,2,1,0,0,0,0.6666666666666666,1.0,0.7642778281166559,,SSQ-FMT,0.7726483585859483,0.9465390564579016,0.6527333333335649,False,3,7.6837490849194205,0.583160485068355,"[[28.8, 25.200000000000003, 6.800000000000001], [13.200000000000001, 25.8, 4.0], [12.0, 28.200000000000003, 11.200000000000001]]","[1.7730251444010348, 1.277099432899991, 1.0339582032472976]",,uniform
sample_0867,3,medium,uniform,ellipsoid+irregular,3,2,2,1,0,0,0,0.6666666666666666,1.0,0.6292749061484781,,SSQ-FMT,0.6515234847652482,0.9094119453401586,0.507584197446436,False,3,6.893475175845635,0.7780838606981993,"[[31.200000000000003, 33.4, 6.4], [13.4, 21.400000000000002, 7.6000000000000005], [24.400000000000002, 34.2, 5.6000000000000005]]","[1.0419523424969663, 0.9235560415081601, 1.186962084883015]",,uniform
sample_0870,3,shallow,uniform,ellipsoid+sphere,3,2,2,1,0,1,0,0.6666666666666666,1.0,0.466781204244704,,SSQ-FMT,0.5322898116039309,0.5655247958578316,0.5027443342780605,False,3,5.858327406350721,0.734872152369636,"[[8.4, 26.400000000000002, 5.800000000000001], [21.200000000000003, 32.0, 5.0], [27.0, 31.8, 5.800000000000001]]","[0.8836205121635925, 0.6493481076516193, 0.8030625395100867]",,uniform
sample_0875,3,shallow,uniform,sphere,3,3,3,0,0,0,0,1.0,1.0,0.6713965341810885,,SSQ-FMT,0.7743372688796089,0.6359312111236407,0.9897494305239326,True,3,8.170679286326202,0.6128474432574942,"[[27.8, 35.0, 10.200000000000001], [12.8, 27.6, 11.0], [11.4, 34.800000000000004, 14.600000000000001]]","[1.6424426116046171, 1.086236963114267, 1.0065667552190511]",,uniform
sample_0881,3,deep,uniform,ellipsoid+irregular,1,2,1,0,1,0,1,1.0,0.5,0.4213777611381505,,SSQ-FMT,0.7134787857882646,0.8204581515272608,0.6311794324078307,False,3,5.067543783727972,0.5214971605387212,"[[18.400000000000002, 26.400000000000002, 8.200000000000001], [13.4, 26.200000000000003, 9.0], [7.0, 26.8, 9.4]]","[0.6417652859255485, 1.23062086332855, 1.0014330933211562]",,uniform
sample_0895,2,deep,uniform,sphere,2,2,2,0,0,0,0,1.0,1.0,0.5416847556832884,,SSQ-FMT,0.7011385199242562,0.9998496692723996,0.5398538961042696,True,2,20.83266665599966,0.8431858821940668,"[[27.200000000000003, 26.0, 12.4], [6.6000000000000005, 25.200000000000003, 9.4]]","[1.4882628983832302, 1.765047221272964]",,uniform
sample_0911,2,medium,uniform,irregular+sphere,2,2,2,0,0,0,0,1.0,1.0,0.3241474038142979,,SSQ-FMT,0.4790990944239656,1.0,0.3150100658548077,True,2,16.24930767755968,0.9635631066224482,"[[13.600000000000001, 30.200000000000003, 9.600000000000001], [29.400000000000002, 31.400000000000002, 6.0]]","[0.7864767847524651, 0.7578200140025197]",,uniform
sample_0913,2,shallow,uniform,ellipsoid,2,2,2,0,0,0,0,1.0,1.0,0.4749674138887813,,SSQ-FMT,0.6557690774263171,0.4878396013768087,1.0,True,2,18.089776118017603,0.4596035070760091,"[[15.8, 21.6, 8.4], [26.8, 35.6, 5.2]]","[1.60760238749581, 0.7388596952768397]",,uniform
sample_0914,1,deep,uniform,ellipsoid,1,1,1,0,0,0,0,1.0,1.0,0.316372624222279,,SSQ-FMT,0.4807044807048169,0.3163995908631806,1.0,True,1,,1.0,"[[16.0, 34.4, 8.6]]",[0.6772886503757445],,uniform
sample_0920,1,medium,uniform,sphere,1,1,1,0,0,0,0,1.0,1.0,0.5756891634980988,,SSQ-FMT,0.7307141241235724,0.5893443620002562,0.9613095238096006,True,1,,1.0,"[[17.6, 22.0, 10.0]]",[0.8429185829601086],,uniform
sample_0932,1,medium,uniform,irregular,1,1,1,0,0,0,0,1.0,1.0,0.232434683043614,,SSQ-FMT,0.3771959459464719,0.2324346830444129,1.0,True,1,,1.0,"[[11.4, 22.0, 6.4]]",[1.1462573523403923],,uniform
sample_0942,2,deep,uniform,irregular+sphere,2,2,2,0,0,0,0,1.0,1.0,0.5245195675346429,,SSQ-FMT,0.7386274680353669,1.0,0.585574403531119,True,2,17.76063061943466,0.6373712577526622,"[[11.4, 31.0, 15.4], [26.0, 35.2, 6.2]]","[1.1964464781376187, 0.7625805966043171]",,uniform
sample_0953,1,medium,uniform,ellipsoid,1,1,1,0,0,0,0,1.0,1.0,0.8205867069771836,,SSQ-FMT,0.9014998183611236,0.8344221346912122,0.9803047404063316,True,1,,1.0,"[[16.8, 25.8, 4.2]]",[1.0908375853517647],,uniform
sample_0960,1,medium,uniform,ellipsoid,1,1,1,0,0,0,0,1.0,1.0,0.896780303030303,,SSQ-FMT,0.9455816275587072,0.9530358939953824,0.9382430647292962,True,1,,1.0,"[[6.0, 29.8, 8.8]]",[1.4997221838954973],,uniform
sample_0974,2,medium,uniform,ellipsoid+sphere,2,2,2,0,0,0,0,1.0,1.0,0.6056420586756489,,SSQ-FMT,0.8090008613266483,0.7236132511561564,0.917236328125202,True,2,11.46472851837321,0.8588533575388163,"[[29.400000000000002, 32.4, 10.200000000000001], [20.200000000000003, 27.0, 6.0]]","[1.167069153311541, 1.3588689420228466]",,uniform
sample_0977,3,shallow,uniform,ellipsoid+sphere,3,2,2,1,0,0,0,0.6666666666666666,1.0,0.7020357410875961,,SSQ-FMT,0.6303853064485405,0.873519973442654,0.4931284357824255,False,3,8.106787279804495,0.532594836902992,"[[15.0, 21.6, 9.8], [21.200000000000003, 28.0, 8.0], [29.0, 27.8, 10.200000000000001]]","[0.8733946874617959, 1.6398857573245267, 1.2709190065273968]",,uniform
sample_0979,1,medium,uniform,sphere,1,1,1,0,0,0,0,1.0,1.0,0.7122360584731998,,SSQ-FMT,0.8319367588934135,0.7380084151476325,0.953260869565302,True,1,,1.0,"[[21.200000000000003, 28.8, 6.6000000000000005]]",[0.9124639108806094],,uniform
sample_1000,3,medium,uniform,irregular+sphere,3,2,2,1,0,0,0,0.6666666666666666,1.0,0.6780024984929506,,SSQ-FMT,0.7908607863975606,0.7836983993262597,0.7981552981555146,False,3,5.574943945906542,0.5335892542941105,"[[13.8, 31.400000000000002, 8.4], [23.0, 25.400000000000002, 6.4], [16.0, 27.400000000000002, 5.2]]","[0.7145712178136691, 1.2927253932549585, 1.339178426220335]",,uniform
sample_1002,2,deep,uniform,irregular,1,1,1,0,0,0,0,1.0,1.0,0.4604487073479962,,SSQ-FMT,0.6305578621576091,0.9877024949745918,0.4631036203362737,True,2,4.237924020083422,0.9390239201939343,"[[25.0, 35.2, 9.200000000000001], [27.400000000000002, 32.0, 7.800000000000001]]","[1.363166654384997, 1.4516846962785201]",,uniform
sample_1003,3,medium,uniform,ellipsoid+sphere,3,2,2,1,0,1,0,0.6666666666666666,1.0,0.6430922383239841,,SSQ-FMT,0.7780484423583907,0.7194974543058058,0.8469730941704696,False,3,6.876045375068432,0.5271914780273269,"[[6.6000000000000005, 32.6, 9.200000000000001], [24.400000000000002, 28.400000000000002, 12.200000000000001], [29.0, 31.0, 7.800000000000001]]","[0.942228445840742, 1.7872603885146674, 1.3835867340832535]",,uniform
sample_1015,3,medium,uniform,ellipsoid+irregular,3,2,2,1,0,1,0,0.6666666666666666,1.0,0.6244920832790076,,SSQ-FMT,0.8223303076304029,0.8511511575708003,0.7953973390867821,False,3,3.6110940170535586,0.47162250334534994,"[[6.6000000000000005, 26.6, 6.4], [20.8, 28.8, 9.4], [19.0, 31.6, 10.8]]","[1.166430793632752, 0.6166820702507989, 1.3075755840243013]",,uniform
sample_1018,1,medium,uniform,ellipsoid,1,1,1,0,0,0,0,1.0,1.0,0.751908908238446,,SSQ-FMT,0.8583881327421178,0.7984352773829325,0.9280753968255158,True,1,,1.0,"[[22.200000000000003, 35.6, 10.0]]",[1.4701907001862184],,uniform
sample_1028,2,shallow,uniform,ellipsoid+sphere,2,2,2,0,0,0,0,1.0,1.0,0.4607526556859035,,SSQ-FMT,0.7154992158914562,0.7272848034009999,0.7040895061732201,True,2,10.461357464497617,0.9245665860729793,"[[8.200000000000001, 22.6, 5.6000000000000005], [18.6, 23.400000000000002, 6.4]]","[1.605093338683937, 1.7360494775194497]",,uniform
sample_1068,3,shallow,uniform,ellipsoid+irregular+sphere,3,2,2,1,0,0,0,0.6666666666666666,1.0,0.4360539013338769,,SSQ-FMT,0.5916679833572488,0.9948636202621416,0.4210329060794385,False,3,8.901685233707155,0.4257236727131882,"[[7.800000000000001, 29.400000000000002, 11.0], [16.6, 30.0, 12.200000000000001], [28.8, 29.0, 5.0]]","[1.4606527663267703, 0.6218344602393109, 1.31408215424306]",,uniform
sample_1069,3,shallow,uniform,ellipsoid+sphere,3,3,3,0,0,0,0,1.0,1.0,0.3824857726122663,,SSQ-FMT,0.5525016044871076,0.7799574568661625,0.4277566539926427,True,3,11.15347479487895,0.7148932396706305,"[[24.400000000000002, 33.6, 14.8], [17.8, 22.400000000000002, 13.600000000000001], [16.0, 27.0, 3.6]]","[1.7345310460914067, 1.2400045188495734, 1.3225870886075557]",,uniform
sample_1072,3,medium,uniform,ellipsoid+irregular,3,2,2,1,0,1,0,0.6666666666666666,1.0,0.2862687147579233,,SSQ-FMT,0.5440317972924507,0.3919346179088516,0.8890392422193653,False,3,6.764613810115106,0.8436671568817132,"[[10.0, 31.200000000000003, 5.2], [20.200000000000003, 18.400000000000002, 13.200000000000001], [15.200000000000001, 28.8, 8.8]]","[0.9566022075763236, 1.0989848409283705, 1.1338620921454745]",,uniform
sample_1078,2,medium,uniform,irregular+sphere,2,2,2,0,0,0,0,1.0,1.0,0.6094614468133988,,SSQ-FMT,0.7659908231696279,0.9877617072924164,0.6255444529851233,True,2,8.54400374531753,0.8643636592448681,"[[26.0, 31.8, 8.200000000000001], [25.0, 23.400000000000002, 7.0]]","[1.1585976559323465, 1.3404053300257086]",,uniform
sample_1081,2,shallow,uniform,ellipsoid+sphere,1,2,1,0,1,0,1,1.0,0.5,0.3900575793854398,,SSQ-FMT,0.723182894453712,0.8476871320438624,0.6305680680682992,False,2,5.223025942880238,0.5652438711088008,"[[22.200000000000003, 30.8, 10.8], [26.400000000000002, 31.6, 13.8]]","[1.5749403462725533, 0.8902253780925332]",,uniform
sample_1085,2,medium,uniform,irregular,2,2,2,0,0,0,0,1.0,1.0,0.7866150507301092,,SSQ-FMT,0.8819432041436324,0.8710530957841647,0.8931090613131409,True,2,15.596153371905524,0.35393235505974513,"[[26.400000000000002, 32.6, 9.0], [11.200000000000001, 29.200000000000003, 9.8]]","[1.7784677389309835, 0.629457275237623]",,uniform
sample_1086,2,deep,uniform,irregular+sphere,2,2,2,0,0,0,0,1.0,1.0,0.6216033750218879,,SSQ-FMT,0.8466593647317738,0.745933278191693,0.9788350217077084,True,2,16.615655268450894,0.7228169001016791,"[[6.800000000000001, 30.6, 6.800000000000001], [18.2, 19.0, 10.200000000000001]]","[1.770535551890894, 1.2797730191375916]",,uniform
sample_1092,3,deep,uniform,ellipsoid+irregular+sphere,3,3,3,0,0,0,0,1.0,1.0,0.4858075720094357,,SSQ-FMT,0.6406148234989186,0.6392547660315084,0.6419806805329022,True,3,10.875660899458019,0.7695215405497813,"[[25.8, 23.8, 11.200000000000001], [13.0, 30.6, 5.2], [21.0, 16.8, 4.4]]","[0.739354994190476, 0.9607983080788708, 0.8543324310225366]",,uniform
sample_1093,2,deep,uniform,ellipsoid+sphere,2,2,2,0,0,0,0,1.0,1.0,0.8449277980848078,,SSQ-FMT,0.9117365625103404,0.866804692891733,0.9615812917594924,True,2,17.805617091243988,0.6360987363983946,"[[28.200000000000003, 29.200000000000003, 12.200000000000001], [11.200000000000001, 30.200000000000003, 7.0]]","[1.3569647366871247, 0.8631635543438604]",,uniform
sample_1096,2,shallow,uniform,ellipsoid+irregular,2,2,2,0,0,0,0,1.0,1.0,0.559456516734537,,SSQ-FMT,0.7113241113895685,0.9567340560602045,0.566111881646113,True,2,10.943491216243563,0.4390098666794439,"[[21.200000000000003, 28.8, 5.2], [13.8, 20.8, 6.2]]","[0.6326103513383547, 1.4409934704275655]",,uniform
sample_1112,3,medium,uniform,ellipsoid+irregular+sphere,3,2,2,1,0,0,0,0.6666666666666666,1.0,0.6928847023909337,,SSQ-FMT,0.7184685793023382,0.8100310696850753,0.6455035812188119,False,3,6.248199740725324,0.5018662836459203,"[[12.4, 25.200000000000003, 8.6], [8.0, 31.8, 10.600000000000001], [16.400000000000002, 25.200000000000003, 3.8000000000000003]]","[0.8656287439667854, 0.8184282882710069, 1.6307696192008572]",,uniform
sample_1126,1,medium,uniform,irregular,1,1,1,0,0,0,0,1.0,1.0,0.6085881989496448,,SSQ-FMT,0.7566737084696017,0.6409630714175354,0.923365362081267,True,1,,1.0,"[[23.8, 26.6, 5.800000000000001]]",[1.4147925397548518],,uniform
sample_1133,1,shallow,uniform,irregular,1,1,1,0,0,0,0,1.0,1.0,0.817676679979163,,SSQ-FMT,0.899694306457872,0.8543178519596257,0.950161420500504,True,1,,1.0,"[[6.4, 28.0, 11.4]]",[1.7365698156179596],,uniform
sample_1135,3,deep,uniform,irregular+sphere,2,2,2,0,0,0,0,1.0,1.0,0.5844361411064231,,SSQ-FMT,0.7228608774341513,0.9384735880254648,0.5878120571243934,True,3,3.8418745424597103,0.8344160538504245,"[[12.0, 29.400000000000002, 15.600000000000001], [15.8, 22.0, 6.0], [18.400000000000002, 20.0, 8.0]]","[1.2019079958883991, 1.0028913270204702, 1.0271013272180367]",,uniform
sample_1139,1,medium,uniform,irregular,1,1,1,0,0,0,0,1.0,1.0,0.3942883463841548,,SSQ-FMT,0.5655764783617727,0.3942883463848522,1.0,True,1,,1.0,"[[21.6, 28.8, 9.4]]",[1.1027310245976345],,uniform
sample_1167,2,medium,uniform,ellipsoid+sphere,2,2,2,0,0,0,0,1.0,1.0,0.7720918665340293,,SSQ-FMT,0.8927238805970705,0.8490733438487292,0.9411057692308336,True,2,11.518680479985544,0.5634975639357582,"[[17.2, 28.400000000000002, 9.4], [26.400000000000002, 33.4, 14.200000000000001]]","[1.2398542292319294, 0.6986548378076394]",,uniform
sample_1175,1,deep,uniform,irregular,1,1,1,0,0,0,0,1.0,1.0,0.7904153354632588,,SSQ-FMT,0.8828410814670449,0.9157719363200374,0.8521963824291952,True,1,,1.0,"[[7.6000000000000005, 35.4, 6.6000000000000005]]",[0.8016991298114093],,uniform
sample_1185,2,medium,uniform,ellipsoid+irregular,2,2,2,0,0,0,0,1.0,1.0,0.3481654423317712,,SSQ-FMT,0.518623457883526,0.3501235355070135,0.9997724169321808,True,2,10.64894360957931,0.5608410496496863,"[[16.400000000000002, 23.6, 5.4], [8.6, 26.6, 12.0]]","[1.7536854584893726, 0.9835387932945712]",,uniform
sample_1211,1,medium,uniform,irregular,1,1,1,0,0,0,0,1.0,1.0,0.7845476494816077,,SSQ-FMT,0.8792678074016083,0.8010440835269707,0.9744222967014032,True,1,,1.0,"[[24.8, 34.0, 13.600000000000001]]",[1.6753562844522145],,uniform
sample_1215,2,shallow,uniform,ellipsoid+sphere,2,2,2,0,0,0,0,1.0,1.0,0.4250032837195319,,SSQ-FMT,0.8664596273292349,0.934066684886626,0.8079787234043688,True,2,12.074767078498866,0.5088373692640419,"[[17.8, 23.0, 9.0], [24.200000000000003, 33.0, 6.800000000000001]]","[1.7075637540113062, 0.8688722484417446]",,uniform
sample_1230,3,deep,uniform,ellipsoid+sphere,3,3,3,0,0,0,0,1.0,1.0,0.4973316856848306,,SSQ-FMT,0.6358375582528623,0.4700537593704322,0.9822784810126862,True,3,10.667708282475669,0.4035806482835489,"[[27.0, 25.400000000000002, 8.4], [11.4, 31.8, 12.0], [6.6000000000000005, 25.8, 4.6000000000000005]]","[0.7918321389229362, 1.5152620781023884, 0.6115304518000394]",,uniform
sample_1244,1,shallow,uniform,sphere,1,1,1,0,0,0,0,1.0,1.0,0.7900594602835798,,SSQ-FMT,0.8827186781365448,0.9475223989761428,0.8262117346941547,True,1,,1.0,"[[10.600000000000001, 24.0, 7.4]]",[1.3809242989685004],,uniform
sample_1259,2,deep,uniform,irregular+sphere,2,2,2,0,0,0,0,1.0,1.0,0.5438665663078083,,SSQ-FMT,0.6933345737012451,0.5314460924133404,0.9970568561872948,True,2,15.942396306703706,0.7784204569611174,"[[19.8, 22.0, 6.800000000000001], [11.200000000000001, 35.4, 7.6000000000000005]]","[1.009748734685939, 1.2971765138700313]",,uniform
sample_1262,1,shallow,uniform,irregular,1,1,1,0,0,0,0,1.0,1.0,0.6270277895330795,,SSQ-FMT,0.7708315269229421,0.6271162528221965,1.0,True,1,,1.0,"[[15.8, 20.400000000000002, 9.0]]",[1.4004519630697825],,uniform
sample_1266,2,medium,uniform,ellipsoid+sphere,2,2,2,0,0,0,0,1.0,1.0,0.4615708220895299,,SSQ-FMT,0.6041372825580581,0.440370116519122,0.961826347305532,True,2,8.260750571225355,0.5048381155286213,"[[25.400000000000002, 32.0, 13.4], [20.0, 32.800000000000004, 7.2]]","[1.6167091789050012, 0.8161764152362255]",,uniform
sample_1276,1,deep,uniform,irregular,1,1,1,0,0,0,0,1.0,1.0,0.8350128896179986,,SSQ-FMT,0.9100893997446868,0.8575210589654452,0.9695238095238924,True,1,,1.0,"[[6.2, 22.8, 11.0]]",[1.230667272405725],,uniform
sample_1285,2,medium,uniform,irregular+sphere,2,2,2,0,0,0,0,1.0,1.0,0.4697614495444413,,SSQ-FMT,0.6421974331296376,0.4729681978803242,1.0,True,2,14.051334456200237,0.8410111329475862,"[[27.6, 33.0, 10.600000000000001], [16.8, 25.400000000000002, 5.800000000000001]]","[0.6439873384768035, 0.7657298616485]",,uniform
sample_1286,1,medium,uniform,irregular,1,1,1,0,0,0,0,1.0,1.0,0.5528572162037275,,SSQ-FMT,0.7120515787734462,1.0,0.5528572162039571,True,1,,1.0,"[[28.200000000000003, 32.0, 8.200000000000001]]",[1.1477152911044963],,uniform
sample_1288,1,shallow,uniform,irregular,1,1,1,0,0,0,0,1.0,1.0,0.4777719390436153,,SSQ-FMT,0.6467031794582497,0.4778723851577022,1.0,True,1,,1.0,"[[9.200000000000001, 27.8, 5.2]]",[0.8860317384906653],,uniform
sample_1292,1,deep,uniform,irregular,1,1,1,0,0,0,0,1.0,1.0,0.6370765623736762,,SSQ-FMT,0.7783484788622194,0.6393509127791972,0.9945727628423644,True,1,,1.0,"[[12.200000000000001, 26.6, 8.200000000000001]]",[0.777221002456576],,uniform
sample_1319,1,medium,uniform,ellipsoid,1,1,1,0,0,0,0,1.0,1.0,0.5056726094003241,,SSQ-FMT,0.6716899892359898,0.5056726094008963,1.0,True,1,,1.0,"[[18.6, 34.6, 9.200000000000001]]",[1.7261077533595919],,uniform
sample_1327,3,shallow,uniform,ellipsoid+irregular+sphere,3,3,3,0,0,0,0,1.0,1.0,0.4750147013087899,,SSQ-FMT,0.7313140987271115,0.8934282371295891,0.6189961494294272,True,3,8.430895563343197,0.6339124810108131,"[[14.4, 31.0, 4.2], [29.0, 24.6, 7.800000000000001], [10.4, 32.800000000000004, 11.4]]","[1.521793471007765, 0.9646838747925892, 1.459696350782369]",,uniform
sample_1328,1,medium,uniform,irregular,1,1,1,0,0,0,0,1.0,1.0,0.6882278658622141,,SSQ-FMT,0.8153257978724939,0.7558945908464233,0.8848998737148026,True,1,,1.0,"[[12.0, 23.200000000000003, 9.0]]",[1.597827059725827],,uniform
sample_1366,2,shallow,uniform,sphere,2,2,2,0,0,0,0,1.0,1.0,0.3902475179193655,,SSQ-FMT,0.5617960986385264,0.3906234005533927,1.0,True,2,10.488088481701517,0.8686947261481086,"[[22.6, 33.2, 10.4], [12.4, 35.2, 11.8]]","[0.759994332709831, 0.8748692835741416]",,uniform
sample_1372,2,shallow,uniform,ellipsoid+irregular,2,2,2,0,0,0,0,1.0,1.0,0.4258341731049154,,SSQ-FMT,0.7682354433594213,0.7652261814511871,0.7712684666332876,True,2,15.67801007781281,0.806728720172337,"[[6.0, 29.0, 7.0], [21.200000000000003, 26.0, 4.6000000000000005]]","[1.01110421598755, 0.8156868101244905]",,uniform
sample_1378,3,shallow,uniform,ellipsoid+irregular+sphere,3,3,3,0,0,0,0,1.0,1.0,0.3956972846315955,,SSQ-FMT,0.6593505589453097,0.7054236397093617,0.6189268142684355,True,3,7.161005515987264,0.8380373033091514,"[[19.0, 30.6, 5.0], [6.6000000000000005, 33.2, 4.800000000000001], [21.400000000000002, 32.0, 11.600000000000001]]","[0.9565794956114724, 1.141452166668756, 0.9821087853640864]",,uniform
sample_1384,2,shallow,uniform,irregular+sphere,2,1,1,1,0,1,0,0.5,1.0,0.2672703096308491,,SSQ-FMT,0.4886255018163408,0.3237492083601496,0.9957148422282904,False,2,7.28285658241325,0.5956003137356721,"[[23.8, 28.400000000000002, 8.0], [16.8, 26.400000000000002, 7.800000000000001]]","[0.7654708243205687, 1.2852089004444098]",,uniform
sample_1389,2,medium,uniform,ellipsoid+irregular,2,2,2,0,0,0,0,1.0,1.0,0.7245343473184076,,SSQ-FMT,0.8416785484637979,0.8805498683826379,0.8060940344865556,True,2,7.318469785412796,0.7133893693654707,"[[25.200000000000003, 31.400000000000002, 8.0], [18.6, 33.2, 5.4]]","[1.606845559928217, 1.1463065406648973]",,uniform
sample_1404,3,shallow,uniform,ellipsoid+irregular,3,3,3,0,0,0,0,1.0,1.0,0.644698474618355,,SSQ-FMT,0.7724398670230844,0.8922520894511767,0.6809953450952928,True,3,6.770524351924305,0.8538942715839237,"[[24.200000000000003, 30.200000000000003, 10.600000000000001], [8.0, 31.8, 10.8], [20.400000000000002, 35.800000000000004, 10.4]]","[1.154666689371325, 1.3404067503673502, 1.3522361348431184]",,uniform
sample_1429,2,shallow,uniform,irregular,2,2,2,0,0,0,0,1.0,1.0,0.592017931907385,,SSQ-FMT,0.7659676109493307,0.7059704121172015,0.837109742090595,True,2,15.02797391533536,0.9463119907101398,"[[14.200000000000001, 24.6, 5.800000000000001], [27.6, 31.400000000000002, 5.6000000000000005]]","[1.5433148980082683, 1.4604573934268208]",,uniform
sample_1432,2,medium,uniform,sphere,2,1,1,1,0,0,0,0.5,1.0,0.8699505358615004,,SSQ-FMT,0.8770909090910368,0.906377496242417,0.8496376811597229,False,2,4.054626986542656,0.8730211389899424,"[[11.4, 35.0, 6.6000000000000005], [10.0, 31.200000000000003, 6.800000000000001]]","[1.0049153915870448, 0.8773123797518458]",,uniform
sample_1438,1,deep,uniform,irregular,1,1,1,0,0,0,0,1.0,1.0,0.5146641438032167,,SSQ-FMT,0.6795752654600887,0.8954732510296669,0.5475591343757042,True,1,,1.0,"[[16.2, 22.8, 15.200000000000001]]",[1.7946110254679417],,uniform
sample_1455,2,shallow,uniform,ellipsoid,2,1,1,1,0,1,0,0.5,1.0,0.5265743073047859,,SSQ-FMT,0.7426735021808315,0.6643394934978342,0.8419500346982635,False,2,5.6178287620752565,0.6019996244972017,"[[14.8, 28.6, 4.2], [9.8, 30.200000000000003, 6.2]]","[1.01942864898382, 1.693404127677423]",,uniform
sample_1470,3,medium,uniform,ellipsoid+irregular,2,2,1,1,1,0,1,0.5,0.5,0.3328552075862618,,SSQ-FMT,0.7205480764624825,0.9278223318939371,0.5889724310778552,False,3,4.014971979976947,0.39537838654862534,"[[14.4, 33.6, 10.4], [19.8, 32.0, 11.200000000000001], [19.200000000000003, 35.0, 8.6]]","[0.7050032900132693, 0.9384669844456643, 1.7831103418865437]",,uniform
sample_1482,3,medium,uniform,irregular+sphere,3,3,3,0,0,0,0,1.0,1.0,0.5165842813200381,,SSQ-FMT,0.7244854100006092,0.6916833850084882,0.7605534944352145,True,3,6.749814812274484,0.9018626267284662,"[[21.6, 25.400000000000002, 10.600000000000001], [10.4, 27.400000000000002, 6.0], [6.6000000000000005, 32.800000000000004, 4.6000000000000005]]","[1.3100074285699266, 1.4525576176961872, 1.4429474903555959]",,uniform
sample_1486,2,medium,uniform,ellipsoid+irregular,2,2,2,0,0,0,0,1.0,1.0,0.8214142177893247,,SSQ-FMT,0.914133983996586,0.9613584905660668,0.871331828442526,True,2,14.770240350109408,0.6794761724265708,"[[23.200000000000003, 30.8, 11.200000000000001], [8.6, 33.0, 11.600000000000001]]","[0.9833266361164453, 0.6681470189534976]",,uniform
sample_1513,3,shallow,uniform,ellipsoid+sphere,3,2,2,1,0,1,0,0.6666666666666666,1.0,0.4025216211049257,,SSQ-FMT,0.6401307130215403,0.7051294870515896,0.5861037234045993,False,3,4.770744176750624,0.5489695699684328,"[[14.200000000000001, 33.4, 7.2], [29.400000000000002, 35.6, 8.8], [12.8, 29.8, 4.4]]","[1.6867576138159146, 0.9259786018975025, 1.2958762607269034]",,uniform
sample_1516,3,deep,uniform,ellipsoid+sphere,3,2,2,1,0,0,0,0.6666666666666666,1.0,0.5910882345992621,,SSQ-FMT,0.7029716528964701,0.9009009009010168,0.5763473053895386,False,3,5.692099788303083,0.8266027235686912,"[[20.200000000000003, 33.800000000000004, 6.4], [11.200000000000001, 21.400000000000002, 6.4], [10.600000000000001, 26.200000000000003, 9.4]]","[1.3518120509593312, 1.4665929828535313, 1.6353830109864074]",,uniform
sample_1529,2,medium,uniform,ellipsoid,2,1,1,1,0,1,0,0.5,1.0,0.5112247797669792,,SSQ-FMT,0.7897314642797535,0.7576641389592601,0.8246331828443675,False,2,6.2545983084447565,0.6960720211155319,"[[12.4, 32.2, 8.200000000000001], [18.0, 33.2, 5.6000000000000005]]","[0.9726089995296625, 1.3972821346431217]",,uniform
sample_1566,3,medium,uniform,irregular+sphere,3,2,2,1,0,1,0,0.6666666666666666,1.0,0.4060552480632172,,SSQ-FMT,0.4247787610623157,0.3469516027662403,0.5476190476197956,False,3,5.418486873657627,0.36357357879154334,"[[16.8, 26.400000000000002, 5.6000000000000005], [12.200000000000001, 25.8, 8.4], [25.0, 10.8, 7.0]]","[1.6541504445372133, 1.6451886458924898, 0.6014053969800169]",,uniform
sample_1572,2,medium,uniform,irregular+sphere,2,2,2,0,0,0,0,1.0,1.0,0.4615143830594458,,SSQ-FMT,0.7028679752952346,0.9007836990597168,0.5762558909058695,True,2,23.03736095997109,0.47547708696522695,"[[25.0, 31.400000000000002, 8.4], [9.0, 15.0, 6.0]]","[0.6183019815147583, 1.300382286475934]",,uniform
sample_1599,3,medium,uniform,irregular+sphere,3,3,3,0,0,0,0,1.0,1.0,0.3227082271091411,,SSQ-FMT,0.6071906001550643,0.5397123202007008,0.6939530395630525,True,3,7.655063683601854,0.799283518665475,"[[20.6, 4.4, 14.8], [30.0, 30.6, 6.2], [28.200000000000003, 26.200000000000003, 12.200000000000001]]","[1.0717089474650674, 1.3408370402212821, 1.2859165362571743]",,uniform
sample_1620,2,medium,uniform,ellipsoid+irregular,2,2,2,0,0,0,0,1.0,1.0,0.440337949338131,,SSQ-FMT,0.6164908351508125,0.9476354412032114,0.4568483577922284,True,2,6.199999999999999,0.5396368866411655,"[[22.200000000000003, 29.0, 7.0], [21.0, 34.4, 4.2]]","[0.7518963971141117, 1.3933376604295942]",,uniform
sample_1634,1,medium,uniform,irregular,1,1,1,0,0,0,0,1.0,1.0,0.5472009605282906,,SSQ-FMT,0.7073430982639369,0.5472009605289702,1.0,True,1,,1.0,"[[13.600000000000001, 33.4, 4.2]]",[0.6014177869915914],,uniform
sample_1635,3,medium,uniform,ellipsoid+irregular,3,2,2,1,0,1,0,0.6666666666666666,1.0,0.5966066029585156,,SSQ-FMT,0.7224104549855632,0.6613859192379874,0.7958408318337694,False,3,4.48998886412873,0.896254756552243,"[[24.8, 34.2, 8.0], [21.6, 21.400000000000002, 9.8], [21.200000000000003, 23.400000000000002, 5.800000000000001]]","[1.0801156131732725, 1.1250482050721766, 1.205143521166141]",,uniform
sample_1642,2,medium,uniform,ellipsoid+irregular,2,2,2,0,0,0,0,1.0,1.0,0.4826728498901265,,SSQ-FMT,0.839706190975933,0.9097771714416464,0.7796570537803744,True,2,8.78179936004006,0.8561007961763093,"[[10.200000000000001, 32.800000000000004, 9.8], [16.2, 26.400000000000002, 9.4]]","[1.193110305034192, 1.3936563432286277]",,uniform
sample_1643,3,shallow,uniform,ellipsoid+sphere,3,2,2,1,0,0,0,0.6666666666666666,1.0,0.7049770185513549,,SSQ-FMT,0.813613368082228,0.7905618780910502,0.8380495199596778,False,3,4.242640687119284,0.7941970825011716,"[[6.2, 30.400000000000002, 7.6000000000000005], [16.8, 26.6, 9.600000000000001], [16.8, 30.8, 10.200000000000001]]","[1.3789646875303727, 1.3960809804115633, 1.7363003691572216]",,uniform
sample_1683,1,medium,uniform,ellipsoid,1,1,1,0,0,0,0,1.0,1.0,0.6864452912357104,,SSQ-FMT,0.8140735958685021,0.6990022172954564,0.9744976816074844,True,1,,1.0,"[[25.0, 33.4, 4.6000000000000005]]",[1.032951057111811],,uniform
sample_1686,2,deep,uniform,ellipsoid,2,2,2,0,0,0,0,1.0,1.0,0.7019673245004479,,SSQ-FMT,0.8256194914863986,0.8662728769246961,0.7886107193231765,True,2,15.327100182356743,0.9228164543355118,"[[7.800000000000001, 27.400000000000002, 7.2], [21.400000000000002, 33.800000000000004, 4.2]]","[1.5326039332747616, 1.660789560128007]",,uniform
sample_1688,3,deep,uniform,ellipsoid+irregular+sphere,3,3,3,0,0,0,0,1.0,1.0,0.4900374629575872,,SSQ-FMT,0.5941575629243014,0.9271553018925696,0.4371503434604935,True,3,10.295630140987,0.5776672536843172,"[[6.800000000000001, 26.6, 6.2], [14.0, 31.6, 11.600000000000001], [31.0, 31.0, 6.4]]","[0.602292188297032, 1.042628233564667, 0.662862872981692]",,uniform
sample_1697,2,shallow,uniform,ellipsoid+sphere,2,2,2,0,0,0,0,1.0,1.0,0.4663321285658964,,SSQ-FMT,0.6319079603646792,0.4786901763229433,0.929381846635506,True,2,12.655433615645101,0.8901387732095972,"[[15.8, 20.8, 8.200000000000001], [26.200000000000003, 28.0, 8.6]]","[0.761395480685521, 0.8553671670094056]",,uniform
sample_1717,3,medium,uniform,ellipsoid+irregular,3,2,2,1,0,0,0,0.6666666666666666,1.0,0.6457465270194681,,SSQ-FMT,0.7505705086124135,0.8546917271822194,0.669063144401901,False,3,11.953242237987148,0.45198792791491155,"[[28.8, 23.8, 6.2], [10.600000000000001, 34.6, 6.6000000000000005], [20.8, 15.0, 5.0]]","[1.4746636239480428, 0.6665301557597703, 1.0822464492461146]",,uniform
sample_1718,3,medium,uniform,ellipsoid+irregular,3,3,3,0,0,0,0,1.0,1.0,0.5700280254544432,,SSQ-FMT,0.6830859267840147,0.7541391842779956,0.6242687614911002,True,3,6.805879810869421,0.6669860748031634,"[[29.0, 31.8, 10.600000000000001], [8.200000000000001, 24.400000000000002, 10.4], [13.4, 26.6, 6.6000000000000005]]","[1.218692713464038, 1.4732807772943888, 0.982657762730538]",,uniform
sample_1729,2,deep,uniform,ellipsoid,2,2,2,0,0,0,0,1.0,1.0,0.7082979035289465,,SSQ-FMT,0.8125925348711817,0.8015372790164466,0.8239570164351707,True,2,17.62498226949463,0.5207596662815704,"[[9.4, 34.4, 6.800000000000001], [25.200000000000003, 26.6, 6.4]]","[1.3729027946325287, 0.7149524011698711]",,uniform
sample_1731,2,shallow,uniform,sphere,2,2,2,0,0,0,0,1.0,1.0,0.4977676530457925,,SSQ-FMT,0.6397989949752363,0.6678556441467313,0.6140046296303742,True,2,8.027452896155792,0.69130054445513,"[[19.6, 30.400000000000002, 12.8], [17.8, 22.6, 13.4]]","[1.4825683146009276, 1.0249002830755458]",,uniform
sample_1734,2,deep,uniform,ellipsoid+irregular,2,2,2,0,0,0,0,1.0,1.0,0.4651188695694793,,SSQ-FMT,0.7218463987267323,0.6011798236895333,0.903116598626005,True,2,7.531268153505093,0.8343735085691213,"[[21.0, 32.800000000000004, 3.8000000000000003], [22.400000000000002, 30.400000000000002, 10.8]]","[0.8745086006510592, 0.7296668093990968]",,uniform
sample_1741,3,deep,uniform,irregular,3,3,3,0,0,0,0,1.0,1.0,0.6018168464153565,,SSQ-FMT,0.7357682804511742,0.8919335705813215,0.626139817629335,True,3,6.624198064671676,0.5622079859326863,"[[17.0, 24.400000000000002, 10.200000000000001], [29.6, 35.0, 7.4], [17.400000000000002, 31.0, 10.600000000000001]]","[1.5082777616550225, 0.8479658026071304, 0.9678324023151414]",,uniform
sample_1760,3,shallow,uniform,ellipsoid+irregular,3,3,3,0,0,0,0,1.0,1.0,0.4961612365005011,,SSQ-FMT,0.6983085846164107,0.986021782008416,0.5405735778093368,True,3,11.023611023616537,0.7831997127421805,"[[25.400000000000002, 26.400000000000002, 7.6000000000000005], [18.400000000000002, 34.800000000000004, 9.0], [9.4, 26.200000000000003, 5.800000000000001]]","[1.5426168065573536, 1.3474983254573587, 1.7205041109366932]",,uniform
sample_1765,1,medium,uniform,ellipsoid,1,1,1,0,0,0,0,1.0,1.0,0.596452496954933,,SSQ-FMT,0.7472223546803933,1.0,0.5964524969552402,True,1,,1.0,"[[18.400000000000002, 25.6, 13.200000000000001]]",[0.7871770905043158],,uniform
sample_1787,2,deep,uniform,sphere,2,2,2,0,0,0,0,1.0,1.0,0.4613666820307965,,SSQ-FMT,0.8578425915619972,0.942745289943864,0.7869689542488011,True,2,24.358981916328116,0.8121512189182276,"[[21.200000000000003, 7.2, 4.800000000000001], [6.6000000000000005, 26.400000000000002, 8.200000000000001]]","[0.7033162733467372, 0.8659917721770376]",,uniform
sample_1809,1,medium,uniform,ellipsoid,1,1,1,0,0,0,0,1.0,1.0,0.7588399898244721,,SSQ-FMT,0.8628868961528328,0.9530351437700432,0.7883192389009139,True,1,,1.0,"[[20.0, 19.6, 9.600000000000001]]",[1.4780278447684223],,uniform
sample_1811,2,shallow,uniform,sphere,2,2,2,0,0,0,0,1.0,1.0,0.5381078662743224,,SSQ-FMT,0.6946306582393573,0.5763322385850446,0.874035989717426,True,2,12.671227249165726,0.8624015812725802,"[[25.400000000000002, 32.6, 4.6000000000000005], [18.6, 22.0, 6.0]]","[1.7865028414124633, 1.5406828753820658]",,uniform
sample_1812,1,shallow,uniform,ellipsoid,1,1,1,0,0,0,0,1.0,1.0,0.5466325263811297,,SSQ-FMT,0.7067382469521315,1.0,0.5464773432654046,True,1,,1.0,"[[23.8, 24.0, 9.200000000000001]]",[1.1777911011485207],,uniform
sample_1815,3,medium,uniform,ellipsoid+irregular+sphere,3,2,2,1,0,1,0,0.6666666666666666,1.0,0.1989163420780389,,SSQ-FMT,0.3635838388843367,0.2226096624220625,0.991447220346632,False,3,6.131883886702357,0.8790388477208405,"[[17.8, 35.6, 9.0], [18.6, 19.0, 9.600000000000001], [11.8, 34.4, 9.4]]","[1.435930504548855, 1.5035710909714557, 1.6335233741624906]",,uniform
sample_1826,2,shallow,uniform,sphere,2,2,2,0,0,0,0,1.0,1.0,0.7070419970869073,,SSQ-FMT,0.8067408156388226,0.9696969696970188,0.690674053555297,True,2,14.05560386465128,0.3831943711865958,"[[15.200000000000001, 29.0, 8.200000000000001], [28.6, 32.0, 5.2]]","[0.6184797090265906, 1.6140104227298866]",,uniform
sample_1837,2,shallow,uniform,irregular+sphere,2,2,2,0,0,0,0,1.0,1.0,0.7445108571125261,,SSQ-FMT,0.8899109217661261,0.8707721459025384,0.9099099099099992,True,2,20.631044568804555,0.48347632700912585,"[[28.400000000000002, 27.400000000000002, 7.4], [8.4, 26.6, 12.4]]","[1.5825776531738274, 0.7651388309632043]",,uniform
sample_1839,1,deep,uniform,irregular,1,1,1,0,0,0,0,1.0,1.0,0.8256501841723407,,SSQ-FMT,0.9044998777207724,0.8810147689377309,0.9292713567840084,True,1,,1.0,"[[6.4, 26.6, 8.200000000000001]]",[1.586155194203797],,uniform
sample_1843,1,medium,uniform,ellipsoid,1,1,1,0,0,0,0,1.0,1.0,0.7862534125582142,,SSQ-FMT,0.8803380382991276,0.8566929133860776,0.9053254437871572,True,1,,1.0,"[[20.8, 30.6, 4.800000000000001]]",[1.7749462630664552],,uniform
sample_1858,3,medium,uniform,ellipsoid+irregular,3,3,3,0,0,0,0,1.0,1.0,0.7029679433178803,,SSQ-FMT,0.8391677085194144,0.7996766232661903,0.8827618600282373,True,3,7.194442299441978,0.6344538156634492,"[[27.200000000000003, 28.0, 6.4], [20.400000000000002, 29.6, 11.4], [25.8, 34.0, 13.200000000000001]]","[0.7484512751223317, 0.8532956845164261, 1.1796781052371403]",,uniform
sample_1863,2,shallow,uniform,ellipsoid+sphere,2,2,2,0,0,0,0,1.0,1.0,0.5786024569640905,,SSQ-FMT,0.6938194753226378,0.5594435680488177,0.9131554307118138,True,2,11.016351483136331,0.5217782047181909,"[[22.6, 29.6, 3.6], [15.200000000000001, 23.0, 8.4]]","[0.8663435665337733, 1.6603674869893807]",,uniform
sample_1865,2,deep,uniform,ellipsoid+sphere,2,2,2,0,0,0,0,1.0,1.0,0.838251241423055,,SSQ-FMT,0.9138609532138516,0.8763436761455544,0.9547342192691406,True,2,14.601369798755183,0.6539346467752807,"[[13.0, 34.4, 10.200000000000001], [26.8, 30.400000000000002, 7.6000000000000005]]","[0.9955064435263994, 0.6509961545099519]",,uniform
sample_1869,3,deep,uniform,ellipsoid+irregular+sphere,2,1,1,1,0,1,0,0.5,1.0,0.5324165029469549,,SSQ-FMT,0.784237826120672,0.7095825161110911,0.8764492126666226,False,3,3.2124756808418033,0.8561473285375342,"[[22.6, 24.0, 10.8], [22.8, 26.0, 4.4], [25.200000000000003, 23.0, 9.200000000000001]]","[1.2653667317544226, 1.0833403470118195, 1.2191178963587306]",,uniform
sample_1881,2,deep,uniform,ellipsoid+sphere,2,2,2,0,0,0,0,1.0,1.0,0.2854850678143628,,SSQ-FMT,0.4704310056803621,0.3075578855402932,1.0,True,2,14.328991590478376,0.8418388597940771,"[[25.6, 12.4, 7.4], [24.6, 26.0, 11.8]]","[0.9263453015044815, 0.7798334723941333]",,uniform
sample_1885,3,shallow,uniform,ellipsoid+sphere,3,4,3,0,1,0,0,1.0,0.75,0.3459844985645318,,SSQ-FMT,0.4577610734485027,0.9770580296896432,0.2988990825691289,False,3,6.289674077406554,0.622173536031906,"[[10.200000000000001, 30.200000000000003, 15.200000000000001], [25.0, 31.6, 6.4], [13.0, 29.6, 9.600000000000001]]","[0.8548102284093998, 1.3739096552727115, 1.0958587549634293]",,uniform
sample_1893,1,medium,uniform,irregular,1,1,1,0,0,0,0,1.0,1.0,0.658939191649472,,SSQ-FMT,0.7944103014341569,0.6598201263980799,0.9979779411764744,True,1,,1.0,"[[15.200000000000001, 29.8, 9.200000000000001]]",[1.585495280331956],,uniform
sample_1894,1,medium,uniform,ellipsoid,1,1,1,0,0,0,0,1.0,1.0,0.3886397608370702,,SSQ-FMT,0.5597918722530189,0.3886881774020322,1.0,True,1,,1.0,"[[22.200000000000003, 24.0, 5.800000000000001]]",[1.6732339554886937],,uniform
sample_1904,1,deep,uniform,sphere,1,1,1,0,0,0,0,1.0,1.0,0.7903651903651904,,SSQ-FMT,0.8829094696641933,0.8940059764459588,0.8720850480111932,True,1,,1.0,"[[18.2, 25.8, 4.800000000000001]]",[0.9033663754969741],,uniform
sample_1927,3,medium,uniform,irregular+sphere,3,2,2,1,0,1,0,0.6666666666666666,1.0,0.3198684015237718,,SSQ-FMT,0.449372528795227,0.2943693693698991,0.9491648511257584,False,3,4.166533331199932,0.4581275322371762,"[[10.4, 34.800000000000004, 8.200000000000001], [14.4, 35.800000000000004, 8.8], [21.200000000000003, 22.0, 6.800000000000001]]","[1.476998009572352, 1.2903902592137755, 0.6766534532446028]",,uniform
sample_1944,2,medium,uniform,irregular+sphere,2,2,2,0,0,0,0,1.0,1.0,0.5830617488317555,,SSQ-FMT,0.7511003412295381,0.7666060973149943,0.7362094037811573,True,2,11.074294559925704,0.8652735517941249,"[[23.6, 28.0, 4.4], [13.0, 31.200000000000003, 4.6000000000000005]]","[0.9637592747552945, 1.113820332029058]",,uniform
sample_1989,2,medium,uniform,ellipsoid+sphere,2,2,2,0,0,0,0,1.0,1.0,0.6283786151438807,,SSQ-FMT,0.7470303563574227,0.9271933017838966,0.6254911591360198,True,2,22.02362368003958,0.8034103913921298,"[[10.600000000000001, 25.0, 6.4], [30.200000000000003, 34.800000000000004, 8.6]]","[1.031949535270025, 1.2844612744949542]",,uniform
sample_1993,3,deep,uniform,ellipsoid+sphere,3,2,2,1,0,1,0,0.6666666666666666,1.0,0.6012922743473895,,SSQ-FMT,0.7608171628300107,0.655503634475776,0.9064474439977696,False,3,6.251399843235115,0.5848849697653535,"[[14.200000000000001, 26.8, 11.600000000000001], [29.200000000000003, 29.400000000000002, 10.600000000000001], [13.4, 26.8, 5.4]]","[0.9900800953124718, 0.8232294697208896, 1.4075066248516457]",,uniform
sample_2021,3,shallow,uniform,ellipsoid+irregular,3,2,2,1,0,0,0,0.6666666666666666,1.0,0.6249959951790213,,SSQ-FMT,0.7535629796319447,0.8990775161779574,0.6485895907828523,False,3,6.660330322138685,0.47573478459760465,"[[15.600000000000001, 21.400000000000002, 6.0], [20.0, 29.200000000000003, 7.4], [13.4, 29.6, 8.200000000000001]]","[0.6397838985848951, 0.6731947902467124, 1.3448331282440273]",,uniform
sample_2024,2,deep,uniform,irregular,2,1,1,1,0,1,0,0.5,1.0,0.4236999910498523,,SSQ-FMT,0.7801899025390973,0.8584315169368019,0.7150195507170781,False,2,5.868560300448484,0.6308049372547393,"[[15.8, 25.400000000000002, 9.200000000000001], [21.0, 23.8, 7.0]]","[1.5593161266153333, 0.9836243114098884]",,uniform
sample_2044,2,medium,uniform,ellipsoid+sphere,2,2,2,0,0,0,0,1.0,1.0,0.5001753777175559,,SSQ-FMT,0.7509632224170307,0.7491264849759799,0.7528089887644789,True,2,29.697811367169802,0.4073552397960525,"[[15.600000000000001, 4.800000000000001, 15.4], [12.8, 32.4, 4.800000000000001]]","[1.613387480306622, 0.6572218439242529]",,uniform
sample_2059,3,shallow,uniform,ellipsoid+irregular,3,3,3,0,0,0,0,1.0,1.0,0.5107322838692386,,SSQ-FMT,0.7466105117406836,0.92900215362532,0.6240837191359838,True,3,11.766052864066184,0.5494612196253774,"[[29.8, 26.0, 11.8], [17.0, 24.0, 8.200000000000001], [15.200000000000001, 35.6, 7.4]]","[0.9490864367034164, 0.6502297873175711, 1.1833952317160756]",,uniform
sample_2067,3,medium,uniform,ellipsoid+irregular,3,3,3,0,0,0,0,1.0,1.0,0.6486759913376343,,SSQ-FMT,0.7753681086634373,0.7689318190394412,0.7819130568239336,True,3,10.669582934679314,0.7274754645132535,"[[28.6, 33.800000000000004, 8.8], [7.4, 35.800000000000004, 6.4], [15.8, 29.6, 8.6]]","[1.5975235899943905, 1.1621592157020495, 1.1798135910300105]",,uniform
sample_2069,2,shallow,uniform,ellipsoid+sphere,2,2,2,0,0,0,0,1.0,1.0,0.5338159555222548,,SSQ-FMT,0.7393567848977087,0.6150732615562089,0.926585365853748,True,2,16.773789077009408,0.8690555929410789,"[[18.8, 19.0, 9.0], [9.0, 32.6, 8.4]]","[0.8983600403727567, 1.0337198766910929]",,uniform
sample_2070,2,deep,uniform,irregular+sphere,2,2,2,0,0,0,0,1.0,1.0,0.634402445563389,,SSQ-FMT,0.8077571669477971,0.6827782817158982,0.9887408519422136,True,2,10.495713410721539,0.7615384332518227,"[[24.0, 33.4, 14.0], [16.2, 26.8, 11.600000000000001]]","[1.3039984698388514, 0.993044951683853]",,uniform
sample_2072,3,shallow,uniform,ellipsoid+sphere,3,2,2,1,0,1,0,0.6666666666666666,1.0,0.6240629802433564,,SSQ-FMT,0.7360229628449255,0.7335198016656707,0.7385432667692405,False,3,4.690415759823431,0.6578092328373906,"[[21.8, 34.0, 4.2], [24.8, 35.2, 7.6000000000000005], [14.0, 30.400000000000002, 4.6000000000000005]]","[1.3531917858208564, 1.1218199042314079, 0.890142050512676]",,uniform
sample_2077,3,medium,uniform,ellipsoid+irregular+sphere,3,3,3,0,0,0,0,1.0,1.0,0.6194786103317902,,SSQ-FMT,0.75666883539369,0.8563013866732996,0.6778047595921914,True,3,7.9548727205405365,0.6505902502542552,"[[24.400000000000002, 34.800000000000004, 12.0], [18.0, 24.6, 9.4], [17.8, 35.4, 7.6000000000000005]]","[1.7702803120676727, 1.6612309316711555, 1.151727111248288]",,uniform
sample_2079,2,medium,uniform,ellipsoid+sphere,2,2,2,0,0,0,0,1.0,1.0,0.4355857466978814,,SSQ-FMT,0.6270803369636048,0.4849062599309105,0.8872093023259092,True,2,18.58709229546138,0.3471666397797968,"[[11.600000000000001, 31.200000000000003, 15.0], [27.0, 30.8, 4.6000000000000005]]","[1.7492428154942115, 0.6072787504140764]",,uniform
sample_2086,1,medium,uniform,sphere,1,1,1,0,0,0,0,1.0,1.0,0.8023410875685286,,SSQ-FMT,0.8903321275896988,0.9917582417582568,0.8077267303105493,True,1,,1.0,"[[10.0, 31.400000000000002, 13.600000000000001]]",[1.1524756221848498],,uniform
sample_2087,2,shallow,uniform,ellipsoid+irregular,2,2,2,0,0,0,0,1.0,1.0,0.372301548793543,,SSQ-FMT,0.6419405320816574,0.5435272293632655,0.7838715841777492,True,2,7.769169839822015,0.8546772608723772,"[[20.0, 28.6, 3.8000000000000003], [24.6, 23.0, 6.6000000000000005]]","[1.2364115989148057, 1.0567328786713424]",,uniform
sample_2111,2,medium,uniform,ellipsoid+sphere,2,1,1,1,0,0,0,0.5,1.0,0.8361488135924227,,SSQ-FMT,0.8962738120159639,0.9761741906065023,0.8284636222911876,False,2,5.495452665613634,0.901282071088409,"[[18.8, 24.200000000000003, 10.600000000000001], [15.4, 28.400000000000002, 9.600000000000001]]","[0.7495917486651118, 0.8316949517922703]",,uniform
sample_2119,2,shallow,uniform,ellipsoid+sphere,2,2,2,0,0,0,0,1.0,1.0,0.7356875996181056,,SSQ-FMT,0.8226450552032641,0.9594520547945576,0.7199835526317708,True,2,14.715977711317722,0.5823731681258241,"[[9.8, 32.4, 11.4], [22.8, 25.8, 9.4]]","[0.7796606904284455, 1.3387647870823554]",,uniform
sample_2121,2,shallow,uniform,ellipsoid,2,2,2,0,0,0,0,1.0,1.0,0.6397043105389809,,SSQ-FMT,0.7804751530242297,0.996423841059605,0.6414563437927859,True,2,13.125547607623844,0.8818858815143926,"[[27.8, 26.0, 8.4], [14.8, 25.8, 6.6000000000000005]]","[0.8807627587763427, 0.9987264534316829]",,uniform
sample_2129,3,medium,uniform,ellipsoid+irregular+sphere,2,2,2,0,0,0,0,1.0,1.0,0.20389983628694,,SSQ-FMT,0.4933160415006518,0.998989898989901,0.3275268247454447,True,3,3.2186953878862177,0.7661480639500602,"[[8.6, 33.4, 7.6000000000000005], [11.200000000000001, 34.0, 5.800000000000001], [18.400000000000002, 34.6, 4.0]]","[1.264770292274958, 1.4724340501610187, 1.6508170571548941]",,uniform
sample_2166,3,medium,uniform,ellipsoid+irregular+sphere,3,2,2,1,0,1,0,0.6666666666666666,1.0,0.3465741318759695,,SSQ-FMT,0.6063379193075881,0.4601811441177624,0.8885465748460597,False,3,4.1999999999999975,0.5220395296252011,"[[21.400000000000002, 24.0, 8.8], [18.400000000000002, 34.0, 6.800000000000001], [19.8, 31.200000000000003, 4.0]]","[0.7916137385309312, 0.7953972604542314, 1.5163865830223073]",,uniform
sample_2167,1,shallow,uniform,ellipsoid,1,1,1,0,0,0,0,1.0,1.0,0.5225627736574032,,SSQ-FMT,0.6864252596985232,0.5225627736578299,1.0,True,1,,1.0,"[[20.400000000000002, 29.0, 8.200000000000001]]",[1.0937482882763123],,uniform
sample_2172,1,shallow,uniform,ellipsoid,1,1,1,0,0,0,0,1.0,1.0,0.7289514178940426,,SSQ-FMT,0.843229497775052,0.7709834922113799,0.9304152637486948,True,1,,1.0,"[[15.0, 25.6, 8.8]]",[1.1509062964318826],,uniform
sample_2175,2,shallow,uniform,irregular+sphere,2,1,1,1,0,1,0,0.5,1.0,0.3925046992481203,,SSQ-FMT,0.7127637056376824,0.6249690670630723,0.8292562797572989,False,2,6.572670690061991,0.8488627094381835,"[[18.2, 26.0, 5.800000000000001], [12.200000000000001, 23.6, 4.6000000000000005]]","[1.5970936105864684, 1.3557132095088407]",,uniform
sample_2196,3,shallow,uniform,ellipsoid+sphere,3,3,3,0,0,0,0,1.0,1.0,0.642754600739577,,SSQ-FMT,0.7485404797075694,0.6444229138916744,0.8927852348995088,True,3,10.892199043352083,0.5291334153045232,"[[28.200000000000003, 32.6, 13.0], [8.200000000000001, 33.2, 10.0], [22.200000000000003, 26.8, 6.0]]","[0.6491210485068806, 0.9389026081297526, 1.2267625323441402]",,uniform
sample_2199,2,medium,uniform,irregular+sphere,2,2,2,0,0,0,0,1.0,1.0,0.7896026263293427,,SSQ-FMT,0.8960907697825646,0.9105486350384904,0.8820848578215019,True,2,13.770983988081609,0.6407698019377251,"[[21.0, 25.0, 12.200000000000001], [9.4, 32.2, 14.0]]","[1.3924090915391287, 0.8922136978018154]",,uniform
sample_2202,2,medium,uniform,irregular+sphere,2,2,2,0,0,0,0,1.0,1.0,0.3778588858756374,,SSQ-FMT,0.5699635877241807,0.420596622066878,0.8838442037338469,True,2,13.093509842666327,0.8760511989490445,"[[28.0, 30.200000000000003, 11.600000000000001], [18.2, 35.6, 4.800000000000001]]","[0.8670777821756374, 0.9897569722132997]",,uniform
sample_2207,2,deep,uniform,ellipsoid+sphere,2,2,2,0,0,0,0,1.0,1.0,0.7047436735766628,,SSQ-FMT,0.8040246970044569,0.8883274381001915,0.7343358395992748,True,2,12.247448713915894,0.5821646830866765,"[[16.2, 29.0, 8.4], [23.6, 35.800000000000004, 15.4]]","[0.8546195609856395, 1.4680031025832567]",,uniform
sample_2208,3,medium,uniform,ellipsoid+irregular,3,2,2,1,0,0,0,0.6666666666666666,1.0,0.5700894443234463,,SSQ-FMT,0.7050278937582173,0.8679913606912588,0.5935838355195595,False,3,8.390470785361213,0.39256892676374794,"[[21.0, 23.400000000000002, 9.200000000000001], [18.8, 34.2, 6.4], [26.8, 31.8, 5.6000000000000005]]","[1.457104949785898, 0.6155164164897325, 1.5679193500206825]",,uniform
sample_2209,1,deep,uniform,sphere,1,1,1,0,0,0,0,1.0,1.0,0.6642764950523448,,SSQ-FMT,0.7982766049118498,0.6642764950528263,1.0,True,1,,1.0,"[[18.8, 27.8, 11.8]]",[1.0517264260892725],,uniform
sample_2225,3,shallow,uniform,ellipsoid+sphere,3,3,3,0,0,0,0,1.0,1.0,0.5482751583685775,,SSQ-FMT,0.7664466680860745,0.7471980074721113,0.7867132867134032,True,3,9.99599919967984,0.5663287734850372,"[[11.4, 5.0, 7.4], [15.200000000000001, 26.6, 7.4], [22.6, 30.6, 12.8]]","[1.6198329410863086, 1.762301602492303, 0.9980421050501815]",,uniform
sample_2234,2,deep,uniform,ellipsoid+sphere,2,2,2,0,0,0,0,1.0,1.0,0.787666394975276,,SSQ-FMT,0.8814447672763166,0.90532475131667,0.8587921847248459,True,2,5.7965506984757775,0.9853373014514328,"[[29.400000000000002, 34.2, 6.2], [27.400000000000002, 29.8, 9.4]]","[0.9316993771825679, 0.9180381500770521]",,uniform
sample_2259,2,medium,uniform,ellipsoid+sphere,2,2,2,0,0,0,0,1.0,1.0,0.4370700131008644,,SSQ-FMT,0.8225701239400594,0.7541866028709971,0.9045911047346624,True,2,13.69379421489895,0.9945712152642139,"[[12.200000000000001, 27.6, 6.0], [25.0, 28.400000000000002, 10.8]]","[0.7460993090231187, 0.7501718304052394]",,uniform
sample_2263,2,medium,uniform,irregular+sphere,2,2,2,0,0,0,0,1.0,1.0,0.5692944179121067,,SSQ-FMT,0.7142405263492666,0.5572006712076228,0.9945384073291146,True,2,8.802272433866154,0.6849581987347181,"[[28.0, 28.8, 7.0], [26.8, 34.0, 14.0]]","[1.5876657320417116, 1.0874846600121284]",,uniform
sample_2266,2,deep,uniform,ellipsoid+sphere,2,2,2,0,0,0,0,1.0,1.0,0.2817411875294463,,SSQ-FMT,0.4392864818399746,0.2814651611131358,1.0,True,2,8.930845424706442,0.3863287899029743,"[[21.200000000000003, 28.400000000000002, 10.4], [16.2, 35.4, 8.0]]","[0.6308638882859036, 1.6329714605125436]",,uniform
sample_2270,3,deep,uniform,irregular+sphere,3,2,2,1,0,1,0,0.6666666666666666,1.0,0.3093068644522129,,SSQ-FMT,0.6695101001127484,0.5514246682283845,0.8519523594152691,False,3,4.064480286580315,0.41730383770842294,"[[21.8, 30.0, 5.800000000000001], [11.8, 25.200000000000003, 5.800000000000001], [22.200000000000003, 26.0, 5.2]]","[1.6321230494017165, 0.6810912121277103, 1.3016803739251026]",,uniform
sample_2271,3,shallow,uniform,ellipsoid+irregular,3,2,2,1,0,1,0,0.6666666666666666,1.0,0.4400625162213751,,SSQ-FMT,0.6481515008872621,0.642959770115199,0.6534277579034435,False,3,4.45869936192159,0.39515756437490585,"[[25.200000000000003, 25.6, 9.4], [15.0, 25.6, 7.0], [16.6, 28.0, 3.6]]","[0.6334413120170943, 1.6030094552767227, 1.3230042930518051]",,uniform
sample_2281,2,deep,uniform,ellipsoid+sphere,2,2,2,0,0,0,0,1.0,1.0,0.5971740400123846,,SSQ-FMT,0.6988539258068517,0.8898489503328918,0.5753600397286975,True,2,13.001538370516009,0.42742123405132265,"[[15.600000000000001, 30.6, 4.0], [24.400000000000002, 34.800000000000004, 12.600000000000001]]","[0.6903675512310186, 1.61519245239024]",,uniform
sample_2293,1,deep,uniform,ellipsoid,1,1,1,0,0,0,0,1.0,1.0,0.8030402092186989,,SSQ-FMT,0.8907623968815652,0.9979687182612248,0.8043549443354582,True,1,,1.0,"[[24.6, 32.2, 9.0]]",[1.262710825695367],,uniform
sample_2299,1,medium,uniform,irregular,1,1,1,0,0,0,0,1.0,1.0,0.456135556162886,,SSQ-FMT,0.626619110193705,0.456260251504297,1.0,True,1,,1.0,"[[23.0, 35.800000000000004, 13.200000000000001]]",[1.1278463696106746],,uniform
sample_2306,3,shallow,uniform,irregular+sphere,3,3,3,0,0,0,0,1.0,1.0,0.4320729223901631,,SSQ-FMT,0.6145613132987461,0.8481391925989024,0.4818575481560455,True,3,6.529931086925802,0.8493920031609223,"[[20.0, 33.4, 9.0], [6.4, 35.4, 6.4], [21.8, 28.0, 5.800000000000001]]","[1.2866201587052246, 1.3547803578998643, 1.150739602039637]",,uniform
sample_2323,3,shallow,uniform,ellipsoid+irregular,3,3,3,0,0,0,0,1.0,1.0,0.6511660664214176,,SSQ-FMT,0.806408794331581,0.8694267515924093,0.7519087961511167,True,3,5.830951894845299,0.6242537401920346,"[[23.200000000000003, 33.2, 5.2], [6.4, 32.6, 7.2], [6.4, 27.200000000000003, 5.0]]","[1.6121257714487371, 1.1168038959827902, 1.7890223543382149]",,uniform
sample_2357,3,medium,uniform,ellipsoid+irregular+sphere,3,3,3,0,0,0,0,1.0,1.0,0.6136889520093732,,SSQ-FMT,0.8101265822785446,0.7983104540656031,0.822297756628265,True,3,5.429548784199289,0.47135777950986685,"[[6.4, 35.4, 6.0], [8.200000000000001, 32.2, 10.0], [25.200000000000003, 27.0, 12.4]]","[1.1114354251994143, 1.6505343344256103, 0.7779921988796517]",,uniform
sample_2361,2,shallow,uniform,ellipsoid+sphere,2,2,2,0,0,0,0,1.0,1.0,0.5463963836668162,,SSQ-FMT,0.8591536587567179,0.947085737020144,0.7861624834876271,True,2,10.091580649234293,0.9192623350611916,"[[23.200000000000003, 29.8, 6.0], [13.4, 27.400000000000002, 5.800000000000001]]","[1.4423550541013457, 1.5690353004676667]",,uniform
sample_2372,3,deep,uniform,ellipsoid+sphere,2,2,2,0,0,0,0,1.0,1.0,0.5224262027186273,,SSQ-FMT,0.6922159260366149,0.6072736787027639,0.8047850208047768,True,3,2.891366458960192,0.526465860539217,"[[27.8, 24.6, 8.0], [21.0, 31.8, 13.0], [23.0, 29.8, 12.4]]","[0.7334812279904681, 1.2341888229673263, 1.393217078196147]",,uniform
sample_2375,2,medium,uniform,ellipsoid+irregular,2,2,2,0,0,0,0,1.0,1.0,0.6112868631518547,,SSQ-FMT,0.764141061452617,0.7216222900010538,0.8119840460070383,True,2,10.303397497913005,0.9003802748308155,"[[12.600000000000001, 29.6, 11.4], [21.6, 29.200000000000003, 6.4]]","[1.5948241180084195, 1.7712783838007695]",,uniform
sample_2378,3,shallow,uniform,ellipsoid+sphere,3,3,3,0,0,0,0,1.0,1.0,0.55249130422285,,SSQ-FMT,0.7030488455655829,0.7279893907023296,0.6797605943865714,True,3,6.203224967708327,0.38978078901902924,"[[16.0, 29.0, 6.4], [14.200000000000001, 32.0, 15.0], [20.8, 25.200000000000003, 7.4]]","[1.5812886341788333, 0.6163559314970487, 1.0173485551469734]",,uniform
sample_2385,2,deep,uniform,irregular,2,2,2,0,0,0,0,1.0,1.0,0.5261262341828727,,SSQ-FMT,0.6763169164884999,0.5588110403403272,0.8563991323213527,True,2,29.21095684841563,0.873650350820992,"[[20.200000000000003, 4.6000000000000005, 15.200000000000001], [26.6, 33.0, 12.8]]","[1.755810975672818, 1.5339648748719057]",,uniform
sample_2409,2,shallow,uniform,ellipsoid+sphere,2,2,2,0,0,0,0,1.0,1.0,0.4921154292299978,,SSQ-FMT,0.6550558877049292,0.4870506378049023,1.0,True,2,14.963956696007914,0.5379342174743773,"[[25.200000000000003, 32.800000000000004, 6.4], [11.200000000000001, 28.200000000000003, 9.0]]","[0.8049422974148364, 1.496358237247061]",,uniform
sample_2413,3,shallow,uniform,ellipsoid+irregular,3,3,3,0,0,0,0,1.0,1.0,0.2889918466237748,,SSQ-FMT,0.3597507460069511,0.5760258572237549,0.2615492598269132,True,3,5.560575509783139,0.46390596614451124,"[[18.400000000000002, 26.200000000000003, 7.800000000000001], [22.0, 31.200000000000003, 12.0], [16.0, 21.6, 5.800000000000001]]","[1.0668151099098018, 0.8196449336975191, 1.7668342153681027]",,uniform
sample_2418,1,deep,uniform,sphere,1,1,1,0,0,0,0,1.0,1.0,0.5995402298850575,,SSQ-FMT,0.7496407013512028,0.5995402298856712,1.0,True,1,,1.0,"[[16.400000000000002, 18.8, 9.600000000000001]]",[1.3868993262533207],,uniform
sample_2435,1,shallow,uniform,irregular,1,1,1,0,0,0,0,1.0,1.0,0.4456250677653692,,SSQ-FMT,0.6165154128856097,0.4456250677659702,1.0,True,1,,1.0,"[[13.4, 35.2, 6.2]]",[1.3183757334028874],,uniform
sample_2440,2,deep,uniform,ellipsoid,2,2,2,0,0,0,0,1.0,1.0,0.2461937267649682,,SSQ-FMT,0.5432615917957943,0.9097726173200054,0.3872528830319323,True,2,8.084553172563094,0.4982514557972689,"[[22.0, 27.400000000000002, 6.4], [14.8, 24.8, 9.0]]","[1.4110467976205143, 0.7030561211124956]",,uniform
sample_2442,3,medium,uniform,ellipsoid+irregular+sphere,3,2,2,1,0,0,0,0.6666666666666666,1.0,0.6032724798972622,,SSQ-FMT,0.7404865246796505,0.8718801996673735,0.6435087719301372,False,3,8.2,0.7151489859736667,"[[6.6000000000000005, 32.4, 6.2], [24.0, 34.2, 10.600000000000001], [14.4, 30.0, 5.4]]","[1.3712870500189656, 1.0421837479808127, 1.4572959878589384]",,uniform
sample_2453,1,medium,uniform,ellipsoid,1,1,1,0,0,0,0,1.0,1.0,0.7126753507014028,,SSQ-FMT,0.8322363609771594,1.0,0.7126753507017627,True,1,,1.0,"[[7.2, 22.400000000000002, 8.6]]",[0.9371360234283901],,uniform
sample_2472,2,medium,uniform,ellipsoid+sphere,2,2,2,0,0,0,0,1.0,1.0,0.5016730122927381,,SSQ-FMT,0.6242142983025176,0.9475655430712544,0.4653994393837899,True,2,11.532562594670797,0.6407062497624233,"[[11.600000000000001, 30.6, 13.0], [16.400000000000002, 24.6, 4.4]]","[0.987369448587723, 1.541064175593486]",,uniform
sample_2477,2,medium,uniform,ellipsoid+irregular,2,2,2,0,0,0,0,1.0,1.0,0.7266372868629569,,SSQ-FMT,0.8355520969400975,0.9103682170543178,0.7720992346808916,True,2,9.4424573072903,0.7057348693024033,"[[17.8, 20.6, 9.0], [9.0, 21.0, 5.6000000000000005]]","[1.4515590632036188, 1.0244158457547248]",,uniform
sample_2478,3,medium,uniform,ellipsoid+irregular+sphere,3,2,2,1,0,0,0,0.6666666666666666,1.0,0.3751072344991632,,SSQ-FMT,0.5674223971021275,0.9995599075805924,0.3961540138667439,False,3,5.145872132107444,0.542759220973009,"[[18.2, 22.8, 14.200000000000001], [24.400000000000002, 35.800000000000004, 11.4], [19.400000000000002, 27.8, 14.0]]","[1.4355853405728738, 0.7791771810896048, 1.2456556535905239]",,uniform
sample_2483,3,medium,uniform,ellipsoid+irregular+sphere,3,3,3,0,0,0,0,1.0,1.0,0.6742422150611832,,SSQ-FMT,0.837546376453169,0.8441441890612533,0.8310509007019923,True,3,14.195774019052289,0.607999962230681,"[[14.8, 34.0, 5.4], [7.2, 22.400000000000002, 9.200000000000001], [23.0, 23.200000000000003, 9.600000000000001]]","[1.1952381542861819, 0.7267047526626674, 1.0093453847935634]",,uniform
sample_2494,3,deep,uniform,irregular+sphere,1,2,1,0,1,0,1,1.0,0.5,0.2293510863998829,,SSQ-FMT,0.4656321774693487,0.802316602316984,0.3279930550080278,False,3,3.7788887255382364,0.5931558129448137,"[[24.200000000000003, 27.200000000000003, 5.4], [20.0, 28.0, 5.6000000000000005], [24.0, 25.200000000000003, 8.6]]","[1.2036883194234727, 1.170764634686452, 0.7139747236398065]",,uniform
sample_2505,3,medium,uniform,ellipsoid+sphere,3,3,3,0,0,0,0,1.0,1.0,0.449127624698008,,SSQ-FMT,0.7697365612058539,0.9089442371685904,0.6675059241708623,True,3,4.586937976471885,0.4707189005964269,"[[23.200000000000003, 26.6, 9.4], [24.400000000000002, 25.200000000000003, 5.2], [15.0, 26.8, 4.2]]","[1.11866449047251, 1.5484092666235312, 0.7288655076583482]",,uniform
sample_2533,1,deep,uniform,irregular,1,1,1,0,0,0,0,1.0,1.0,0.8219157320400121,,SSQ-FMT,0.902254388154145,0.8482715470047736,0.9635749822317634,True,1,,1.0,"[[30.200000000000003, 26.400000000000002, 7.800000000000001]]",[1.136857211087526],,uniform
sample_2536,3,shallow,uniform,ellipsoid+irregular,3,2,2,1,0,0,0,0.6666666666666666,1.0,0.5228218481000618,,SSQ-FMT,0.7605348019856659,0.8597526009667734,0.6818477130979198,False,3,4.770744176750624,0.5770324008746088,"[[10.8, 23.400000000000002, 8.8], [9.4, 27.8, 10.0], [29.6, 30.400000000000002, 10.0]]","[0.9914327464911183, 1.5200446746231375, 1.7181578451892863]",,uniform
sample_2584,1,deep,uniform,irregular,1,1,1,0,0,0,0,1.0,1.0,0.8550742422383114,,SSQ-FMT,0.9218760336046028,0.9485434249932636,0.8966670956120233,True,1,,1.0,"[[10.200000000000001, 23.8, 9.8]]",[1.617970915881631],,uniform
sample_2589,3,shallow,uniform,ellipsoid+sphere,3,3,2,1,1,0,0,0.6666666666666666,0.6666666666666666,0.5137613499682465,,SSQ-FMT,0.6885159476321552,0.8854237288136887,0.5632547441061219,False,3,7.238784428341543,0.6383940428614563,"[[13.200000000000001, 28.200000000000003, 11.4], [10.4, 31.200000000000003, 5.2], [12.200000000000001, 24.200000000000003, 4.800000000000001]]","[1.617602334350174, 1.046129085823935, 1.0326676939679367]",,uniform
sample_2600,1,shallow,uniform,sphere,1,1,1,0,0,0,0,1.0,1.0,0.6482351523912782,,SSQ-FMT,0.7865809092239537,0.6497222893025238,0.996481481481488,True,1,,1.0,"[[11.4, 26.200000000000003, 5.800000000000001]]",[1.0237991573172958],,uniform
sample_2603,1,deep,uniform,ellipsoid,1,1,1,0,0,0,0,1.0,1.0,0.8405237535672319,,SSQ-FMT,0.9133527909522468,0.9432931424265796,0.8852545968883617,True,1,,1.0,"[[25.400000000000002, 27.8, 8.6]]",[1.6478760640125079],,uniform
sample_2614,3,medium,uniform,sphere,3,3,3,0,0,0,0,1.0,1.0,0.5717677372800152,,SSQ-FMT,0.6735505188705284,0.579050155348798,0.8049111549854332,True,3,12.504399225872472,0.7058631577808646,"[[6.2, 26.400000000000002, 12.600000000000001], [17.400000000000002, 23.0, 8.200000000000001], [27.8, 33.2, 9.0]]","[1.2446562483738703, 1.446950234457336, 1.7633109684983364]",,uniform
sample_2643,1,deep,uniform,ellipsoid,1,1,1,0,0,0,0,1.0,1.0,0.666925326807139,,SSQ-FMT,0.8001862064027071,0.9999105065330232,0.6669651384911253,True,1,,1.0,"[[12.600000000000001, 24.0, 8.6]]",[0.7008361408932688],,uniform
sample_2650,3,medium,uniform,ellipsoid+sphere,3,3,3,0,0,0,0,1.0,1.0,0.5146678311059495,,SSQ-FMT,0.6455583756347427,0.5050635424945342,0.8943389592125627,True,3,11.803389343743602,0.474045818272544,"[[7.0, 24.6, 10.8], [17.2, 28.8, 6.6000000000000005], [28.6, 35.6, 8.4]]","[0.7395872304864053, 1.4413908613330386, 1.5601598030787671]",,uniform
sample_2655,1,shallow,uniform,ellipsoid,1,1,1,0,0,0,0,1.0,1.0,0.6239168110918544,,SSQ-FMT,0.7684098185700805,0.62391681109232,1.0,True,1,,1.0,"[[8.0, 23.8, 10.4]]",[1.2449382698480764],,uniform
sample_2676,3,shallow,uniform,ellipsoid+sphere,3,3,3,0,0,0,0,1.0,1.0,0.4157411226648266,,SSQ-FMT,0.5610087902890535,0.5004667662439316,0.6382142857147164,True,3,7.984985911070852,0.5186445584447641,"[[6.6000000000000005, 21.8, 8.4], [14.4, 23.400000000000002, 7.800000000000001], [26.0, 30.8, 7.2]]","[0.9742125822535426, 1.579228533910304, 0.8190582856532818]",,uniform
sample_2682,2,medium,uniform,irregular,2,2,2,0,0,0,0,1.0,1.0,0.6121647111843957,,SSQ-FMT,0.7564817738484523,0.9345527045770332,0.6354099133614455,True,2,12.796874618437114,0.7473162113671269,"[[16.8, 22.6, 7.6000000000000005], [20.200000000000003, 34.2, 11.8]]","[1.2881258006349108, 1.7236690186051717]",,uniform
sample_2684,3,medium,uniform,ellipsoid+irregular,3,3,3,0,0,0,0,1.0,1.0,0.6087184809278845,,SSQ-FMT,0.7566125968143517,0.987789754841183,0.6131209663096613,True,3,8.260750571225357,0.7182451389144682,"[[28.0, 34.800000000000004, 8.8], [26.200000000000003, 26.8, 7.800000000000001], [7.2, 33.6, 6.800000000000001]]","[1.487671331372563, 1.0689265394202758, 1.4882475098067713]",,uniform
sample_2698,2,deep,uniform,ellipsoid,2,2,2,0,0,0,0,1.0,1.0,0.6135221842644415,,SSQ-FMT,0.8296597781536217,0.9141034548096292,0.7594983207390011,True,2,14.97464523786791,0.682784449003112,"[[9.0, 30.0, 7.0], [22.8, 35.2, 4.4]]","[1.1242284667285865, 0.7676057142088913]",,uniform
sample_2702,2,deep,uniform,ellipsoid+irregular,2,2,2,0,0,0,0,1.0,1.0,0.4180830434355062,,SSQ-FMT,0.5929111671365913,0.4243260454262106,0.983759842519725,True,2,11.095945205344158,0.34728070044301773,"[[15.8, 25.0, 15.0], [12.4, 28.400000000000002, 5.0]]","[0.605862638390845, 1.7445905793727103]",,uniform
sample_2711,3,deep,uniform,ellipsoid+sphere,3,2,2,1,0,1,0,0.6666666666666666,1.0,0.4837127082624785,,SSQ-FMT,0.7299338682064755,0.7727628118560148,0.6916030534353107,False,3,7.0823724838503095,0.7637034517445336,"[[20.400000000000002, 33.2, 11.200000000000001], [21.6, 25.6, 8.200000000000001], [16.400000000000002, 21.0, 9.600000000000001]]","[1.6237396084358537, 1.2414769922919673, 1.6256008656973489]",,uniform
sample_2719,1,shallow,uniform,ellipsoid,1,1,1,0,0,0,0,1.0,1.0,0.6828709192949174,,SSQ-FMT,0.8115928413735678,0.6939513213915223,0.9772624434389398,True,1,,1.0,"[[15.8, 26.200000000000003, 3.4000000000000004]]",[0.830306660706991],,uniform
sample_2741,3,medium,uniform,ellipsoid+sphere,3,2,2,1,0,1,0,0.6666666666666666,1.0,0.574099036051203,,SSQ-FMT,0.752044198895119,0.7529871662488915,0.7511035903474462,False,3,7.8204859184068605,0.6661423674744077,"[[24.0, 35.6, 13.8], [30.0, 35.2, 8.8], [11.200000000000001, 25.6, 10.0]]","[0.8991963851129259, 1.3498561704191137, 0.9442371962907601]",,uniform
sample_2745,2,medium,uniform,irregular+sphere,2,2,2,0,0,0,0,1.0,1.0,0.4084773686034814,,SSQ-FMT,0.6267529665591273,1.0,0.4564021995293841,True,2,16.70449041425688,0.6627060517469979,"[[23.8, 27.200000000000003, 4.2], [11.0, 32.0, 13.8]]","[1.731514492215109, 1.1474851326785829]",,uniform
sample_2747,2,shallow,uniform,irregular+sphere,2,2,2,0,0,0,0,1.0,1.0,0.4837754480436743,,SSQ-FMT,0.678625613565516,0.9727516950237012,0.5210717467282114,True,2,11.649892703368558,0.5104570300145019,"[[10.8, 31.0, 10.200000000000001], [14.200000000000001, 20.6, 6.2]]","[0.8737943867754308, 1.7117883296672525]",,uniform
sample_2751,2,medium,uniform,sphere,2,2,2,0,0,0,0,1.0,1.0,0.7837761165283312,,SSQ-FMT,0.8769248317555167,0.8551724137932645,0.8998127340825142,True,2,12.014990636700473,0.7769923590898792,"[[10.4, 29.6, 10.8], [21.8, 33.2, 9.600000000000001]]","[1.1165397144954536, 0.8675428267833627]",,uniform
sample_2759,1,medium,uniform,irregular,1,1,1,0,0,0,0,1.0,1.0,0.7819112292097234,,SSQ-FMT,0.8776096321662004,0.986833933672852,0.7901541521633115,True,1,,1.0,"[[9.0, 28.6, 10.0]]",[1.2875864257193264],,uniform
sample_2769,3,shallow,uniform,ellipsoid+sphere,3,2,2,1,0,1,0,0.6666666666666666,1.0,0.2054853370055793,,SSQ-FMT,0.3197943916658314,0.5840737636218205,0.2201718907992794,False,3,5.986651818838307,0.36383801626970225,"[[24.0, 34.2, 6.2], [18.400000000000002, 25.200000000000003, 14.4], [23.200000000000003, 23.6, 11.200000000000001]]","[0.6536902484476546, 1.7966518593897938, 1.5569033473640652]",,uniform
sample_2771,1,shallow,uniform,ellipsoid,1,1,1,0,0,0,0,1.0,1.0,0.8656970060478832,,SSQ-FMT,0.9280145739009488,0.970471227657326,0.8891170431212069,True,1,,1.0,"[[8.200000000000001, 33.6, 11.4]]",[1.4984542278582929],,uniform
sample_2784,1,deep,uniform,sphere,1,1,1,0,0,0,0,1.0,1.0,0.7430816535702084,,SSQ-FMT,0.8526068208547113,0.7806891600865385,0.9391191709845874,True,1,,1.0,"[[20.200000000000003, 28.6, 7.0]]",[1.664776590578517],,uniform
sample_2799,3,medium,uniform,ellipsoid+sphere,3,2,2,1,0,1,0,0.6666666666666666,1.0,0.6014129596219149,,SSQ-FMT,0.8000275824024962,0.7477442639857259,0.8601720047450622,False,3,5.3404119691274765,0.492952028010857,"[[25.8, 32.2, 11.600000000000001], [8.0, 30.0, 6.0], [12.8, 29.200000000000003, 8.200000000000001]]","[1.586268383361978, 0.7819542165477906, 0.8521199138159894]",,uniform
sample_2804,2,medium,uniform,irregular+sphere,2,2,2,0,0,0,0,1.0,1.0,0.6197232825196693,,SSQ-FMT,0.8280279503106425,0.9501113585746658,0.7337461300311887,True,2,13.056798995159573,0.4763147602099538,"[[25.6, 31.6, 12.8], [14.8, 29.400000000000002, 5.800000000000001]]","[1.7251081247899092, 0.8216944627955486]",,uniform
sample_2833,3,medium,uniform,irregular+sphere,3,3,2,1,1,1,0,0.6666666666666666,0.6666666666666666,0.5120912807974918,,SSQ-FMT,0.704732201763507,0.63355979726126,0.7939189189191974,False,3,4.967896939349688,0.671006650800728,"[[25.6, 31.0, 6.800000000000001], [8.8, 31.400000000000002, 4.6000000000000005], [7.800000000000001, 30.6, 9.4]]","[1.0909819322349088, 1.075593494205639, 0.7320561324330529]",,uniform
sample_2844,2,medium,uniform,ellipsoid+irregular,2,2,2,0,0,0,0,1.0,1.0,0.6824794846837436,,SSQ-FMT,0.8064255078094171,0.9292241700858548,0.7122944960688261,True,2,11.694443124834976,0.8416627704434195,"[[10.8, 26.8, 10.200000000000001], [19.8, 33.800000000000004, 7.6000000000000005]]","[1.1088403880269935, 0.9332696729663557]",,uniform
sample_2850,3,deep,uniform,ellipsoid+irregular,2,2,2,0,0,0,0,1.0,1.0,0.6879989600496246,,SSQ-FMT,0.7967196419479011,0.8384476534296941,0.7589481746235593,True,3,5.051732376126036,0.5250410669393165,"[[17.400000000000002, 30.6, 4.6000000000000005], [19.400000000000002, 30.0, 9.200000000000001], [8.4, 35.0, 10.0]]","[1.467141564408056, 0.7703095723278237, 1.1581705147691306]",,uniform
sample_2872,1,medium,uniform,irregular,1,1,1,0,0,0,0,1.0,1.0,0.6681483087597572,,SSQ-FMT,0.801065834795736,0.6749534552626492,0.985134271099768,True,1,,1.0,"[[24.8, 35.800000000000004, 6.0]]",[1.003467328222372],,uniform
sample_2873,2,shallow,uniform,irregular,2,1,1,1,0,0,0,0.5,1.0,0.2921035021191167,,SSQ-FMT,0.4363545484843082,0.2921360847749111,0.8617966436332287,False,2,21.723719755143225,0.6321625876787,"[[16.6, 5.4, 14.8], [23.6, 25.8, 12.200000000000001]]","[0.8112719145823291, 1.2833279450486277]",,uniform
sample_2874,1,medium,uniform,irregular,1,1,1,0,0,0,0,1.0,1.0,0.6716784733265867,,SSQ-FMT,0.8035976822625586,0.6727483347818234,0.9976379643547398,True,1,,1.0,"[[28.400000000000002, 35.6, 9.600000000000001]]",[0.9021430520182152],,uniform
sample_2887,2,shallow,uniform,ellipsoid+irregular,2,2,2,0,0,0,0,1.0,1.0,0.5456987361168552,,SSQ-FMT,0.7080919568267249,0.9618952948973144,0.5602624722572807,True,2,14.330387294138287,0.47945054893229655,"[[10.0, 24.6, 10.0], [23.8, 23.200000000000003, 6.4]]","[1.3744918176273966, 0.6590008564644053]",,uniform
sample_2909,2,deep,uniform,irregular,2,2,2,0,0,0,0,1.0,1.0,0.5342341454405789,,SSQ-FMT,0.6905644419016169,0.9686649452160174,0.5365287978355097,True,2,10.592450141492291,0.535926810894824,"[[20.200000000000003, 30.200000000000003, 6.4], [20.400000000000002, 19.8, 8.4]]","[0.8120645688851269, 1.5152527404427527]",,uniform
sample_2932,2,medium,uniform,ellipsoid+sphere,2,2,2,0,0,0,0,1.0,1.0,0.7048558076131151,,SSQ-FMT,0.8627464888637173,0.9347525361205544,0.8010405690201521,True,2,18.85099466871709,0.5091572528659022,"[[10.200000000000001, 26.8, 5.800000000000001], [24.6, 35.2, 14.600000000000001]]","[1.4343350597743336, 0.7303020987239492]",,uniform
sample_2934,1,deep,uniform,irregular,1,1,1,0,0,0,0,1.0,1.0,0.7940790433134024,,SSQ-FMT,0.885221915135797,0.9737124463519548,0.811475409836206,True,1,,1.0,"[[9.8, 31.8, 13.600000000000001]]",[1.7996255159731653],,uniform
sample_2936,1,deep,uniform,ellipsoid,1,1,1,0,0,0,0,1.0,1.0,0.2619939577039274,,SSQ-FMT,0.4152063583267114,0.2619939577048193,1.0,True,1,,1.0,"[[15.600000000000001, 20.200000000000003, 9.200000000000001]]",[1.6880940566239442],,uniform
sample_2945,3,deep,uniform,ellipsoid+sphere,3,3,3,0,0,0,0,1.0,1.0,0.6486500232287099,,SSQ-FMT,0.787664679473182,0.6606988517105066,0.9750364431487336,True,3,6.1546730213716465,0.8045936253157889,"[[8.0, 33.0, 11.8], [6.6000000000000005, 30.400000000000002, 6.4], [24.400000000000002, 25.6, 11.200000000000001]]","[1.522715026877869, 1.6462604381270443, 1.3245706541265976]",,uniform
sample_2948,2,deep,uniform,ellipsoid+sphere,2,2,2,0,0,0,0,1.0,1.0,0.7764764273920397,,SSQ-FMT,0.8741418764302745,0.8943143812710207,0.8548593350385177,True,2,16.830923919975397,0.65862136935213,"[[28.400000000000002, 26.400000000000002, 13.0], [12.600000000000001, 32.2, 13.0]]","[1.090465063684906, 1.6556782309653424]",,uniform
sample_2951,1,shallow,uniform,irregular,1,1,1,0,0,0,0,1.0,1.0,0.4131375113167689,,SSQ-FMT,0.5847095671984733,0.4131375113173592,1.0,True,1,,1.0,"[[27.400000000000002, 28.400000000000002, 9.200000000000001]]",[1.3267852644454674],,uniform
sample_2956,2,deep,uniform,ellipsoid+irregular,2,2,2,0,0,0,0,1.0,1.0,0.6553063046691232,,SSQ-FMT,0.731171777794239,0.5839373392569746,0.9776864357017464,True,2,17.590906741836815,0.8606003253399439,"[[22.200000000000003, 28.8, 6.800000000000001], [25.8, 11.600000000000001, 7.6000000000000005]]","[1.0330194219914623, 0.8890168506483332]",,uniform
sample_2961,2,medium,uniform,irregular,2,1,1,1,0,1,0,0.5,1.0,0.286597292856584,,SSQ-FMT,0.6009591367771001,0.6392136025508616,0.5670248868782362,False,2,6.6992536897776915,0.9313310731596424,"[[13.8, 28.400000000000002, 15.8], [15.200000000000001, 27.0, 9.4]]","[1.1343033265643547, 1.2179378088568513]",,uniform
sample_2977,1,medium,uniform,irregular,1,1,1,0,0,0,0,1.0,1.0,0.6620445344129555,,SSQ-FMT,0.7965895249696732,0.8560209424085654,0.7448747152622495,True,1,,1.0,"[[7.0, 25.6, 9.0]]",[1.04808546513789],,uniform
sample_2987,3,deep,uniform,ellipsoid+sphere,3,2,2,1,0,0,0,0.6666666666666666,1.0,0.2927765898343089,,SSQ-FMT,0.4368413240318859,0.6048088779292955,0.3418912639412849,False,3,4.935585071701225,0.5179209750973441,"[[7.6000000000000005, 27.400000000000002, 7.0], [10.8, 30.8, 8.6], [12.600000000000001, 27.0, 4.0]]","[1.262598714383567, 0.6539263573101901, 1.029631156111859]",,uniform
sample_2993,3,deep,uniform,irregular+sphere,3,2,2,1,0,1,0,0.6666666666666666,1.0,0.5593421654615712,,SSQ-FMT,0.6373267372942375,0.5506895717400188,0.7563136907401901,False,3,5.9497899122574065,0.747183922268748,"[[28.6, 32.6, 6.6000000000000005], [15.0, 30.8, 9.8], [13.0, 34.0, 5.2]]","[1.2070833939683512, 1.2225851641135126, 0.9134959782299152]",,uniform
sample_0002,1,shallow,uniform,ellipsoid,1,1,1,0,0,0,0,1.0,1.0,0.7885666246321984,,w/o transport-aware footprint,0.8817861339601025,0.8157231063572348,0.9594926350245914,True,1,,1.0,"[[15.4, 33.6, 8.4]]",[1.4124678021121233],,uniform
sample_0006,1,deep,uniform,sphere,1,1,1,0,0,0,0,1.0,1.0,0.7687313335930399,,w/o transport-aware footprint,0.8690607329074913,0.9232329536590368,0.8208934517205593,True,1,,1.0,"[[21.0, 27.8, 12.4]]",[1.2116405008604454],,uniform
sample_0022,2,shallow,uniform,irregular,2,2,2,0,0,0,0,1.0,1.0,0.3412141111731337,,w/o transport-aware footprint,0.5189345149160086,0.352636370002554,0.98205928237133,True,2,15.92733499365164,0.9882663017980347,"[[7.800000000000001, 22.400000000000002, 7.800000000000001], [16.400000000000002, 35.800000000000004, 8.200000000000001]]","[1.3721856021857262, 1.3884775790585953]",,uniform
sample_0032,1,shallow,uniform,irregular,1,1,1,0,0,0,0,1.0,1.0,0.7923250564334086,,w/o transport-aware footprint,0.8840919427632215,0.9267272993986162,0.8452070372601209,True,1,,1.0,"[[7.800000000000001, 23.0, 6.2]]",[0.925546548147099],,uniform
sample_0038,2,deep,uniform,irregular+sphere,2,2,2,0,0,0,0,1.0,1.0,0.4418845545816469,,w/o transport-aware footprint,0.7572636433513615,0.7277831129498945,0.7892333573661866,True,2,16.822603841260722,0.7184231306424439,"[[6.6000000000000005, 33.0, 5.2], [20.400000000000002, 24.0, 8.6]]","[1.706819898828488, 1.2262188951591817]",,uniform
sample_0079,2,medium,uniform,ellipsoid,2,1,1,1,0,1,0,0.5,1.0,0.269087754090233,,w/o transport-aware footprint,0.5832147110944477,0.4154973301877497,0.977981293842578,False,2,6.817624219623726,0.659858982559717,"[[19.200000000000003, 32.2, 9.0], [12.600000000000001, 30.6, 9.600000000000001]]","[1.1224453247944517, 0.740655629997778]",,uniform
sample_0096,2,medium,uniform,ellipsoid+sphere,2,2,2,0,0,0,0,1.0,1.0,0.6233705294011775,,w/o transport-aware footprint,0.7641900510205022,0.6306578947370851,0.96945792880262,True,2,9.785703858180057,0.5442071054219149,"[[13.8, 34.2, 5.4], [21.200000000000003, 27.8, 5.2]]","[1.4365330236304819, 0.7817714786329357]",,uniform
sample_0100,2,shallow,uniform,sphere,2,2,2,0,0,0,0,1.0,1.0,0.1665054107633831,,w/o transport-aware footprint,0.2898550724642827,0.1694915254244326,1.0,True,2,7.076722405181652,0.7544995524157119,"[[7.4, 35.4, 9.0], [9.8, 29.8, 12.600000000000001]]","[1.7608346644341792, 1.3285489661936585]",,uniform
sample_0108,1,deep,uniform,ellipsoid,1,1,1,0,0,0,0,1.0,1.0,0.7296790189640153,,w/o transport-aware footprint,0.8437814800465542,0.7843970609423827,0.9128940308518504,True,1,,1.0,"[[23.400000000000002, 23.6, 11.4]]",[0.7687044286973467],,uniform
sample_0113,3,medium,uniform,ellipsoid,3,3,3,0,0,0,0,1.0,1.0,0.4832186185350425,,w/o transport-aware footprint,0.5862007699143701,0.4197981168891171,0.9711538461539028,True,3,12.414507642270799,0.7833684824356897,"[[14.200000000000001, 24.0, 3.8000000000000003], [28.200000000000003, 27.200000000000003, 9.4], [9.0, 34.2, 8.6]]","[0.9570768000656917, 0.855428235469585, 0.749743800441867]",,uniform
sample_0122,3,deep,uniform,ellipsoid+sphere,3,2,2,1,0,1,0,0.6666666666666666,1.0,0.6007836745693871,,w/o transport-aware footprint,0.6920356140994056,0.6394920730335566,0.7539865343730032,False,3,4.707440918375929,0.5002942963886573,"[[18.6, 25.8, 12.200000000000001], [22.200000000000003, 32.0, 9.200000000000001], [20.200000000000003, 24.400000000000002, 8.0]]","[1.6764241341808352, 0.838705432658965, 0.8450994520540722]",,uniform
sample_0128,3,deep,uniform,ellipsoid+sphere,3,3,3,0,0,0,0,1.0,1.0,0.6054770470601393,,w/o transport-aware footprint,0.7677526000414051,0.895053797976638,0.6721538832611721,True,3,8.395236744726144,0.4619309934763417,"[[7.6000000000000005, 21.8, 9.600000000000001], [18.6, 27.8, 11.600000000000001], [10.4, 29.6, 11.600000000000001]]","[0.6939152759346308, 0.9641089215418889, 1.5022054933193618]",,uniform
sample_0130,2,shallow,uniform,ellipsoid+sphere,2,3,2,0,1,0,0,1.0,0.6666666666666666,0.4965203470609435,,w/o transport-aware footprint,0.856103286385061,0.8877799415775465,0.826609247506996,False,2,5.299056519796706,0.4940620372353948,"[[6.800000000000001, 23.200000000000003, 11.0], [9.4, 27.8, 11.4]]","[0.8375512262310378, 1.6952349363203316]",,uniform
sample_0158,1,medium,uniform,irregular,1,1,1,0,0,0,0,1.0,1.0,0.7395993836671803,,w/o transport-aware footprint,0.8503100088575285,0.751879699248509,0.9783938035059552,True,1,,1.0,"[[8.200000000000001, 27.8, 14.0]]",[1.5782075491871324],,uniform
sample_0163,3,deep,uniform,ellipsoid+sphere,3,3,3,0,0,0,0,1.0,1.0,0.511773172090848,,w/o transport-aware footprint,0.6808265478569362,0.5236941621368922,0.972673397717326,True,3,7.166589146867566,0.7240398375695541,"[[27.0, 29.0, 7.0], [13.8, 24.6, 5.6000000000000005], [28.6, 35.4, 9.8]]","[1.1725177615151223, 1.6194105637212064, 1.4204568669964528]",,uniform
sample_0180,1,medium,uniform,sphere,1,1,1,0,0,0,0,1.0,1.0,0.3377152379189039,,w/o transport-aware footprint,0.50505330195244,0.3378403408044657,1.0,True,1,,1.0,"[[15.0, 29.8, 9.4]]",[1.324300285083603],,uniform
sample_0187,3,medium,uniform,ellipsoid+sphere,3,3,3,0,0,0,0,1.0,1.0,0.5578584926751496,,w/o transport-aware footprint,0.7710051280125155,0.9642001409443438,0.6423072108163362,True,3,10.947145746723205,0.641405643838162,"[[11.4, 21.200000000000003, 7.0], [24.400000000000002, 34.6, 11.200000000000001], [8.200000000000001, 31.6, 5.800000000000001]]","[1.7643973946152292, 1.743805780936086, 1.1316944468795567]",,uniform
sample_0189,3,shallow,uniform,irregular+sphere,3,3,2,1,1,0,0,0.6666666666666666,0.6666666666666666,0.6650432263635633,,w/o transport-aware footprint,0.7935877941290705,0.7106720827180065,0.8984069557099268,False,3,9.368030742904295,0.5103080462792021,"[[13.4, 31.8, 8.4], [18.6, 21.200000000000003, 7.4], [22.400000000000002, 31.8, 5.800000000000001]]","[1.1753705826181304, 1.668726439313314, 0.8515645290204268]",,uniform
sample_0192,3,medium,uniform,ellipsoid+irregular,3,2,2,1,0,1,0,0.6666666666666666,1.0,0.2892388063779583,,w/o transport-aware footprint,0.6087405723733812,0.475621569260998,0.8453371592541674,False,3,4.565084884205331,0.7657735417057048,"[[10.8, 29.6, 8.0], [20.8, 25.6, 10.200000000000001], [10.8, 25.6, 5.800000000000001]]","[0.9873450938886968, 1.2893434417823546, 1.0064862056175317]",,uniform
sample_0207,2,medium,uniform,irregular+sphere,2,1,1,1,0,0,0,0.5,1.0,0.6901105980886932,,w/o transport-aware footprint,0.8074374195170051,0.9248812778817636,0.716459506159235,False,2,7.515317691222377,0.9620049928258332,"[[19.6, 34.800000000000004, 10.600000000000001], [16.0, 28.400000000000002, 9.0]]","[0.9810117749453144, 1.0197574672285743]",,uniform
sample_0234,3,deep,uniform,ellipsoid+sphere,3,3,2,1,1,0,0,0.6666666666666666,0.6666666666666666,0.4081146104664016,,w/o transport-aware footprint,0.5965586849949069,0.5057864710680474,0.7270384254923534,False,3,6.606057825965498,0.800525712471196,"[[11.600000000000001, 22.0, 6.0], [17.6, 21.6, 15.4], [17.0, 25.8, 6.2]]","[1.189650696008739, 0.9638794680079841, 1.2040580995612502]",,uniform
sample_0240,2,deep,uniform,ellipsoid+sphere,2,2,2,0,0,0,0,1.0,1.0,0.7226317405732242,,w/o transport-aware footprint,0.8388711042426173,0.9745233820637988,0.7363695090440979,True,2,19.7453792062852,0.9375036154285199,"[[8.6, 29.0, 5.800000000000001], [26.0, 35.6, 12.4]]","[0.6309955369665391, 0.6730593104732933]",,uniform
sample_0248,3,deep,uniform,irregular,3,3,3,0,0,0,0,1.0,1.0,0.4952971109247903,,w/o transport-aware footprint,0.7830668268786896,0.9355640218652004,0.6733161136500404,True,3,6.459102104782056,0.37541811705934075,"[[11.600000000000001, 31.0, 8.6], [26.6, 34.2, 13.200000000000001], [8.200000000000001, 25.6, 9.600000000000001]]","[1.6513970410585972, 1.295686265348563, 0.6199643676715854]",,uniform
sample_0260,3,medium,uniform,sphere,2,2,2,0,0,0,0,1.0,1.0,0.4155611443097584,,w/o transport-aware footprint,0.660500702145339,0.7043271713315042,0.6218088986144951,True,3,4.4810713004816165,0.4968866319822464,"[[19.8, 28.0, 9.0], [11.600000000000001, 24.400000000000002, 8.200000000000001], [14.200000000000001, 20.8, 8.8]]","[1.4425705055320766, 0.9885648216420333, 0.7167939998907601]",,uniform
sample_0276,2,shallow,uniform,irregular+sphere,2,2,2,0,0,0,0,1.0,1.0,0.682668201835281,,w/o transport-aware footprint,0.800892613170689,0.7054717586651914,0.9261638929851208,True,2,11.233877335986895,0.6633564178031782,"[[15.8, 27.200000000000003, 5.2], [11.200000000000001, 30.200000000000003, 15.0]]","[1.0726070540800199, 0.7115207731049419]",,uniform
sample_0280,1,shallow,uniform,irregular,1,1,1,0,0,0,0,1.0,1.0,0.1671757518796992,,w/o transport-aware footprint,0.2864908395416886,0.1671953941967251,1.0,True,1,,1.0,"[[22.0, 20.400000000000002, 8.8]]",[1.1539854990739526],,uniform
sample_0290,3,medium,uniform,ellipsoid+irregular,3,4,3,0,1,0,1,1.0,0.75,0.4679138710017285,,w/o transport-aware footprint,0.6290178877391444,0.7821714675304396,0.5260201742322753,False,3,7.318469785412794,0.7040410974083021,"[[16.400000000000002, 31.200000000000003, 11.8], [23.6, 31.8, 4.800000000000001], [27.8, 29.200000000000003, 10.200000000000001]]","[1.66376946912772, 1.6386301491429038, 1.1713620828791083]",,uniform
sample_0297,1,shallow,uniform,irregular,1,1,1,0,0,0,0,1.0,1.0,0.6853298611111112,,w/o transport-aware footprint,0.8133186166299436,0.9565556036348276,0.7073920000001873,True,1,,1.0,"[[18.6, 24.200000000000003, 13.600000000000001]]",[1.444273508324538],,uniform
sample_0300,3,shallow,uniform,ellipsoid+irregular,3,3,3,0,0,0,0,1.0,1.0,0.484500785381768,,w/o transport-aware footprint,0.6951114338887499,0.5531715070079806,0.935034802784302,True,3,7.090839160494334,0.4186776438536775,"[[24.0, 24.0, 6.6000000000000005], [22.8, 31.0, 4.800000000000001], [23.6, 30.200000000000003, 11.8]]","[1.6740250763885292, 1.4870679549128645, 0.7008768747343219]",,uniform
sample_0308,2,deep,uniform,irregular,2,2,2,0,0,0,0,1.0,1.0,0.6771413081272373,,w/o transport-aware footprint,0.8149281952010917,0.8221455173041855,0.8078364869691111,True,2,17.310112651279887,0.6535182522416206,"[[24.0, 26.200000000000003, 11.600000000000001], [8.200000000000001, 27.200000000000003, 4.6000000000000005]]","[1.4269860289825411, 0.9325614156338808]",,uniform
sample_0322,2,deep,uniform,irregular+sphere,2,1,1,1,0,1,0,0.5,1.0,0.3970241335510797,,w/o transport-aware footprint,0.6174623498568328,0.4602972592157355,0.9375983705213058,False,2,4.770744176750628,0.8143764154738123,"[[27.6, 29.0, 11.4], [25.0, 31.400000000000002, 14.600000000000001]]","[1.2008977191982768, 1.4746224183071197]",,uniform
sample_0328,1,medium,uniform,irregular,1,1,1,0,0,0,0,1.0,1.0,0.7161642727088813,,w/o transport-aware footprint,0.8345417035073183,0.8061724177202981,0.864980449658034,True,1,,1.0,"[[7.800000000000001, 30.400000000000002, 10.200000000000001]]",[0.6772633341817563],,uniform
sample_0335,1,shallow,uniform,ellipsoid,1,1,1,0,0,0,0,1.0,1.0,0.6152077044703177,,w/o transport-aware footprint,0.7618369526524014,0.6152961472115939,1.0,True,1,,1.0,"[[23.200000000000003, 35.2, 12.4]]",[0.6856508579500862],,uniform
sample_0347,2,deep,uniform,ellipsoid+irregular,2,2,2,0,0,0,0,1.0,1.0,0.4363517525927912,,w/o transport-aware footprint,0.5998098859318759,0.4692612791280748,0.830992098332241,True,2,5.5497747702046425,0.5815886959349378,"[[16.400000000000002, 32.0, 7.4], [14.600000000000001, 35.4, 3.4000000000000004]]","[0.6488656456245797, 1.1156778839751869]",,uniform
sample_0350,3,shallow,uniform,sphere,3,3,3,0,0,0,0,1.0,1.0,0.4953798602278979,,w/o transport-aware footprint,0.5506706986124287,0.4132433376010552,0.8250464684018934,True,3,12.237646832622683,0.5586838285646628,"[[25.0, 8.200000000000001, 8.4], [26.6, 29.8, 15.0], [16.2, 23.400000000000002, 14.200000000000001]]","[1.147266583413093, 1.0910096910257634, 0.640959287205527]",,uniform
sample_0378,2,deep,uniform,ellipsoid+sphere,2,1,1,1,0,1,0,0.5,1.0,0.3956922717721223,,w/o transport-aware footprint,0.7258904394918677,0.6206221061381808,0.8741638795987674,False,2,7.740800992145452,0.5050471732617079,"[[21.400000000000002, 29.400000000000002, 4.800000000000001], [14.200000000000001, 27.200000000000003, 6.6000000000000005]]","[0.9089731146179509, 1.7997786399785167]",,uniform
sample_0382,2,shallow,uniform,irregular+sphere,2,2,2,0,0,0,0,1.0,1.0,0.3939015174068782,,w/o transport-aware footprint,0.5793279455553811,0.4077844311383155,1.0,True,2,20.37743850438519,0.5423110927294854,"[[8.200000000000001, 31.8, 5.0], [28.400000000000002, 33.0, 7.4]]","[1.6508484752877974, 0.8952734405641303]",,uniform
sample_0386,3,deep,uniform,irregular+sphere,3,2,2,1,0,1,0,0.6666666666666666,1.0,0.4468564732756864,,w/o transport-aware footprint,0.621594698774472,0.536282789029567,0.7391841779977965,False,3,5.741080037762929,0.38456712115196046,"[[24.6, 24.200000000000003, 9.4], [27.6, 30.400000000000002, 8.6], [20.200000000000003, 21.400000000000002, 7.0]]","[1.7939342430782044, 0.6898881273965063, 1.060992625318614]",,uniform
sample_0396,3,deep,uniform,ellipsoid,3,2,2,1,0,0,0,0.6666666666666666,1.0,0.5670467651757847,,w/o transport-aware footprint,0.598815610402178,0.5555934748484366,0.6493299298024494,False,3,5.499090833947008,0.519777347986511,"[[30.200000000000003, 30.400000000000002, 7.800000000000001], [11.600000000000001, 32.2, 10.600000000000001], [16.400000000000002, 34.6, 9.4]]","[0.8860086591825449, 1.704592673410497, 0.9570104634689084]",,uniform
sample_0397,3,medium,uniform,ellipsoid,3,1,1,2,0,1,0,0.3333333333333333,1.0,0.6198954359191748,,w/o transport-aware footprint,0.7453074163678379,0.9103321785205724,0.6309322033900912,False,3,3.6932370625238766,0.47796811001482736,"[[27.0, 24.8, 5.800000000000001], [25.6, 28.400000000000002, 8.4], [23.8, 24.400000000000002, 7.6000000000000005]]","[1.5667354138102412, 0.7488495646321794, 1.395028539988018]",,uniform
sample_0401,3,deep,uniform,irregular+sphere,3,5,3,0,2,0,0,1.0,0.6,0.3290452632897837,,w/o transport-aware footprint,0.5704843609174582,0.3998783284199542,0.9949930135072252,False,3,9.52050418832952,0.8542473445169662,"[[24.200000000000003, 32.0, 10.4], [14.600000000000001, 23.400000000000002, 7.0], [15.4, 32.4, 4.0]]","[0.9626039594602778, 0.8223018761904596, 0.824633264829652]",,uniform
sample_0409,2,medium,uniform,irregular+sphere,2,2,2,0,0,0,0,1.0,1.0,0.3216615509907155,,w/o transport-aware footprint,0.4979200000002295,0.3314870046872411,1.0,True,2,15.370100845472681,0.5551500373445075,"[[9.0, 29.8, 9.8], [21.6, 21.0, 9.600000000000001]]","[0.6926241646187925, 1.2476341854030593]",,uniform
sample_0418,3,medium,uniform,ellipsoid+sphere,3,2,2,1,0,0,0,0.6666666666666666,1.0,0.3250617514066413,,w/o transport-aware footprint,0.4630269523155986,0.3281096963769244,0.7863849765264483,False,3,4.180908992073376,0.6389982385813748,"[[8.200000000000001, 21.6, 7.0], [6.4, 23.6, 10.200000000000001], [19.8, 28.6, 4.0]]","[0.7863847041652883, 1.1834215876714036, 1.23065238162647]",,uniform
sample_0436,2,medium,uniform,irregular,2,2,2,0,0,0,0,1.0,1.0,0.2756699939721646,,w/o transport-aware footprint,0.4396748431264691,0.2819387288529657,0.9980576238264872,True,2,11.02905254316979,0.7102882315019553,"[[24.8, 23.200000000000003, 11.8], [24.8, 34.2, 11.0]]","[1.2003380453100059, 1.6899309211019942]",,uniform
sample_0438,2,shallow,uniform,ellipsoid+sphere,2,1,1,1,0,1,0,0.5,1.0,0.445360824742268,,w/o transport-aware footprint,0.7469335540674641,0.6153750774958272,0.9500382848392992,False,2,6.359245238233857,0.7898365784887469,"[[22.400000000000002, 28.8, 10.600000000000001], [28.6, 29.0, 9.200000000000001]]","[0.8820753681285818, 0.6966953907318809]",,uniform
sample_0447,1,shallow,uniform,sphere,1,1,1,0,0,0,0,1.0,1.0,0.7403873140611844,,w/o transport-aware footprint,0.8507378437224008,0.7666036913242746,0.955615942029066,True,1,,1.0,"[[27.6, 35.2, 8.6]]",[0.8231974359957722],,uniform
sample_0449,2,deep,uniform,sphere,2,2,2,0,0,0,0,1.0,1.0,0.4992559882463409,,w/o transport-aware footprint,0.7183581736457781,0.622999589659804,0.8481843575421115,True,2,10.720074626605916,0.7912187891425575,"[[21.200000000000003, 25.200000000000003, 8.6], [26.200000000000003, 33.6, 4.2]]","[1.3234887830405562, 1.672721630479502]",,uniform
sample_0456,3,medium,uniform,ellipsoid+sphere,3,2,2,1,0,1,0,0.6666666666666666,1.0,0.4343898128324548,,w/o transport-aware footprint,0.573855396726922,0.8470948012234286,0.4338972431081241,False,3,3.611094017053556,0.8964784571339841,"[[16.8, 34.6, 9.600000000000001], [28.6, 31.6, 10.600000000000001], [18.0, 31.200000000000003, 9.8]]","[1.0373617005681002, 1.157151844880373, 1.1281308329391648]",,uniform
sample_0458,1,deep,uniform,irregular,1,1,1,0,0,0,0,1.0,1.0,0.6202710665880966,,w/o transport-aware footprint,0.7656386383475665,0.6340199975910925,0.9662199375803816,True,1,,1.0,"[[10.600000000000001, 35.0, 14.4]]",[1.1838636336289445],,uniform
sample_0469,3,shallow,uniform,ellipsoid+sphere,3,3,3,0,0,0,0,1.0,1.0,0.4656747928680571,,w/o transport-aware footprint,0.6954701180054742,0.676666666666966,0.7153484729838337,True,3,4.7201694884823775,0.43515300587465044,"[[12.4, 35.800000000000004, 4.800000000000001], [10.4, 21.200000000000003, 7.0], [8.8, 25.6, 6.4]]","[1.5783545775512307, 1.536767934078203, 0.6868257387574321]",,uniform
sample_0472,1,shallow,uniform,ellipsoid,1,1,1,0,0,0,0,1.0,1.0,0.8334607100673939,,w/o transport-aware footprint,0.909270067460051,0.9020905399308904,0.9165647921761028,True,1,,1.0,"[[11.4, 31.6, 8.200000000000001]]",[1.1730527499862964],,uniform
sample_0473,3,medium,uniform,ellipsoid+irregular,3,3,3,0,0,0,0,1.0,1.0,0.4904841396258301,,w/o transport-aware footprint,0.6423814549293488,0.5381051091333142,0.7967861334298124,True,3,9.427618999514142,0.78279484075879,"[[9.0, 33.4, 11.0], [28.200000000000003, 23.8, 7.0], [21.400000000000002, 28.8, 11.200000000000001]]","[0.6688471260658906, 0.8544347653307909, 0.8380940750697113]",,uniform
sample_0511,2,deep,uniform,ellipsoid+irregular,2,2,2,0,0,0,0,1.0,1.0,0.641505063563887,,w/o transport-aware footprint,0.7756206238066117,0.6905638991218565,0.8845735027224626,True,2,12.485191228010889,0.9041846477361158,"[[27.6, 30.8, 5.4], [16.2, 27.200000000000003, 9.0]]","[1.0664166946801916, 0.9642376034193221]",,uniform
sample_0521,3,medium,uniform,ellipsoid+sphere,2,2,2,0,0,0,0,1.0,1.0,0.5306080923574825,,w/o transport-aware footprint,0.7229993339044043,0.656811894882731,0.8040211640213714,True,3,3.458323293158117,0.5067086729586847,"[[12.200000000000001, 29.400000000000002, 6.800000000000001], [28.6, 32.4, 11.600000000000001], [8.8, 29.200000000000003, 6.2]]","[1.0965431616234627, 1.2977047460492215, 0.657558249762788]",,uniform
sample_0525,3,medium,uniform,ellipsoid+irregular,3,3,3,0,0,0,0,1.0,1.0,0.4184292026338971,,w/o transport-aware footprint,0.5934175325081855,0.5105995717349993,0.7083023912079187,True,3,6.743886120034946,0.3981874923427049,"[[15.200000000000001, 5.2, 15.200000000000001], [9.0, 33.4, 11.200000000000001], [6.2, 35.4, 5.4]]","[1.2275887375203953, 0.705123889734967, 1.7708338491157165]",,uniform
sample_0535,2,medium,uniform,ellipsoid+sphere,1,1,1,0,0,0,0,1.0,1.0,0.6470990610036689,,w/o transport-aware footprint,0.7856981046591461,0.7423129057574785,0.8344694843212491,True,2,3.7416573867739396,0.7813799182669287,"[[17.2, 32.6, 8.200000000000001], [13.8, 31.400000000000002, 9.200000000000001]]","[1.291375945254465, 1.6526863758140706]",,uniform
sample_0536,2,deep,uniform,sphere,2,2,2,0,0,0,0,1.0,1.0,0.5235593924247227,,w/o transport-aware footprint,0.7574724490606854,0.6228973790590391,0.9662216828479648,True,2,17.329743217947577,0.5577095204186867,"[[12.4, 30.6, 4.6000000000000005], [27.6, 25.8, 11.4]]","[1.080075263023287, 0.6023682569568043]",,uniform
sample_0541,1,shallow,uniform,irregular,1,1,1,0,0,0,0,1.0,1.0,0.5160163656321725,,w/o transport-aware footprint,0.6807978408270154,0.5163255117328843,0.999034003091192,True,1,,1.0,"[[12.600000000000001, 33.4, 12.4]]",[1.5173855193476922],,uniform
sample_0566,3,medium,uniform,irregular+sphere,3,1,1,2,0,1,0,0.3333333333333333,1.0,0.2990079499898077,,w/o transport-aware footprint,0.5159613615456495,0.3821675581754004,0.7938990728290792,False,3,6.276941930590087,0.7089859204591652,"[[17.6, 25.8, 7.6000000000000005], [11.8, 25.8, 10.0], [6.0, 26.8, 6.6000000000000005]]","[0.8546464008230681, 0.9424262736404305, 0.6681669590818617]",,uniform
sample_0585,2,deep,uniform,ellipsoid+sphere,2,2,2,0,0,0,0,1.0,1.0,0.5112362148455134,,w/o transport-aware footprint,0.680153970101298,0.863605364855804,0.560986414648877,True,2,14.643770006388385,0.5883204611732864,"[[26.200000000000003, 34.6, 12.8], [14.600000000000001, 28.8, 6.0]]","[1.5370782095977522, 0.9042945611299589]",,uniform
sample_0603,1,medium,uniform,irregular,1,1,1,0,0,0,0,1.0,1.0,0.7017407371389672,,w/o transport-aware footprint,0.8247599451304156,0.735623980424413,0.9384755463060114,True,1,,1.0,"[[25.6, 33.4, 11.8]]",[1.093220912880486],,uniform
sample_0610,2,medium,uniform,sphere,2,1,1,1,0,1,0,0.5,1.0,0.3799187788825094,,w/o transport-aware footprint,0.5984305040683653,0.4479279279283258,0.9012470997681248,False,2,6.8,0.5678560840696262,"[[12.600000000000001, 22.200000000000003, 5.0], [18.6, 25.400000000000002, 5.0]]","[1.117460969735426, 0.6345570103746061]",,uniform
sample_0626,3,shallow,uniform,ellipsoid+sphere,3,3,3,0,0,0,0,1.0,1.0,0.2927485386704628,,w/o transport-aware footprint,0.4949510641605193,0.3312538989398361,0.9785012285012616,True,3,7.224956747275378,0.7001642778770407,"[[11.200000000000001, 32.0, 6.800000000000001], [6.0, 27.0, 6.4], [18.6, 24.0, 8.4]]","[1.2810346143212756, 0.8969346756717493, 0.9652531240987092]",,uniform
sample_0633,2,medium,uniform,irregular+sphere,2,2,2,0,0,0,0,1.0,1.0,0.3530686493645596,,w/o transport-aware footprint,0.5337820346884685,0.395423165431609,0.8210777807278442,True,2,19.787875075409186,0.46638039182734387,"[[19.6, 35.2, 4.2], [8.0, 19.200000000000003, 5.2]]","[1.524385839442918, 0.7109436650954426]",,uniform
sample_0646,3,deep,uniform,ellipsoid+irregular,3,2,2,1,0,0,0,0.6666666666666666,1.0,0.6522539719774401,,w/o transport-aware footprint,0.7756881984192897,0.7199595244120752,0.8407680945348688,False,3,8.602325267042625,0.5350178805983417,"[[22.6, 35.4, 7.4], [9.200000000000001, 30.8, 13.8], [26.400000000000002, 28.8, 11.4]]","[0.935491412018155, 1.748523639942539, 1.559381396631955]",,uniform
sample_0647,3,deep,uniform,ellipsoid+irregular+sphere,3,2,2,1,0,0,0,0.6666666666666666,1.0,0.6442895255817839,,w/o transport-aware footprint,0.7646997750476675,0.7227528457413824,0.8118157101919231,False,3,6.016643582596529,0.8802884699363134,"[[22.200000000000003, 22.8, 8.4], [14.8, 29.6, 6.4], [21.8, 28.8, 8.200000000000001]]","[1.4324841571949083, 1.3508713617240162, 1.2609992869451152]",,uniform
sample_0652,3,medium,uniform,ellipsoid+irregular+sphere,3,2,2,1,0,1,0,0.6666666666666666,1.0,0.5695901362020375,,w/o transport-aware footprint,0.6959057931387598,0.759993629559038,0.6417860264947605,False,3,5.095095681142798,0.49622137134572175,"[[27.200000000000003, 31.6, 12.600000000000001], [10.600000000000001, 27.0, 11.4], [14.8, 25.400000000000002, 9.0]]","[1.5982158403952211, 0.7930688560273718, 1.147439606772461]",,uniform
sample_0661,1,medium,uniform,irregular,1,1,1,0,0,0,0,1.0,1.0,0.4539023541690827,,w/o transport-aware footprint,0.6244167032267282,0.4539286749785712,1.0,True,1,,1.0,"[[25.8, 31.200000000000003, 14.4]]",[1.4036523072098757],,uniform
sample_0666,1,deep,uniform,ellipsoid,1,1,1,0,0,0,0,1.0,1.0,0.2799294532627866,,w/o transport-aware footprint,0.43743798919665,0.2799492027661351,1.0,True,1,,1.0,"[[17.400000000000002, 21.8, 6.2]]",[1.2040445337674472],,uniform
sample_0674,3,shallow,uniform,ellipsoid+irregular,3,2,2,1,0,1,0,0.6666666666666666,1.0,0.5042837860097233,,w/o transport-aware footprint,0.7909977494374377,0.6869502899213715,0.9321899036336908,False,3,6.273754856543249,0.5425071374506174,"[[21.400000000000002, 34.0, 11.0], [8.4, 30.0, 5.2], [6.4, 28.0, 10.8]]","[1.467527607263417, 0.9443736138800551, 1.7407579526380301]",,uniform
sample_0676,3,medium,uniform,irregular+sphere,2,1,1,1,0,1,0,0.5,1.0,0.3635789207633009,,w/o transport-aware footprint,0.7578756570600842,0.6979368364828084,0.8290767766498818,False,3,3.969886648255841,0.37425660214784573,"[[26.6, 30.6, 7.800000000000001], [26.8, 32.800000000000004, 12.600000000000001], [24.400000000000002, 33.800000000000004, 9.600000000000001]]","[0.6186855223065352, 1.1362500714036514, 1.6531051656962639]",,uniform
sample_0681,3,medium,uniform,ellipsoid+irregular+sphere,3,2,2,1,0,0,0,0.6666666666666666,1.0,0.6610248784673807,,w/o transport-aware footprint,0.7857208687905792,0.7959666376199452,0.7757355171369271,False,3,7.932212806020775,0.4258952425413514,"[[19.0, 29.0, 11.8], [29.6, 28.8, 9.200000000000001], [23.6, 33.4, 6.800000000000001]]","[0.6531047831305085, 0.7076898115664684, 1.5334869185985252]",,uniform
sample_0712,2,shallow,uniform,irregular+sphere,2,1,1,1,0,1,0,0.5,1.0,0.1491929724325096,,w/o transport-aware footprint,0.4517912428132177,0.2993187312289946,0.9208924949291843,False,2,5.2306787322488075,0.5440330798483055,"[[21.6, 32.800000000000004, 7.2], [21.200000000000003, 35.6, 11.600000000000001]]","[0.8381645075978714, 1.5406498954651426]",,uniform
sample_0751,3,shallow,uniform,irregular+sphere,3,3,3,0,0,0,0,1.0,1.0,0.6751676963635586,,w/o transport-aware footprint,0.8111652381246406,0.8084234677155816,0.8139256692654318,True,3,11.513470371699405,0.7600561661062886,"[[11.4, 34.6, 10.4], [25.8, 34.2, 6.800000000000001], [25.0, 22.8, 8.200000000000001]]","[0.8917650674336657, 0.8407833506348595, 1.1062121302720698]",,uniform
sample_0761,1,deep,uniform,sphere,1,1,1,0,0,0,0,1.0,1.0,0.6214107703976596,,w/o transport-aware footprint,0.7665062817430055,0.6280113885242794,0.983367626886174,True,1,,1.0,"[[13.0, 28.0, 7.6000000000000005]]",[1.4544811746640263],,uniform
sample_0777,2,medium,uniform,ellipsoid+irregular,2,2,2,0,0,0,0,1.0,1.0,0.7466317486094223,,w/o transport-aware footprint,0.8587901034862069,0.8734812689841911,0.8445849479910893,True,2,18.24280680158621,0.9804225349188295,"[[29.6, 28.6, 10.200000000000001], [12.0, 33.4, 10.200000000000001]]","[0.7558336653382585, 0.7410363581479256]",,uniform
sample_0778,1,deep,uniform,ellipsoid,1,1,1,0,0,0,0,1.0,1.0,0.5541623726096416,,w/o transport-aware footprint,0.7131383096309362,0.9527466036621848,0.569830428638972,True,1,,1.0,"[[25.6, 25.0, 9.8]]",[0.9667427477953602],,uniform
sample_0791,1,medium,uniform,sphere,1,1,1,0,0,0,0,1.0,1.0,0.8636763412489006,,w/o transport-aware footprint,0.926852288815548,0.945139557266708,0.9092592592594272,True,1,,1.0,"[[29.400000000000002, 33.2, 7.0]]",[1.2303316900155439],,uniform
sample_0796,1,deep,uniform,ellipsoid,1,1,1,0,0,0,0,1.0,1.0,0.8048115667219721,,w/o transport-aware footprint,0.8918368687201078,0.8728628358402457,0.9116541353384644,True,1,,1.0,"[[26.400000000000002, 30.400000000000002, 11.600000000000001]]",[1.2987087946238862],,uniform
sample_0807,1,medium,uniform,ellipsoid,1,1,1,0,0,0,0,1.0,1.0,0.5733161833489242,,w/o transport-aware footprint,0.7287997027129478,0.583204472463919,0.9712757527734324,True,1,,1.0,"[[15.4, 26.8, 10.600000000000001]]",[1.477919646194513],,uniform
sample_0817,1,shallow,uniform,sphere,1,1,1,0,0,0,0,1.0,1.0,0.4184584433547089,,w/o transport-aware footprint,0.5901232378760616,0.4185637026796396,1.0,True,1,,1.0,"[[14.4, 29.200000000000003, 12.200000000000001]]",[1.5949407857857603],,uniform
sample_0823,1,deep,uniform,irregular,1,1,1,0,0,0,0,1.0,1.0,0.5941535150645624,,w/o transport-aware footprint,0.7453965872868009,0.9338470212366718,0.6202334144669411,True,1,,1.0,"[[17.6, 21.0, 10.600000000000001]]",[1.542609753605651],,uniform
sample_0858,3,deep,uniform,ellipsoid+irregular,3,3,3,0,0,0,0,1.0,1.0,0.6188471873060916,,w/o transport-aware footprint,0.7672227896947527,0.7142253402080491,0.8287157357917773,True,3,10.697663296253069,0.5182959251211388,"[[13.4, 24.200000000000003, 9.8], [26.400000000000002, 35.4, 10.200000000000001], [23.400000000000002, 24.200000000000003, 6.0]]","[1.3497783796590217, 0.7085422341395766, 0.6995846339938843]",,uniform
sample_0860,3,deep,uniform,ellipsoid+sphere,3,3,3,0,0,0,0,1.0,1.0,0.5804448451266347,,w/o transport-aware footprint,0.7877740503541771,0.8010474812212797,0.7749333333334834,True,3,7.6837490849194205,0.583160485068355,"[[28.8, 25.200000000000003, 6.800000000000001], [13.200000000000001, 25.8, 4.0], [12.0, 28.200000000000003, 11.200000000000001]]","[1.7730251444010348, 1.277099432899991, 1.0339582032472976]",,uniform
sample_0867,3,medium,uniform,ellipsoid+irregular,3,3,3,0,0,0,0,1.0,1.0,0.3953293243025992,,w/o transport-aware footprint,0.6585385121791552,0.8542734166838463,0.5357785585741984,True,3,6.893475175845635,0.7780838606981993,"[[31.200000000000003, 33.4, 6.4], [13.4, 21.400000000000002, 7.6000000000000005], [24.400000000000002, 34.2, 5.6000000000000005]]","[1.0419523424969663, 0.9235560415081601, 1.186962084883015]",,uniform
sample_0870,3,shallow,uniform,ellipsoid+sphere,3,2,2,1,0,1,0,0.6666666666666666,1.0,0.4704437061191584,,w/o transport-aware footprint,0.4855169672581679,0.5532782244371495,0.4325424929183493,False,3,5.858327406350721,0.734872152369636,"[[8.4, 26.400000000000002, 5.800000000000001], [21.200000000000003, 32.0, 5.0], [27.0, 31.8, 5.800000000000001]]","[0.8836205121635925, 0.6493481076516193, 0.8030625395100867]",,uniform
sample_0875,3,shallow,uniform,sphere,3,4,3,0,1,0,0,1.0,0.75,0.562849378452303,,w/o transport-aware footprint,0.6966424926136467,0.5593995341216811,0.9231207289294944,False,3,8.170679286326202,0.6128474432574942,"[[27.8, 35.0, 10.200000000000001], [12.8, 27.6, 11.0], [11.4, 34.800000000000004, 14.600000000000001]]","[1.6424426116046171, 1.086236963114267, 1.0065667552190511]",,uniform
sample_0881,3,deep,uniform,ellipsoid+irregular,1,1,1,0,0,0,0,1.0,1.0,0.5781088012222404,,w/o transport-aware footprint,0.7326325253294145,0.6700082221239422,0.808170582850241,True,3,5.067543783727972,0.5214971605387212,"[[18.400000000000002, 26.400000000000002, 8.200000000000001], [13.4, 26.200000000000003, 9.0], [7.0, 26.8, 9.4]]","[0.6417652859255485, 1.23062086332855, 1.0014330933211562]",,uniform
sample_0895,2,deep,uniform,sphere,2,2,2,0,0,0,0,1.0,1.0,0.6298038778360374,,w/o transport-aware footprint,0.7735964912281695,0.8415076335879375,0.7158279220781527,True,2,20.83266665599966,0.8431858821940668,"[[27.200000000000003, 26.0, 12.4], [6.6000000000000005, 25.200000000000003, 9.4]]","[1.4882628983832302, 1.765047221272964]",,uniform
sample_0911,2,medium,uniform,irregular+sphere,2,2,2,0,0,0,0,1.0,1.0,0.4370640923859625,,w/o transport-aware footprint,0.6468567740151578,0.997015349630474,0.4787252192310783,True,2,16.24930767755968,0.9635631066224482,"[[13.600000000000001, 30.200000000000003, 9.600000000000001], [29.400000000000002, 31.400000000000002, 6.0]]","[0.7864767847524651, 0.7578200140025197]",,uniform
sample_0913,2,shallow,uniform,ellipsoid,2,2,2,0,0,0,0,1.0,1.0,0.3054939117217136,,w/o transport-aware footprint,0.4507783380840546,0.290970846306757,1.0,True,2,18.089776118017603,0.4596035070760091,"[[15.8, 21.6, 8.4], [26.8, 35.6, 5.2]]","[1.60760238749581, 0.7388596952768397]",,uniform
sample_0914,1,deep,uniform,ellipsoid,1,1,1,0,0,0,0,1.0,1.0,0.3937625967964357,,w/o transport-aware footprint,0.5650353908215503,0.3937625967970788,1.0,True,1,,1.0,"[[16.0, 34.4, 8.6]]",[0.6772886503757445],,uniform
sample_0920,1,medium,uniform,sphere,1,1,1,0,0,0,0,1.0,1.0,0.5141022942538414,,w/o transport-aware footprint,0.6788569839395961,0.5225302365412366,0.9686507936508558,True,1,,1.0,"[[17.6, 22.0, 10.0]]",[0.8429185829601086],,uniform
sample_0932,1,medium,uniform,irregular,1,1,1,0,0,0,0,1.0,1.0,0.2754749568221071,,w/o transport-aware footprint,0.4319984523124085,0.2755089450965138,1.0,True,1,,1.0,"[[11.4, 22.0, 6.4]]",[1.1462573523403923],,uniform
sample_0942,2,deep,uniform,irregular+sphere,2,2,2,0,0,0,0,1.0,1.0,0.6968905443315496,,w/o transport-aware footprint,0.8520472616483228,0.923783435385234,0.7906495655774505,True,2,17.76063061943466,0.6373712577526622,"[[11.4, 31.0, 15.4], [26.0, 35.2, 6.2]]","[1.1964464781376187, 0.7625805966043171]",,uniform
sample_0953,1,medium,uniform,ellipsoid,1,1,1,0,0,0,0,1.0,1.0,0.7411066207653545,,w/o transport-aware footprint,0.8512394325835074,0.8647452692868327,0.838148984198737,True,1,,1.0,"[[16.8, 25.8, 4.2]]",[1.0908375853517647],,uniform
sample_0960,1,medium,uniform,ellipsoid,1,1,1,0,0,0,0,1.0,1.0,0.6614406315097029,,w/o transport-aware footprint,0.796277964759588,0.6631856656044155,0.9962021136063473,True,1,,1.0,"[[6.0, 29.8, 8.8]]",[1.4997221838954973],,uniform
sample_0974,2,medium,uniform,ellipsoid+sphere,2,2,2,0,0,0,0,1.0,1.0,0.4627425043338948,,w/o transport-aware footprint,0.696894646599641,0.5713839425186327,0.893066406250261,True,2,11.46472851837321,0.8588533575388163,"[[29.400000000000002, 32.4, 10.200000000000001], [20.200000000000003, 27.0, 6.0]]","[1.167069153311541, 1.3588689420228466]",,uniform
sample_0977,3,shallow,uniform,ellipsoid+sphere,3,3,3,0,0,0,0,1.0,1.0,0.4470763945123395,,w/o transport-aware footprint,0.6041016495766072,0.7453245324534787,0.5078710644680735,True,3,8.106787279804495,0.532594836902992,"[[15.0, 21.6, 9.8], [21.200000000000003, 28.0, 8.0], [29.0, 27.8, 10.200000000000001]]","[0.8733946874617959, 1.6398857573245267, 1.2709190065273968]",,uniform
sample_0979,1,medium,uniform,sphere,1,1,1,0,0,0,0,1.0,1.0,0.5921564390665515,,w/o transport-aware footprint,0.743942992874283,0.5947911014654423,0.9929347826087084,True,1,,1.0,"[[21.200000000000003, 28.8, 6.6000000000000005]]",[0.9124639108806094],,uniform
sample_1000,3,medium,uniform,irregular+sphere,3,2,2,1,0,1,0,0.6666666666666666,1.0,0.4741817790543828,,w/o transport-aware footprint,0.6946854880634644,0.5538481157944566,0.9315744315745048,False,3,5.574943945906542,0.5335892542941105,"[[13.8, 31.400000000000002, 8.4], [23.0, 25.400000000000002, 6.4], [16.0, 27.400000000000002, 5.2]]","[0.7145712178136691, 1.2927253932549585, 1.339178426220335]",,uniform
sample_1002,2,deep,uniform,irregular,1,1,1,0,0,0,0,1.0,1.0,0.5537289285527895,,w/o transport-aware footprint,0.7126444504166513,0.9041854914330372,0.5880689693410278,True,2,4.237924020083422,0.9390239201939343,"[[25.0, 35.2, 9.200000000000001], [27.400000000000002, 32.0, 7.800000000000001]]","[1.363166654384997, 1.4516846962785201]",,uniform
sample_1003,3,medium,uniform,ellipsoid+sphere,3,2,2,1,0,1,0,0.6666666666666666,1.0,0.598631311818391,,w/o transport-aware footprint,0.7069966279091734,0.6173054027095224,0.8271817868231169,False,3,6.876045375068432,0.5271914780273269,"[[6.6000000000000005, 32.6, 9.200000000000001], [24.400000000000002, 28.400000000000002, 12.200000000000001], [29.0, 31.0, 7.800000000000001]]","[0.942228445840742, 1.7872603885146674, 1.3835867340832535]",,uniform
sample_1015,3,medium,uniform,ellipsoid+irregular,3,2,2,1,0,0,0,0.6666666666666666,1.0,0.6873237401057019,,w/o transport-aware footprint,0.8176661023493964,0.8105163987518045,0.8249430660434945,False,3,3.6110940170535586,0.47162250334534994,"[[6.6000000000000005, 26.6, 6.4], [20.8, 28.8, 9.4], [19.0, 31.6, 10.8]]","[1.166430793632752, 0.6166820702507989, 1.3075755840243013]",,uniform
sample_1018,1,medium,uniform,ellipsoid,1,1,1,0,0,0,0,1.0,1.0,0.6005825047705132,,w/o transport-aware footprint,0.7504549162328227,0.6047123066036962,0.9887566137566324,True,1,,1.0,"[[22.200000000000003, 35.6, 10.0]]",[1.4701907001862184],,uniform
sample_1028,2,shallow,uniform,ellipsoid+sphere,2,1,1,1,0,1,0,0.5,1.0,0.4948478312964294,,w/o transport-aware footprint,0.7027807872879829,0.5868010683211968,0.8759002057614764,False,2,10.461357464497617,0.9245665860729793,"[[8.200000000000001, 22.6, 5.6000000000000005], [18.6, 23.400000000000002, 6.4]]","[1.605093338683937, 1.7360494775194497]",,uniform
sample_1068,3,shallow,uniform,ellipsoid+irregular+sphere,3,2,2,1,0,0,0,0.6666666666666666,1.0,0.6670993568013316,,w/o transport-aware footprint,0.8632723349517145,0.9669083472764762,0.7797016715390302,False,3,8.901685233707155,0.4257236727131882,"[[7.800000000000001, 29.400000000000002, 11.0], [16.6, 30.0, 12.200000000000001], [28.8, 29.0, 5.0]]","[1.4606527663267703, 0.6218344602393109, 1.31408215424306]",,uniform
sample_1069,3,shallow,uniform,ellipsoid+sphere,3,3,3,0,0,0,0,1.0,1.0,0.5067344850487143,,w/o transport-aware footprint,0.6941508790727867,0.7952795446937868,0.6158399585207329,True,3,11.15347479487895,0.7148932396706305,"[[24.400000000000002, 33.6, 14.8], [17.8, 22.400000000000002, 13.600000000000001], [16.0, 27.0, 3.6]]","[1.7345310460914067, 1.2400045188495734, 1.3225870886075557]",,uniform
sample_1072,3,medium,uniform,ellipsoid+irregular,3,2,2,1,0,1,0,0.6666666666666666,1.0,0.1987472874359453,,w/o transport-aware footprint,0.4910478089178809,0.3425881345961897,0.8665764546686514,False,3,6.764613810115106,0.8436671568817132,"[[10.0, 31.200000000000003, 5.2], [20.200000000000003, 18.400000000000002, 13.200000000000001], [15.200000000000001, 28.8, 8.8]]","[0.9566022075763236, 1.0989848409283705, 1.1338620921454745]",,uniform
sample_1078,2,medium,uniform,irregular+sphere,2,2,2,0,0,0,0,1.0,1.0,0.6034895897739307,,w/o transport-aware footprint,0.7308561684578931,0.9593961478397092,0.5902510889062322,True,2,8.54400374531753,0.8643636592448681,"[[26.0, 31.8, 8.200000000000001], [25.0, 23.400000000000002, 7.0]]","[1.1585976559323465, 1.3404053300257086]",,uniform
sample_1081,2,shallow,uniform,ellipsoid+sphere,1,1,1,0,0,0,0,1.0,1.0,0.6440081394709344,,w/o transport-aware footprint,0.783338909334298,0.841866820077778,0.7324199199200874,True,2,5.223025942880238,0.5652438711088008,"[[22.200000000000003, 30.8, 10.8], [26.400000000000002, 31.6, 13.8]]","[1.5749403462725533, 0.8902253780925332]",,uniform
sample_1085,2,medium,uniform,irregular,2,2,2,0,0,0,0,1.0,1.0,0.7304192807528568,,w/o transport-aware footprint,0.8459175613609555,0.8216640145488624,0.8716464701272855,True,2,15.596153371905524,0.35393235505974513,"[[26.400000000000002, 32.6, 9.0], [11.200000000000001, 29.200000000000003, 9.8]]","[1.7784677389309835, 0.629457275237623]",,uniform
sample_1086,2,deep,uniform,irregular+sphere,2,2,2,0,0,0,0,1.0,1.0,0.4921560872003402,,w/o transport-aware footprint,0.7474570069522521,0.6276268895174787,0.9238422575978222,True,2,16.615655268450894,0.7228169001016791,"[[6.800000000000001, 30.6, 6.800000000000001], [18.2, 19.0, 10.200000000000001]]","[1.770535551890894, 1.2797730191375916]",,uniform
sample_1092,3,deep,uniform,ellipsoid+irregular+sphere,3,3,3,0,0,0,0,1.0,1.0,0.4551474928965787,,w/o transport-aware footprint,0.6298212407993145,0.6094920221429424,0.6515533896095625,True,3,10.875660899458019,0.7695215405497813,"[[25.8, 23.8, 11.200000000000001], [13.0, 30.6, 5.2], [21.0, 16.8, 4.4]]","[0.739354994190476, 0.9607983080788708, 0.8543324310225366]",,uniform
sample_1093,2,deep,uniform,ellipsoid+sphere,2,2,2,0,0,0,0,1.0,1.0,0.7506823228107151,,w/o transport-aware footprint,0.8635294968713193,0.898938173055276,0.8308045657016768,True,2,17.805617091243988,0.6360987363983946,"[[28.200000000000003, 29.200000000000003, 12.200000000000001], [11.200000000000001, 30.200000000000003, 7.0]]","[1.3569647366871247, 0.8631635543438604]",,uniform
sample_1096,2,shallow,uniform,ellipsoid+irregular,2,2,2,0,0,0,0,1.0,1.0,0.4371641954760463,,w/o transport-aware footprint,0.6326851677051059,0.6944329327257256,0.5810217290802236,True,2,10.943491216243563,0.4390098666794439,"[[21.200000000000003, 28.8, 5.2], [13.8, 20.8, 6.2]]","[0.6326103513383547, 1.4409934704275655]",,uniform
sample_1112,3,medium,uniform,ellipsoid+irregular+sphere,3,2,2,1,0,0,0,0.6666666666666666,1.0,0.5757616057240031,,w/o transport-aware footprint,0.6807061790669691,0.6487460940632571,0.7159784242641117,False,3,6.248199740725324,0.5018662836459203,"[[12.4, 25.200000000000003, 8.6], [8.0, 31.8, 10.600000000000001], [16.400000000000002, 25.200000000000003, 3.8000000000000003]]","[0.8656287439667854, 0.8184282882710069, 1.6307696192008572]",,uniform
sample_1126,1,medium,uniform,irregular,1,1,1,0,0,0,0,1.0,1.0,0.4906911798929486,,w/o transport-aware footprint,0.6583404886428394,0.4935627340829897,0.9882821654558512,True,1,,1.0,"[[23.8, 26.6, 5.800000000000001]]",[1.4147925397548518],,uniform
sample_1133,1,shallow,uniform,irregular,1,1,1,0,0,0,0,1.0,1.0,0.7181543116490167,,w/o transport-aware footprint,0.8359602007573866,0.7416028745512551,0.9578288942696572,True,1,,1.0,"[[6.4, 28.0, 11.4]]",[1.7365698156179596],,uniform
sample_1135,3,deep,uniform,irregular+sphere,2,2,2,0,0,0,0,1.0,1.0,0.5636572867252533,,w/o transport-aware footprint,0.6800598140564073,0.8424613402063125,0.570151531669263,True,3,3.8418745424597103,0.8344160538504245,"[[12.0, 29.400000000000002, 15.600000000000001], [15.8, 22.0, 6.0], [18.400000000000002, 20.0, 8.0]]","[1.2019079958883991, 1.0028913270204702, 1.0271013272180367]",,uniform
sample_1139,1,medium,uniform,irregular,1,1,1,0,0,0,0,1.0,1.0,0.3340487804878049,,w/o transport-aware footprint,0.5008044463949826,0.3340487804884545,1.0,True,1,,1.0,"[[21.6, 28.8, 9.4]]",[1.1027310245976345],,uniform
sample_1167,2,medium,uniform,ellipsoid+sphere,2,2,2,0,0,0,0,1.0,1.0,0.6051127231588641,,w/o transport-aware footprint,0.7711880619859521,0.6857774753320127,0.8809003496504797,True,2,11.518680479985544,0.5634975639357582,"[[17.2, 28.400000000000002, 9.4], [26.400000000000002, 33.4, 14.200000000000001]]","[1.2398542292319294, 0.6986548378076394]",,uniform
sample_1175,1,deep,uniform,irregular,1,1,1,0,0,0,0,1.0,1.0,0.6889916281394477,,w/o transport-aware footprint,0.8158615077311416,0.7149896265563862,0.949870801033678,True,1,,1.0,"[[7.6000000000000005, 35.4, 6.6000000000000005]]",[0.8016991298114093],,uniform
sample_1185,2,medium,uniform,ellipsoid+irregular,2,2,2,0,0,0,0,1.0,1.0,0.3416788915923482,,w/o transport-aware footprint,0.5062481836678255,0.339942237140473,0.9911242603550496,True,2,10.64894360957931,0.5608410496496863,"[[16.400000000000002, 23.6, 5.4], [8.6, 26.6, 12.0]]","[1.7536854584893726, 0.9835387932945712]",,uniform
sample_1211,1,medium,uniform,irregular,1,1,1,0,0,0,0,1.0,1.0,0.5086129553202943,,w/o transport-aware footprint,0.6742789176332594,0.5086129553207351,1.0,True,1,,1.0,"[[24.8, 34.0, 13.600000000000001]]",[1.6753562844522145],,uniform
sample_1215,2,shallow,uniform,ellipsoid+sphere,2,2,2,0,0,0,0,1.0,1.0,0.4956556985465941,,w/o transport-aware footprint,0.8118336554648632,0.8590183401505086,0.7695626477542733,True,2,12.074767078498866,0.5088373692640419,"[[17.8, 23.0, 9.0], [24.200000000000003, 33.0, 6.800000000000001]]","[1.7075637540113062, 0.8688722484417446]",,uniform
sample_1230,3,deep,uniform,ellipsoid+sphere,3,3,3,0,0,0,0,1.0,1.0,0.343619590797965,,w/o transport-aware footprint,0.5464613591103383,0.3942664891011465,0.8900316455697943,True,3,10.667708282475669,0.4035806482835489,"[[27.0, 25.400000000000002, 8.4], [11.4, 31.8, 12.0], [6.6000000000000005, 25.8, 4.6000000000000005]]","[0.7918321389229362, 1.5152620781023884, 0.6115304518000394]",,uniform
sample_1244,1,shallow,uniform,sphere,1,1,1,0,0,0,0,1.0,1.0,0.6958118187033849,,w/o transport-aware footprint,0.8206793882799969,0.712908535151995,0.9668367346939304,True,1,,1.0,"[[10.600000000000001, 24.0, 7.4]]",[1.3809242989685004],,uniform
sample_1259,2,deep,uniform,irregular+sphere,2,2,2,0,0,0,0,1.0,1.0,0.5334115278208609,,w/o transport-aware footprint,0.7075668688477142,0.5630192262049505,0.9519732441472214,True,2,15.942396306703706,0.7784204569611174,"[[19.8, 22.0, 6.800000000000001], [11.200000000000001, 35.4, 7.6000000000000005]]","[1.009748734685939, 1.2971765138700313]",,uniform
sample_1262,1,shallow,uniform,irregular,1,1,1,0,0,0,0,1.0,1.0,0.4820217096336499,,w/o transport-aware footprint,0.650591377337161,0.4922632794463137,0.9590551181103284,True,1,,1.0,"[[15.8, 20.400000000000002, 9.0]]",[1.4004519630697825],,uniform
sample_1266,2,medium,uniform,ellipsoid+sphere,2,2,2,0,0,0,0,1.0,1.0,0.2838849528043667,,w/o transport-aware footprint,0.446342660776194,0.302542260083452,0.8506736526951696,True,2,8.260750571225355,0.5048381155286213,"[[25.400000000000002, 32.0, 13.4], [20.0, 32.800000000000004, 7.2]]","[1.6167091789050012, 0.8161764152362255]",,uniform
sample_1276,1,deep,uniform,irregular,1,1,1,0,0,0,0,1.0,1.0,0.6514687331050639,,w/o transport-aware footprint,0.7889567874293005,0.6585899070875231,0.9836734693877996,True,1,,1.0,"[[6.2, 22.8, 11.0]]",[1.230667272405725],,uniform
sample_1285,2,medium,uniform,irregular+sphere,2,2,2,0,0,0,0,1.0,1.0,0.4971289202013723,,w/o transport-aware footprint,0.6750727449080666,0.5162694095544295,0.9749719835637376,True,2,14.051334456200237,0.8410111329475862,"[[27.6, 33.0, 10.600000000000001], [16.8, 25.400000000000002, 5.800000000000001]]","[0.6439873384768035, 0.7657298616485]",,uniform
sample_1286,1,medium,uniform,irregular,1,1,1,0,0,0,0,1.0,1.0,0.6509486465975208,,w/o transport-aware footprint,0.7885381550720845,0.9781038546339405,0.66052266776215,True,1,,1.0,"[[28.200000000000003, 32.0, 8.200000000000001]]",[1.1477152911044963],,uniform
sample_1288,1,shallow,uniform,irregular,1,1,1,0,0,0,0,1.0,1.0,0.3997883784498721,,w/o transport-aware footprint,0.5713205645163991,0.4003178527287653,0.9973603167619944,True,1,,1.0,"[[9.200000000000001, 27.8, 5.2]]",[0.8860317384906653],,uniform
sample_1292,1,deep,uniform,irregular,1,1,1,0,0,0,0,1.0,1.0,0.6459986202138669,,w/o transport-aware footprint,0.7850330154073026,0.6712070974104568,0.9453489839707871,True,1,,1.0,"[[12.200000000000001, 26.6, 8.200000000000001]]",[0.777221002456576],,uniform
sample_1319,1,medium,uniform,ellipsoid,1,1,1,0,0,0,0,1.0,1.0,0.4171122994652406,,w/o transport-aware footprint,0.5887189163693047,0.4171521344671787,1.0,True,1,,1.0,"[[18.6, 34.6, 9.200000000000001]]",[1.7261077533595919],,uniform
sample_1327,3,shallow,uniform,ellipsoid+irregular+sphere,3,3,3,0,0,0,0,1.0,1.0,0.7105841421220659,,w/o transport-aware footprint,0.8403270539927816,0.9000771604939043,0.7880159427144579,True,3,8.430895563343197,0.6339124810108131,"[[14.4, 31.0, 4.2], [29.0, 24.6, 7.800000000000001], [10.4, 32.800000000000004, 11.4]]","[1.521793471007765, 0.9646838747925892, 1.459696350782369]",,uniform
sample_1328,1,medium,uniform,irregular,1,1,1,0,0,0,0,1.0,1.0,0.516104513064133,,w/o transport-aware footprint,0.6808297298993039,0.5216055310163994,0.9799747429190332,True,1,,1.0,"[[12.0, 23.200000000000003, 9.0]]",[1.597827059725827],,uniform
sample_1366,2,shallow,uniform,sphere,2,2,2,0,0,0,0,1.0,1.0,0.234593656005563,,w/o transport-aware footprint,0.3862739143641126,0.2393677079417642,1.0,True,2,10.488088481701517,0.8686947261481086,"[[22.6, 33.2, 10.4], [12.4, 35.2, 11.8]]","[0.759994332709831, 0.8748692835741416]",,uniform
sample_1372,2,shallow,uniform,ellipsoid+irregular,2,2,2,0,0,0,0,1.0,1.0,0.3523801489899998,,w/o transport-aware footprint,0.611442193087339,0.4592071611260112,0.9146714212941552,True,2,15.67801007781281,0.806728720172337,"[[6.0, 29.0, 7.0], [21.200000000000003, 26.0, 4.6000000000000005]]","[1.01110421598755, 0.8156868101244905]",,uniform
sample_1378,3,shallow,uniform,ellipsoid+irregular+sphere,3,2,2,1,0,1,0,0.6666666666666666,1.0,0.4263633026441453,,w/o transport-aware footprint,0.7058371198882538,0.647160620433504,0.7762146371465435,False,3,7.161005515987264,0.8380373033091514,"[[19.0, 30.6, 5.0], [6.6000000000000005, 33.2, 4.800000000000001], [21.400000000000002, 32.0, 11.600000000000001]]","[0.9565794956114724, 1.141452166668756, 0.9821087853640864]",,uniform
sample_1384,2,shallow,uniform,irregular+sphere,2,1,1,1,0,1,0,0.5,1.0,0.3227857799570947,,w/o transport-aware footprint,0.547955758543142,0.3818544366904042,0.9698091156993186,False,2,7.28285658241325,0.5956003137356721,"[[23.8, 28.400000000000002, 8.0], [16.8, 26.400000000000002, 7.800000000000001]]","[0.7654708243205687, 1.2852089004444098]",,uniform
sample_1389,2,medium,uniform,ellipsoid+irregular,2,1,1,1,0,1,0,0.5,1.0,0.4058096415327565,,w/o transport-aware footprint,0.7671246640376361,0.722429862326857,0.8177144693157237,False,2,7.318469785412796,0.7133893693654707,"[[25.200000000000003, 31.400000000000002, 8.0], [18.6, 33.2, 5.4]]","[1.606845559928217, 1.1463065406648973]",,uniform
sample_1404,3,shallow,uniform,ellipsoid+irregular,3,3,3,0,0,0,0,1.0,1.0,0.6382289121738297,,w/o transport-aware footprint,0.7669606970408765,0.7227249618710103,0.8169645422677909,True,3,6.770524351924305,0.8538942715839237,"[[24.200000000000003, 30.200000000000003, 10.600000000000001], [8.0, 31.8, 10.8], [20.400000000000002, 35.800000000000004, 10.4]]","[1.154666689371325, 1.3404067503673502, 1.3522361348431184]",,uniform
sample_1429,2,shallow,uniform,irregular,2,2,2,0,0,0,0,1.0,1.0,0.5710847959865804,,w/o transport-aware footprint,0.7823578266382033,0.6728571428573888,0.9344262295082651,True,2,15.02797391533536,0.9463119907101398,"[[14.200000000000001, 24.6, 5.800000000000001], [27.6, 31.400000000000002, 5.6000000000000005]]","[1.5433148980082683, 1.4604573934268208]",,uniform
sample_1432,2,medium,uniform,sphere,2,1,1,1,0,0,0,0.5,1.0,0.8259180104915484,,w/o transport-aware footprint,0.8544723618091915,0.8532717784025426,0.8556763285027059,False,2,4.054626986542656,0.8730211389899424,"[[11.4, 35.0, 6.6000000000000005], [10.0, 31.200000000000003, 6.800000000000001]]","[1.0049153915870448, 0.8773123797518458]",,uniform
sample_1438,1,deep,uniform,irregular,1,1,1,0,0,0,0,1.0,1.0,0.4078480484241286,,w/o transport-aware footprint,0.5794780545676461,0.4107630859797965,0.9833920483141247,True,1,,1.0,"[[16.2, 22.8, 15.200000000000001]]",[1.7946110254679417],,uniform
sample_1455,2,shallow,uniform,ellipsoid,2,1,1,1,0,1,0,0.5,1.0,0.4880869178473854,,w/o transport-aware footprint,0.7410421522538849,0.6803772216179322,0.8135843164470736,False,2,5.6178287620752565,0.6019996244972017,"[[14.8, 28.6, 4.2], [9.8, 30.200000000000003, 6.2]]","[1.01942864898382, 1.693404127677423]",,uniform
sample_1470,3,medium,uniform,ellipsoid+irregular,2,1,1,1,0,1,0,0.5,1.0,0.7309235509063552,,w/o transport-aware footprint,0.831217447916701,0.8650067750678079,0.7999686716792763,False,3,4.014971979976947,0.39537838654862534,"[[14.4, 33.6, 10.4], [19.8, 32.0, 11.200000000000001], [19.200000000000003, 35.0, 8.6]]","[0.7050032900132693, 0.9384669844456643, 1.7831103418865437]",,uniform
sample_1482,3,medium,uniform,irregular+sphere,3,2,2,1,0,1,0,0.6666666666666666,1.0,0.6119575800485251,,w/o transport-aware footprint,0.6833144154371597,0.6727891156465764,0.6941742705307388,False,3,6.749814812274484,0.9018626267284662,"[[21.6, 25.400000000000002, 10.600000000000001], [10.4, 27.400000000000002, 6.0], [6.6000000000000005, 32.800000000000004, 4.6000000000000005]]","[1.3100074285699266, 1.4525576176961872, 1.4429474903555959]",,uniform
sample_1486,2,medium,uniform,ellipsoid+irregular,2,2,2,0,0,0,0,1.0,1.0,0.7575575629213985,,w/o transport-aware footprint,0.8660482615464887,0.8234749892063015,0.913263561119151,True,2,14.770240350109408,0.6794761724265708,"[[23.200000000000003, 30.8, 11.200000000000001], [8.6, 33.0, 11.600000000000001]]","[0.9833266361164453, 0.6681470189534976]",,uniform
sample_1513,3,shallow,uniform,ellipsoid+sphere,3,3,2,1,1,1,0,0.6666666666666666,0.6666666666666666,0.421633930242122,,w/o transport-aware footprint,0.6394711992447406,0.7402710975079357,0.5628324468088739,False,3,4.770744176750624,0.5489695699684328,"[[14.200000000000001, 33.4, 7.2], [29.400000000000002, 35.6, 8.8], [12.8, 29.8, 4.4]]","[1.6867576138159146, 0.9259786018975025, 1.2958762607269034]",,uniform
sample_1516,3,deep,uniform,ellipsoid+sphere,3,3,2,1,1,0,0,0.6666666666666666,0.6666666666666666,0.7000472981897458,,w/o transport-aware footprint,0.8455789804909355,0.8909980106101699,0.8045658682636193,False,3,5.692099788303083,0.8266027235686912,"[[20.200000000000003, 33.800000000000004, 6.4], [11.200000000000001, 21.400000000000002, 6.4], [10.600000000000001, 26.200000000000003, 9.4]]","[1.3518120509593312, 1.4665929828535313, 1.6353830109864074]",,uniform
sample_1529,2,medium,uniform,ellipsoid,2,1,1,1,0,1,0,0.5,1.0,0.4541882838865662,,w/o transport-aware footprint,0.6896876176139476,0.6209058052859606,0.7756066591423705,False,2,6.2545983084447565,0.6960720211155319,"[[12.4, 32.2, 8.200000000000001], [18.0, 33.2, 5.6000000000000005]]","[0.9726089995296625, 1.3972821346431217]",,uniform
sample_1566,3,medium,uniform,irregular+sphere,3,2,2,1,0,1,0,0.6666666666666666,1.0,0.2908433484341945,,w/o transport-aware footprint,0.3625667284021339,0.2703493095050606,0.5502645502652939,False,3,5.418486873657627,0.36357357879154334,"[[16.8, 26.400000000000002, 5.6000000000000005], [12.200000000000001, 25.8, 8.4], [25.0, 10.8, 7.0]]","[1.6541504445372133, 1.6451886458924898, 0.6014053969800169]",,uniform
sample_1572,2,medium,uniform,irregular+sphere,2,2,2,0,0,0,0,1.0,1.0,0.6128099313330853,,w/o transport-aware footprint,0.8484504132232188,0.8749334185577129,0.8235235134865903,True,2,23.03736095997109,0.47547708696522695,"[[25.0, 31.400000000000002, 8.4], [9.0, 15.0, 6.0]]","[0.6183019815147583, 1.300382286475934]",,uniform
sample_1599,3,medium,uniform,irregular+sphere,3,3,3,0,0,0,0,1.0,1.0,0.2936879991771881,,w/o transport-aware footprint,0.5957525620449464,0.483466933868253,0.7759729816664909,True,3,7.655063683601854,0.799283518665475,"[[20.6, 4.4, 14.8], [30.0, 30.6, 6.2], [28.200000000000003, 26.200000000000003, 12.200000000000001]]","[1.0717089474650674, 1.3408370402212821, 1.2859165362571743]",,uniform
sample_1620,2,medium,uniform,ellipsoid+irregular,2,1,1,1,0,1,0,0.5,1.0,0.2272832103321033,,w/o transport-aware footprint,0.4312048540887424,0.637015536964936,0.3259084556260255,False,2,6.199999999999999,0.5396368866411655,"[[22.200000000000003, 29.0, 7.0], [21.0, 34.4, 4.2]]","[0.7518963971141117, 1.3933376604295942]",,uniform
sample_1634,1,medium,uniform,irregular,1,1,1,0,0,0,0,1.0,1.0,0.3481997898959029,,w/o transport-aware footprint,0.5165769339759729,0.3482330468010045,1.0,True,1,,1.0,"[[13.600000000000001, 33.4, 4.2]]",[0.6014177869915914],,uniform
sample_1635,3,medium,uniform,ellipsoid+irregular,3,2,2,1,0,1,0,0.6666666666666666,1.0,0.6562637732125226,,w/o transport-aware footprint,0.7440965445199593,0.6331992139984873,0.9020862494168486,False,3,4.48998886412873,0.896254756552243,"[[24.8, 34.2, 8.0], [21.6, 21.400000000000002, 9.8], [21.200000000000003, 23.400000000000002, 5.800000000000001]]","[1.0801156131732725, 1.1250482050721766, 1.205143521166141]",,uniform
sample_1642,2,medium,uniform,ellipsoid+irregular,2,2,2,0,0,0,0,1.0,1.0,0.5358509346788046,,w/o transport-aware footprint,0.7977223427332573,0.7057694614371443,0.9172252533126132,True,2,8.78179936004006,0.8561007961763093,"[[10.200000000000001, 32.800000000000004, 9.8], [16.2, 26.400000000000002, 9.4]]","[1.193110305034192, 1.3936563432286277]",,uniform
sample_1643,3,shallow,uniform,ellipsoid+sphere,3,3,2,1,1,0,0,0.6666666666666666,0.6666666666666666,0.6166853215850987,,w/o transport-aware footprint,0.763627444969108,0.7419277969738223,0.7866346639718377,False,3,4.242640687119284,0.7941970825011716,"[[6.2, 30.400000000000002, 7.6000000000000005], [16.8, 26.6, 9.600000000000001], [16.8, 30.8, 10.200000000000001]]","[1.3789646875303727, 1.3960809804115633, 1.7363003691572216]",,uniform
sample_1683,1,medium,uniform,ellipsoid,1,1,1,0,0,0,0,1.0,1.0,0.4911437246963562,,w/o transport-aware footprint,0.6588035638526442,0.4912058711888002,1.0,True,1,,1.0,"[[25.0, 33.4, 4.6000000000000005]]",[1.032951057111811],,uniform
sample_1686,2,deep,uniform,ellipsoid,2,2,2,0,0,0,0,1.0,1.0,0.6095228480408785,,w/o transport-aware footprint,0.7421871996925842,0.658032853929754,0.8510225669959001,True,2,15.327100182356743,0.9228164543355118,"[[7.800000000000001, 27.400000000000002, 7.2], [21.400000000000002, 33.800000000000004, 4.2]]","[1.5326039332747616, 1.660789560128007]",,uniform
sample_1688,3,deep,uniform,ellipsoid+irregular+sphere,3,3,3,0,0,0,0,1.0,1.0,0.5952608349580285,,w/o transport-aware footprint,0.7236491346846682,0.8989697224559515,0.6055520147301143,True,3,10.295630140987,0.5776672536843172,"[[6.800000000000001, 26.6, 6.2], [14.0, 31.6, 11.600000000000001], [31.0, 31.0, 6.4]]","[0.602292188297032, 1.042628233564667, 0.662862872981692]",,uniform
sample_1697,2,shallow,uniform,ellipsoid+sphere,2,2,2,0,0,0,0,1.0,1.0,0.3607838389167845,,w/o transport-aware footprint,0.5460126002910204,0.3766996062119201,0.9917840375587016,True,2,12.655433615645101,0.8901387732095972,"[[15.8, 20.8, 8.200000000000001], [26.200000000000003, 28.0, 8.6]]","[0.761395480685521, 0.8553671670094056]",,uniform
sample_1717,3,medium,uniform,ellipsoid+irregular,3,3,3,0,0,0,0,1.0,1.0,0.4278983652898681,,w/o transport-aware footprint,0.7320578025349879,0.7077739619108607,0.7580672128407969,True,3,11.953242237987148,0.45198792791491155,"[[28.8, 23.8, 6.2], [10.600000000000001, 34.6, 6.6000000000000005], [20.8, 15.0, 5.0]]","[1.4746636239480428, 0.6665301557597703, 1.0822464492461146]",,uniform
sample_1718,3,medium,uniform,ellipsoid+irregular,3,2,2,1,0,1,0,0.6666666666666666,1.0,0.4144321917963394,,w/o transport-aware footprint,0.5703438709207441,0.5063520871145509,0.6528497409328359,False,3,6.805879810869421,0.6669860748031634,"[[29.0, 31.8, 10.600000000000001], [8.200000000000001, 24.400000000000002, 10.4], [13.4, 26.6, 6.6000000000000005]]","[1.218692713464038, 1.4732807772943888, 0.982657762730538]",,uniform
sample_1729,2,deep,uniform,ellipsoid,2,2,2,0,0,0,0,1.0,1.0,0.6283765545747908,,w/o transport-aware footprint,0.7744494597183871,0.6826621654211686,0.89475347661205,True,2,17.62498226949463,0.5207596662815704,"[[9.4, 34.4, 6.800000000000001], [25.200000000000003, 26.6, 6.4]]","[1.3729027946325287, 0.7149524011698711]",,uniform
sample_1731,2,shallow,uniform,sphere,2,2,2,0,0,0,0,1.0,1.0,0.4641963141359319,,w/o transport-aware footprint,0.7225048362830676,0.5747178844185857,0.9726080246914108,True,2,8.027452896155792,0.69130054445513,"[[19.6, 30.400000000000002, 12.8], [17.8, 22.6, 13.4]]","[1.4825683146009276, 1.0249002830755458]",,uniform
sample_1734,2,deep,uniform,ellipsoid+irregular,2,2,2,0,0,0,0,1.0,1.0,0.5227767242224807,,w/o transport-aware footprint,0.7941144997325874,0.8582167225629024,0.7389226326797381,True,2,7.531268153505093,0.8343735085691213,"[[21.0, 32.800000000000004, 3.8000000000000003], [22.400000000000002, 30.400000000000002, 10.8]]","[0.8745086006510592, 0.7296668093990968]",,uniform
sample_1741,3,deep,uniform,irregular,3,2,2,1,0,1,0,0.6666666666666666,1.0,0.5203976455223615,,w/o transport-aware footprint,0.6855934312018698,0.8518518518519435,0.5736353416331875,False,3,6.624198064671676,0.5622079859326863,"[[17.0, 24.400000000000002, 10.200000000000001], [29.6, 35.0, 7.4], [17.400000000000002, 31.0, 10.600000000000001]]","[1.5082777616550225, 0.8479658026071304, 0.9678324023151414]",,uniform
sample_1760,3,shallow,uniform,ellipsoid+irregular,3,3,3,0,0,0,0,1.0,1.0,0.5592217230666859,,w/o transport-aware footprint,0.7276271092053997,0.8922425566785768,0.6142924306536839,True,3,11.023611023616537,0.7831997127421805,"[[25.400000000000002, 26.400000000000002, 7.6000000000000005], [18.400000000000002, 34.800000000000004, 9.0], [9.4, 26.200000000000003, 5.800000000000001]]","[1.5426168065573536, 1.3474983254573587, 1.7205041109366932]",,uniform
sample_1765,1,medium,uniform,ellipsoid,1,1,1,0,0,0,0,1.0,1.0,0.6701666286236019,,w/o transport-aware footprint,0.8024601366743497,0.9992058089403232,0.6704476248479976,True,1,,1.0,"[[18.400000000000002, 25.6, 13.200000000000001]]",[0.7871770905043158],,uniform
sample_1787,2,deep,uniform,sphere,2,2,1,1,1,0,0,0.5,0.5,0.7980015673981191,,w/o transport-aware footprint,0.8290250356199582,0.8261663286007582,0.8319035947715852,False,2,24.358981916328116,0.8121512189182276,"[[21.200000000000003, 7.2, 4.800000000000001], [6.6000000000000005, 26.400000000000002, 8.200000000000001]]","[0.7033162733467372, 0.8659917721770376]",,uniform
sample_1809,1,medium,uniform,ellipsoid,1,1,1,0,0,0,0,1.0,1.0,0.7202292506898748,,w/o transport-aware footprint,0.8373441935086774,0.7854827506369697,0.8965380549684242,True,1,,1.0,"[[20.0, 19.6, 9.600000000000001]]",[1.4780278447684223],,uniform
sample_1811,2,shallow,uniform,sphere,2,2,2,0,0,0,0,1.0,1.0,0.4333384429801393,,w/o transport-aware footprint,0.6137987455687953,0.4646189414586205,0.9040809768639072,True,2,12.671227249165726,0.8624015812725802,"[[25.400000000000002, 32.6, 4.6000000000000005], [18.6, 22.0, 6.0]]","[1.7865028414124633, 1.5406828753820658]",,uniform
sample_1812,1,shallow,uniform,ellipsoid,1,1,1,0,0,0,0,1.0,1.0,0.6714739861983406,,w/o transport-aware footprint,0.8033958062721268,0.998961698200278,0.6718653010554998,True,1,,1.0,"[[23.8, 24.0, 9.200000000000001]]",[1.1777911011485207],,uniform
sample_1815,3,medium,uniform,ellipsoid+irregular+sphere,3,2,2,1,0,1,0,0.6666666666666666,1.0,0.1728426841881168,,w/o transport-aware footprint,0.3230039291276881,0.1933436875974291,0.9806437092055352,False,3,6.131883886702357,0.8790388477208405,"[[17.8, 35.6, 9.0], [18.6, 19.0, 9.600000000000001], [11.8, 34.4, 9.4]]","[1.435930504548855, 1.5035710909714557, 1.6335233741624906]",,uniform
sample_1826,2,shallow,uniform,sphere,2,2,2,0,0,0,0,1.0,1.0,0.691364279737616,,w/o transport-aware footprint,0.8072176606520443,0.7031263383300188,0.9474838411819628,True,2,14.05560386465128,0.3831943711865958,"[[15.200000000000001, 29.0, 8.200000000000001], [28.6, 32.0, 5.2]]","[0.6184797090265906, 1.6140104227298866]",,uniform
sample_1837,2,shallow,uniform,irregular+sphere,2,3,2,0,1,0,0,1.0,0.6666666666666666,0.5507431467370982,,w/o transport-aware footprint,0.7408877131100305,0.5890739117735384,0.998118998119,False,2,20.631044568804555,0.48347632700912585,"[[28.400000000000002, 27.400000000000002, 7.4], [8.4, 26.6, 12.4]]","[1.5825776531738274, 0.7651388309632043]",,uniform
sample_1839,1,deep,uniform,irregular,1,1,1,0,0,0,0,1.0,1.0,0.6641522372707012,,w/o transport-aware footprint,0.7982279915521567,0.6765039727585117,0.9733668341708878,True,1,,1.0,"[[6.4, 26.6, 8.200000000000001]]",[1.586155194203797],,uniform
sample_1843,1,medium,uniform,ellipsoid,1,1,1,0,0,0,0,1.0,1.0,0.6842929886408148,,w/o transport-aware footprint,0.8125581395350291,0.6995461825951688,0.9691198224852642,True,1,,1.0,"[[20.8, 30.6, 4.800000000000001]]",[1.7749462630664552],,uniform
sample_1858,3,medium,uniform,ellipsoid+irregular,3,2,2,1,0,1,0,0.6666666666666666,1.0,0.6007976332231411,,w/o transport-aware footprint,0.6942531229098299,0.5643165721340218,0.9019257867543908,False,3,7.194442299441978,0.6344538156634492,"[[27.200000000000003, 28.0, 6.4], [20.400000000000002, 29.6, 11.4], [25.8, 34.0, 13.200000000000001]]","[0.7484512751223317, 0.8532956845164261, 1.1796781052371403]",,uniform
sample_1863,2,shallow,uniform,ellipsoid+sphere,2,2,2,0,0,0,0,1.0,1.0,0.3997888845453125,,w/o transport-aware footprint,0.5158680337591436,0.3674118231501565,0.8656367041201647,True,2,11.016351483136331,0.5217782047181909,"[[22.6, 29.6, 3.6], [15.200000000000001, 23.0, 8.4]]","[0.8663435665337733, 1.6603674869893807]",,uniform
sample_1865,2,deep,uniform,ellipsoid+sphere,2,2,2,0,0,0,0,1.0,1.0,0.6678649986836183,,w/o transport-aware footprint,0.7866063225236375,0.6662823542977655,0.9599667774086712,True,2,14.601369798755183,0.6539346467752807,"[[13.0, 34.4, 10.200000000000001], [26.8, 30.400000000000002, 7.6000000000000005]]","[0.9955064435263994, 0.6509961545099519]",,uniform
sample_1869,3,deep,uniform,ellipsoid+irregular+sphere,2,1,1,1,0,1,0,0.5,1.0,0.617631797426318,,w/o transport-aware footprint,0.8136180712628696,0.8289835987071538,0.7988117898138093,False,3,3.2124756808418033,0.8561473285375342,"[[22.6, 24.0, 10.8], [22.8, 26.0, 4.4], [25.200000000000003, 23.0, 9.200000000000001]]","[1.2653667317544226, 1.0833403470118195, 1.2191178963587306]",,uniform
sample_1881,2,deep,uniform,ellipsoid+sphere,2,2,2,0,0,0,0,1.0,1.0,0.3186324399349294,,w/o transport-aware footprint,0.5045238735111488,0.3373667185823201,1.0,True,2,14.328991590478376,0.8418388597940771,"[[25.6, 12.4, 7.4], [24.6, 26.0, 11.8]]","[0.9263453015044815, 0.7798334723941333]",,uniform
sample_1885,3,shallow,uniform,ellipsoid+sphere,3,3,3,0,0,0,0,1.0,1.0,0.3919836885412422,,w/o transport-aware footprint,0.5387480164514593,0.9161801960569268,0.3815596330278066,True,3,6.289674077406554,0.622173536031906,"[[10.200000000000001, 30.200000000000003, 15.200000000000001], [25.0, 31.6, 6.4], [13.0, 29.6, 9.600000000000001]]","[0.8548102284093998, 1.3739096552727115, 1.0958587549634293]",,uniform
sample_1893,1,medium,uniform,irregular,1,1,1,0,0,0,0,1.0,1.0,0.4834696054034838,,w/o transport-aware footprint,0.651848301480048,0.4835125766603115,1.0,True,1,,1.0,"[[15.200000000000001, 29.8, 9.200000000000001]]",[1.585495280331956],,uniform
sample_1894,1,medium,uniform,ellipsoid,1,1,1,0,0,0,0,1.0,1.0,0.3300190395599746,,w/o transport-aware footprint,0.496341075406064,0.330088870081115,1.0,True,1,,1.0,"[[22.200000000000003, 24.0, 5.800000000000001]]",[1.6732339554886937],,uniform
sample_1904,1,deep,uniform,sphere,1,1,1,0,0,0,0,1.0,1.0,0.5573092098931768,,w/o transport-aware footprint,0.7158220024723635,0.5596250483189412,0.9929698216735374,True,1,,1.0,"[[18.2, 25.8, 4.800000000000001]]",[0.9033663754969741],,uniform
sample_1927,3,medium,uniform,irregular+sphere,3,2,2,1,0,1,0,0.6666666666666666,1.0,0.2648368305828545,,w/o transport-aware footprint,0.3985872855704346,0.2517687551792645,0.9561849431131536,False,3,4.166533331199932,0.4581275322371762,"[[10.4, 34.800000000000004, 8.200000000000001], [14.4, 35.800000000000004, 8.8], [21.200000000000003, 22.0, 6.800000000000001]]","[1.476998009572352, 1.2903902592137755, 0.6766534532446028]",,uniform
sample_1944,2,medium,uniform,irregular+sphere,2,2,2,0,0,0,0,1.0,1.0,0.5317504910808424,,w/o transport-aware footprint,0.7286869128251131,0.6633253778841183,0.8083373727583051,True,2,11.074294559925704,0.8652735517941249,"[[23.6, 28.0, 4.4], [13.0, 31.200000000000003, 4.6000000000000005]]","[0.9637592747552945, 1.113820332029058]",,uniform
sample_1989,2,medium,uniform,ellipsoid+sphere,2,2,2,0,0,0,0,1.0,1.0,0.6989087076560012,,w/o transport-aware footprint,0.8131780366057816,0.8878070047959776,0.7501227897841968,True,2,22.02362368003958,0.8034103913921298,"[[10.600000000000001, 25.0, 6.4], [30.200000000000003, 34.800000000000004, 8.6]]","[1.031949535270025, 1.2844612744949542]",,uniform
sample_1993,3,deep,uniform,ellipsoid+sphere,3,2,2,1,0,1,0,0.6666666666666666,1.0,0.5004226117288259,,w/o transport-aware footprint,0.6739010909512766,0.5644481070339985,0.8360137851810483,False,3,6.251399843235115,0.5848849697653535,"[[14.200000000000001, 26.8, 11.600000000000001], [29.200000000000003, 29.400000000000002, 10.600000000000001], [13.4, 26.8, 5.4]]","[0.9900800953124718, 0.8232294697208896, 1.4075066248516457]",,uniform
sample_2021,3,shallow,uniform,ellipsoid+irregular,3,2,2,1,0,1,0,0.6666666666666666,1.0,0.5725868491365695,,w/o transport-aware footprint,0.7158755394050319,0.8356309650054112,0.6261422328170312,False,3,6.660330322138685,0.47573478459760465,"[[15.600000000000001, 21.400000000000002, 6.0], [20.0, 29.200000000000003, 7.4], [13.4, 29.6, 8.200000000000001]]","[0.6397838985848951, 0.6731947902467124, 1.3448331282440273]",,uniform
sample_2024,2,deep,uniform,irregular,2,1,1,1,0,1,0,0.5,1.0,0.3893307468477207,,w/o transport-aware footprint,0.7823267737315154,0.7695616702515986,0.7955225024919148,False,2,5.868560300448484,0.6308049372547393,"[[15.8, 25.400000000000002, 9.200000000000001], [21.0, 23.8, 7.0]]","[1.5593161266153333, 0.9836243114098884]",,uniform
sample_2044,2,medium,uniform,ellipsoid+sphere,2,3,2,0,1,0,0,1.0,0.6666666666666666,0.4612137971774805,,w/o transport-aware footprint,0.669171445521387,0.7659574468090404,0.5941011235962183,False,2,29.697811367169802,0.4073552397960525,"[[15.600000000000001, 4.800000000000001, 15.4], [12.8, 32.4, 4.800000000000001]]","[1.613387480306622, 0.6572218439242529]",,uniform
sample_2059,3,shallow,uniform,ellipsoid+irregular,3,3,3,0,0,0,0,1.0,1.0,0.6075046942123572,,w/o transport-aware footprint,0.7731580068143705,0.8628208174905758,0.7003761574075519,True,3,11.766052864066184,0.5494612196253774,"[[29.8, 26.0, 11.8], [17.0, 24.0, 8.200000000000001], [15.200000000000001, 35.6, 7.4]]","[0.9490864367034164, 0.6502297873175711, 1.1833952317160756]",,uniform
sample_2067,3,medium,uniform,ellipsoid+irregular,3,3,3,0,0,0,0,1.0,1.0,0.5632134918388546,,w/o transport-aware footprint,0.6952882695331404,0.7788777307125891,0.627901622990589,True,3,10.669582934679314,0.7274754645132535,"[[28.6, 33.800000000000004, 8.8], [7.4, 35.800000000000004, 6.4], [15.8, 29.6, 8.6]]","[1.5975235899943905, 1.1621592157020495, 1.1798135910300105]",,uniform
sample_2069,2,shallow,uniform,ellipsoid+sphere,2,2,2,0,0,0,0,1.0,1.0,0.4995215362798904,,w/o transport-aware footprint,0.7256782399098797,0.6261616072222088,0.8628048780489477,True,2,16.773789077009408,0.8690555929410789,"[[18.8, 19.0, 9.0], [9.0, 32.6, 8.4]]","[0.8983600403727567, 1.0337198766910929]",,uniform
sample_2070,2,deep,uniform,irregular+sphere,2,2,2,0,0,0,0,1.0,1.0,0.5885936353003466,,w/o transport-aware footprint,0.8323016777977552,0.7352856526120771,0.9588102833552647,True,2,10.495713410721539,0.7615384332518227,"[[24.0, 33.4, 14.0], [16.2, 26.8, 11.600000000000001]]","[1.3039984698388514, 0.993044951683853]",,uniform
sample_2072,3,shallow,uniform,ellipsoid+sphere,3,2,2,1,0,1,0,0.6666666666666666,1.0,0.6013114458113384,,w/o transport-aware footprint,0.7397203582725651,0.6872837132657582,0.8008192524322831,False,3,4.690415759823431,0.6578092328373906,"[[21.8, 34.0, 4.2], [24.8, 35.2, 7.6000000000000005], [14.0, 30.400000000000002, 4.6000000000000005]]","[1.3531917858208564, 1.1218199042314079, 0.890142050512676]",,uniform
sample_2077,3,medium,uniform,ellipsoid+irregular+sphere,3,2,2,1,0,1,0,0.6666666666666666,1.0,0.48478916773797,,w/o transport-aware footprint,0.64844411515674,0.7123008952449063,0.5950947061682395,False,3,7.9548727205405365,0.6505902502542552,"[[24.400000000000002, 34.800000000000004, 12.0], [18.0, 24.6, 9.4], [17.8, 35.4, 7.6000000000000005]]","[1.7702803120676727, 1.6612309316711555, 1.151727111248288]",,uniform
sample_2079,2,medium,uniform,ellipsoid+sphere,2,3,2,0,1,0,0,1.0,0.6666666666666666,0.3787300631632617,,w/o transport-aware footprint,0.5437478470551638,0.3863191385225326,0.917732558139774,False,2,18.58709229546138,0.3471666397797968,"[[11.600000000000001, 31.200000000000003, 15.0], [27.0, 30.8, 4.6000000000000005]]","[1.7492428154942115, 0.6072787504140764]",,uniform
sample_2086,1,medium,uniform,sphere,1,1,1,0,0,0,0,1.0,1.0,0.8090337335620355,,w/o transport-aware footprint,0.894437420986177,0.9509408602151362,0.8442720763725473,True,1,,1.0,"[[10.0, 31.400000000000002, 13.600000000000001]]",[1.1524756221848498],,uniform
sample_2087,2,shallow,uniform,ellipsoid+irregular,2,2,2,0,0,0,0,1.0,1.0,0.3417369426718927,,w/o transport-aware footprint,0.5643651258048826,0.4571631709924669,0.7372444104725067,True,2,7.769169839822015,0.8546772608723772,"[[20.0, 28.6, 3.8000000000000003], [24.6, 23.0, 6.6000000000000005]]","[1.2364115989148057, 1.0567328786713424]",,uniform
sample_2111,2,medium,uniform,ellipsoid+sphere,2,1,1,1,0,0,0,0.5,1.0,0.7623343445633083,,w/o transport-aware footprint,0.8534274734114516,0.7929745889388864,0.9238583591332006,False,2,5.495452665613634,0.901282071088409,"[[18.8, 24.200000000000003, 10.600000000000001], [15.4, 28.400000000000002, 9.600000000000001]]","[0.7495917486651118, 0.8316949517922703]",,uniform
sample_2119,2,shallow,uniform,ellipsoid+sphere,2,2,2,0,0,0,0,1.0,1.0,0.667549673992536,,w/o transport-aware footprint,0.8050527613033178,0.9189379286091798,0.7162828947370365,True,2,14.715977711317722,0.5823731681258241,"[[9.8, 32.4, 11.4], [22.8, 25.8, 9.4]]","[0.7796606904284455, 1.3387647870823554]",,uniform
sample_2121,2,shallow,uniform,ellipsoid,2,2,2,0,0,0,0,1.0,1.0,0.7330330535136593,,w/o transport-aware footprint,0.8470884751646939,0.9576366861996894,0.7594218963166101,True,2,13.125547607623844,0.8818858815143926,"[[27.8, 26.0, 8.4], [14.8, 25.8, 6.6000000000000005]]","[0.8807627587763427, 0.9987264534316829]",,uniform
sample_2129,3,medium,uniform,ellipsoid+irregular+sphere,2,2,2,0,0,0,0,1.0,1.0,0.6509885033513394,,w/o transport-aware footprint,0.8359849580561773,0.9205287466157664,0.765664326401003,True,3,3.2186953878862177,0.7661480639500602,"[[8.6, 33.4, 7.6000000000000005], [11.200000000000001, 34.0, 5.800000000000001], [18.400000000000002, 34.6, 4.0]]","[1.264770292274958, 1.4724340501610187, 1.6508170571548941]",,uniform
sample_2166,3,medium,uniform,ellipsoid+irregular+sphere,3,2,2,1,0,1,0,0.6666666666666666,1.0,0.3759111984267523,,w/o transport-aware footprint,0.6401485454922055,0.5876960375789168,0.7028814787969346,False,3,4.1999999999999975,0.5220395296252011,"[[21.400000000000002, 24.0, 8.8], [18.400000000000002, 34.0, 6.800000000000001], [19.8, 31.200000000000003, 4.0]]","[0.7916137385309312, 0.7953972604542314, 1.5163865830223073]",,uniform
sample_2167,1,shallow,uniform,ellipsoid,1,1,1,0,0,0,0,1.0,1.0,0.4296536000588365,,w/o transport-aware footprint,0.6011423866620691,0.4299595141704601,0.9988030095759256,True,1,,1.0,"[[20.400000000000002, 29.0, 8.200000000000001]]",[1.0937482882763123],,uniform
sample_2172,1,shallow,uniform,ellipsoid,1,1,1,0,0,0,0,1.0,1.0,0.685963365657753,,w/o transport-aware footprint,0.8137818836791507,0.694535356541015,0.9824635241302154,True,1,,1.0,"[[15.0, 25.6, 8.8]]",[1.1509062964318826],,uniform
sample_2175,2,shallow,uniform,irregular+sphere,2,1,1,1,0,1,0,0.5,1.0,0.2812846068660022,,w/o transport-aware footprint,0.6206188907492464,0.4624175116695135,0.9433590543425656,False,2,6.572670690061991,0.8488627094381835,"[[18.2, 26.0, 5.800000000000001], [12.200000000000001, 23.6, 4.6000000000000005]]","[1.5970936105864684, 1.3557132095088407]",,uniform
sample_2196,3,shallow,uniform,ellipsoid+sphere,3,3,3,0,0,0,0,1.0,1.0,0.5233705753831003,,w/o transport-aware footprint,0.5692515092904465,0.4374380686429713,0.8147651006714517,True,3,10.892199043352083,0.5291334153045232,"[[28.200000000000003, 32.6, 13.0], [8.200000000000001, 33.2, 10.0], [22.200000000000003, 26.8, 6.0]]","[0.6491210485068806, 0.9389026081297526, 1.2267625323441402]",,uniform
sample_2199,2,medium,uniform,irregular+sphere,2,2,2,0,0,0,0,1.0,1.0,0.7623138535705882,,w/o transport-aware footprint,0.8750904799370968,0.8584218325513346,0.8924192823673583,True,2,13.770983988081609,0.6407698019377251,"[[21.0, 25.0, 12.200000000000001], [9.4, 32.2, 14.0]]","[1.3924090915391287, 0.8922136978018154]",,uniform
sample_2202,2,medium,uniform,irregular+sphere,2,2,2,0,0,0,0,1.0,1.0,0.4241052494176897,,w/o transport-aware footprint,0.6096152137211325,0.4960948799544459,0.7905047245914024,True,2,13.093509842666327,0.8760511989490445,"[[28.0, 30.200000000000003, 11.600000000000001], [18.2, 35.6, 4.800000000000001]]","[0.8670777821756374, 0.9897569722132997]",,uniform
sample_2207,2,deep,uniform,ellipsoid+sphere,2,2,2,0,0,0,0,1.0,1.0,0.5228526913015151,,w/o transport-aware footprint,0.7026169061089486,0.5756585528512334,0.9014202172097938,True,2,12.247448713915894,0.5821646830866765,"[[16.2, 29.0, 8.4], [23.6, 35.800000000000004, 15.4]]","[0.8546195609856395, 1.4680031025832567]",,uniform
sample_2208,3,medium,uniform,ellipsoid+irregular,3,3,2,1,1,1,0,0.6666666666666666,0.6666666666666666,0.2433000514524371,,w/o transport-aware footprint,0.6563175825804604,0.6582090439124973,0.654436960888778,False,3,8.390470785361213,0.39256892676374794,"[[21.0, 23.400000000000002, 9.200000000000001], [18.8, 34.2, 6.4], [26.8, 31.8, 5.6000000000000005]]","[1.457104949785898, 0.6155164164897325, 1.5679193500206825]",,uniform
sample_2209,1,deep,uniform,sphere,1,1,1,0,0,0,0,1.0,1.0,0.5339513325608343,,w/o transport-aware footprint,0.6962302636551362,0.5355026147594009,0.994818652849752,True,1,,1.0,"[[18.8, 27.8, 11.8]]",[1.0517264260892725],,uniform
sample_2225,3,shallow,uniform,ellipsoid+sphere,3,3,3,0,0,0,0,1.0,1.0,0.6675348149856083,,w/o transport-aware footprint,0.8354077309686512,0.8058277069903012,0.8672421328672054,True,3,9.99599919967984,0.5663287734850372,"[[11.4, 5.0, 7.4], [15.200000000000001, 26.6, 7.4], [22.6, 30.6, 12.8]]","[1.6198329410863086, 1.762301602492303, 0.9980421050501815]",,uniform
sample_2234,2,deep,uniform,ellipsoid+sphere,2,2,2,0,0,0,0,1.0,1.0,0.6794250402495245,,w/o transport-aware footprint,0.816279676493704,0.770109284237698,0.8683392539965936,True,2,5.7965506984757775,0.9853373014514328,"[[29.400000000000002, 34.2, 6.2], [27.400000000000002, 29.8, 9.4]]","[0.9316993771825679, 0.9180381500770521]",,uniform
sample_2259,2,medium,uniform,ellipsoid+sphere,2,2,2,0,0,0,0,1.0,1.0,0.6452154134729504,,w/o transport-aware footprint,0.8486086487320401,0.7441530350143679,0.9871771879483616,True,2,13.69379421489895,0.9945712152642139,"[[12.200000000000001, 27.6, 6.0], [25.0, 28.400000000000002, 10.8]]","[0.7460993090231187, 0.7501718304052394]",,uniform
sample_2263,2,medium,uniform,irregular+sphere,2,2,2,0,0,0,0,1.0,1.0,0.5545288495903304,,w/o transport-aware footprint,0.7014181678806047,0.5502104630190917,0.9672304439746876,True,2,8.802272433866154,0.6849581987347181,"[[28.0, 28.8, 7.0], [26.8, 34.0, 14.0]]","[1.5876657320417116, 1.0874846600121284]",,uniform
sample_2266,2,deep,uniform,ellipsoid+sphere,2,2,2,0,0,0,0,1.0,1.0,0.3508134291029028,,w/o transport-aware footprint,0.5193788501029778,0.3520354906059916,0.989970645792588,True,2,8.930845424706442,0.3863287899029743,"[[21.200000000000003, 28.400000000000002, 10.4], [16.2, 35.4, 8.0]]","[0.6308638882859036, 1.6329714605125436]",,uniform
sample_2270,3,deep,uniform,irregular+sphere,3,2,2,1,0,1,0,0.6666666666666666,1.0,0.2258964207935621,,w/o transport-aware footprint,0.4483177948929015,0.3639526137651711,0.5835971656873457,False,3,4.064480286580315,0.41730383770842294,"[[21.8, 30.0, 5.800000000000001], [11.8, 25.200000000000003, 5.800000000000001], [22.200000000000003, 26.0, 5.2]]","[1.6321230494017165, 0.6810912121277103, 1.3016803739251026]",,uniform
sample_2271,3,shallow,uniform,ellipsoid+irregular,3,2,2,1,0,1,0,0.6666666666666666,1.0,0.48767393477801,,w/o transport-aware footprint,0.7217702813643847,0.7381879245861094,0.7060670219758297,False,3,4.45869936192159,0.39515756437490585,"[[25.200000000000003, 25.6, 9.4], [15.0, 25.6, 7.0], [16.6, 28.0, 3.6]]","[0.6334413120170943, 1.6030094552767227, 1.3230042930518051]",,uniform
sample_2281,2,deep,uniform,ellipsoid+sphere,2,2,2,0,0,0,0,1.0,1.0,0.6297033681842474,,w/o transport-aware footprint,0.758354401287116,0.8527861056549918,0.6827512001325597,True,2,13.001538370516009,0.42742123405132265,"[[15.600000000000001, 30.6, 4.0], [24.400000000000002, 34.800000000000004, 12.600000000000001]]","[0.6903675512310186, 1.61519245239024]",,uniform
sample_2293,1,deep,uniform,ellipsoid,1,1,1,0,0,0,0,1.0,1.0,0.8096652484546841,,w/o transport-aware footprint,0.8948232267223107,0.9766631161034408,0.8256385068763706,True,1,,1.0,"[[24.6, 32.2, 9.0]]",[1.262710825695367],,uniform
sample_2299,1,medium,uniform,irregular,1,1,1,0,0,0,0,1.0,1.0,0.3744671303567422,,w/o transport-aware footprint,0.5449351073385479,0.3745091439477453,1.0,True,1,,1.0,"[[23.0, 35.800000000000004, 13.200000000000001]]",[1.1278463696106746],,uniform
sample_2306,3,shallow,uniform,irregular+sphere,3,3,3,0,0,0,0,1.0,1.0,0.4425478371894422,,w/o transport-aware footprint,0.6239519556994845,0.8988259086568738,0.4778258921906891,True,3,6.529931086925802,0.8493920031609223,"[[20.0, 33.4, 9.0], [6.4, 35.4, 6.4], [21.8, 28.0, 5.800000000000001]]","[1.2866201587052246, 1.3547803578998643, 1.150739602039637]",,uniform
sample_2323,3,shallow,uniform,ellipsoid+irregular,3,3,3,0,0,0,0,1.0,1.0,0.6286678335930692,,w/o transport-aware footprint,0.7974171792071818,0.8851880210992491,0.7254819928181413,True,3,5.830951894845299,0.6242537401920346,"[[23.200000000000003, 33.2, 5.2], [6.4, 32.6, 7.2], [6.4, 27.200000000000003, 5.0]]","[1.6121257714487371, 1.1168038959827902, 1.7890223543382149]",,uniform
sample_2357,3,medium,uniform,ellipsoid+irregular+sphere,3,3,3,0,0,0,0,1.0,1.0,0.6173671206274496,,w/o transport-aware footprint,0.7680029558471206,0.841197895588959,0.7065261726718515,True,3,5.429548784199289,0.47135777950986685,"[[6.4, 35.4, 6.0], [8.200000000000001, 32.2, 10.0], [25.200000000000003, 27.0, 12.4]]","[1.1114354251994143, 1.6505343344256103, 0.7779921988796517]",,uniform
sample_2361,2,shallow,uniform,ellipsoid+sphere,2,2,2,0,0,0,0,1.0,1.0,0.568191780696827,,w/o transport-aware footprint,0.8385956998948133,0.7697350262215225,0.9209874504624166,True,2,10.091580649234293,0.9192623350611916,"[[23.200000000000003, 29.8, 6.0], [13.4, 27.400000000000002, 5.800000000000001]]","[1.4423550541013457, 1.5690353004676667]",,uniform
sample_2372,3,deep,uniform,ellipsoid+sphere,2,2,2,0,0,0,0,1.0,1.0,0.347052373816353,,w/o transport-aware footprint,0.5028960817719625,0.3495973472292416,0.895631067961346,True,3,2.891366458960192,0.526465860539217,"[[27.8, 24.6, 8.0], [21.0, 31.8, 13.0], [23.0, 29.8, 12.4]]","[0.7334812279904681, 1.2341888229673263, 1.393217078196147]",,uniform
sample_2375,2,medium,uniform,ellipsoid+irregular,2,2,2,0,0,0,0,1.0,1.0,0.5944495215595282,,w/o transport-aware footprint,0.7612592592593477,0.6336395585426761,0.9532510898803884,True,2,10.303397497913005,0.9003802748308155,"[[12.600000000000001, 29.6, 11.4], [21.6, 29.200000000000003, 6.4]]","[1.5948241180084195, 1.7712783838007695]",,uniform
sample_2378,3,shallow,uniform,ellipsoid+sphere,3,2,2,1,0,1,0,0.6666666666666666,1.0,0.4702093625483136,,w/o transport-aware footprint,0.6518678209318383,0.6386377136825038,0.6656576774905988,False,3,6.203224967708327,0.38978078901902924,"[[16.0, 29.0, 6.4], [14.200000000000001, 32.0, 15.0], [20.8, 25.200000000000003, 7.4]]","[1.5812886341788333, 0.6163559314970487, 1.0173485551469734]",,uniform
sample_2385,2,deep,uniform,irregular,2,2,2,0,0,0,0,1.0,1.0,0.4603693007250829,,w/o transport-aware footprint,0.6414706980219844,0.5628889616777548,0.7455531453367775,True,2,29.21095684841563,0.873650350820992,"[[20.200000000000003, 4.6000000000000005, 15.200000000000001], [26.6, 33.0, 12.8]]","[1.755810975672818, 1.5339648748719057]",,uniform
sample_2409,2,shallow,uniform,ellipsoid+sphere,2,2,2,0,0,0,0,1.0,1.0,0.3151379764412498,,w/o transport-aware footprint,0.4823681811641883,0.3181041574388925,0.99742063492064,True,2,14.963956696007914,0.5379342174743773,"[[25.200000000000003, 32.800000000000004, 6.4], [11.200000000000001, 28.200000000000003, 9.0]]","[0.8049422974148364, 1.496358237247061]",,uniform
sample_2413,3,shallow,uniform,ellipsoid+irregular,3,2,2,1,0,1,0,0.6666666666666666,1.0,0.2953087301404717,,w/o transport-aware footprint,0.586742468643891,0.5425428137873712,0.6387825421135537,False,3,5.560575509783139,0.46390596614451124,"[[18.400000000000002, 26.200000000000003, 7.800000000000001], [22.0, 31.200000000000003, 12.0], [16.0, 21.6, 5.800000000000001]]","[1.0668151099098018, 0.8196449336975191, 1.7668342153681027]",,uniform
sample_2418,1,deep,uniform,sphere,1,1,1,0,0,0,0,1.0,1.0,0.4907637888117385,,w/o transport-aware footprint,0.6585794655417909,0.5018756698827681,0.9575664621677976,True,1,,1.0,"[[16.400000000000002, 18.8, 9.600000000000001]]",[1.3868993262533207],,uniform
sample_2435,1,shallow,uniform,irregular,1,1,1,0,0,0,0,1.0,1.0,0.4389957264957265,,w/o transport-aware footprint,0.6101418071129184,0.4390426327605096,0.9997566909975676,True,1,,1.0,"[[13.4, 35.2, 6.2]]",[1.3183757334028874],,uniform
sample_2440,2,deep,uniform,ellipsoid,2,1,1,1,0,1,0,0.5,1.0,0.4785507611020254,,w/o transport-aware footprint,0.7043294614573534,0.5815560026830439,0.8928130148271285,False,2,8.084553172563094,0.4982514557972689,"[[22.0, 27.400000000000002, 6.4], [14.8, 24.8, 9.0]]","[1.4110467976205143, 0.7030561211124956]",,uniform
sample_2442,3,medium,uniform,ellipsoid+irregular+sphere,3,3,3,0,0,0,0,1.0,1.0,0.3374223862233708,,w/o transport-aware footprint,0.6231894054353624,0.5134689702207812,0.7925438596493048,True,3,8.2,0.7151489859736667,"[[6.6000000000000005, 32.4, 6.2], [24.0, 34.2, 10.600000000000001], [14.4, 30.0, 5.4]]","[1.3712870500189656, 1.0421837479808127, 1.4572959878589384]",,uniform
sample_2453,1,medium,uniform,ellipsoid,1,1,1,0,0,0,0,1.0,1.0,0.7343164208947763,,w/o transport-aware footprint,0.8465585585586691,0.9969444915973572,0.7355961923851007,True,1,,1.0,"[[7.2, 22.400000000000002, 8.6]]",[0.9371360234283901],,uniform
sample_2472,2,medium,uniform,ellipsoid+sphere,2,2,2,0,0,0,0,1.0,1.0,0.6871082461853915,,w/o transport-aware footprint,0.792139256458809,0.7195907269607044,0.8809565522075324,True,2,11.532562594670797,0.6407062497624233,"[[11.600000000000001, 30.6, 13.0], [16.400000000000002, 24.6, 4.4]]","[0.987369448587723, 1.541064175593486]",,uniform
sample_2477,2,medium,uniform,ellipsoid+irregular,2,2,2,0,0,0,0,1.0,1.0,0.5628233930295548,,w/o transport-aware footprint,0.7483370288249113,0.934399753902996,0.6240690328216015,True,2,9.4424573072903,0.7057348693024033,"[[17.8, 20.6, 9.0], [9.0, 21.0, 5.6000000000000005]]","[1.4515590632036188, 1.0244158457547248]",,uniform
sample_2478,3,medium,uniform,ellipsoid+irregular+sphere,3,2,2,1,0,0,0,0.6666666666666666,1.0,0.6184852295898562,,w/o transport-aware footprint,0.7680863029807844,0.9282051282051724,0.655082195962301,False,3,5.145872132107444,0.542759220973009,"[[18.2, 22.8, 14.200000000000001], [24.400000000000002, 35.800000000000004, 11.4], [19.400000000000002, 27.8, 14.0]]","[1.4355853405728738, 0.7791771810896048, 1.2456556535905239]",,uniform
sample_2483,3,medium,uniform,ellipsoid+irregular+sphere,3,3,3,0,0,0,0,1.0,1.0,0.5591536852530776,,w/o transport-aware footprint,0.7983787207093609,0.8249397968799995,0.7734746969028746,True,3,14.195774019052289,0.607999962230681,"[[14.8, 34.0, 5.4], [7.2, 22.400000000000002, 9.200000000000001], [23.0, 23.200000000000003, 9.600000000000001]]","[1.1952381542861819, 0.7267047526626674, 1.0093453847935634]",,uniform
sample_2494,3,deep,uniform,irregular+sphere,1,1,1,0,0,0,0,1.0,1.0,0.4234034699150978,,w/o transport-aware footprint,0.5949684447135839,0.6577463442610554,0.5431299818486756,True,3,3.7788887255382364,0.5931558129448137,"[[24.200000000000003, 27.200000000000003, 5.4], [20.0, 28.0, 5.6000000000000005], [24.0, 25.200000000000003, 8.6]]","[1.2036883194234727, 1.170764634686452, 0.7139747236398065]",,uniform
sample_2505,3,medium,uniform,ellipsoid+sphere,3,1,1,2,0,1,0,0.3333333333333333,1.0,0.2882816216501929,,w/o transport-aware footprint,0.679703816214265,0.5934357387558883,0.7953199052134218,False,3,4.586937976471885,0.4707189005964269,"[[23.200000000000003, 26.6, 9.4], [24.400000000000002, 25.200000000000003, 5.2], [15.0, 26.8, 4.2]]","[1.11866449047251, 1.5484092666235312, 0.7288655076583482]",,uniform
sample_2533,1,deep,uniform,irregular,1,1,1,0,0,0,0,1.0,1.0,0.5181366230896705,,w/o transport-aware footprint,0.6826369094549806,0.5181843292518937,1.0,True,1,,1.0,"[[30.200000000000003, 26.400000000000002, 7.800000000000001]]",[1.136857211087526],,uniform
sample_2536,3,shallow,uniform,ellipsoid+irregular,3,3,3,0,0,0,0,1.0,1.0,0.4256136103086983,,w/o transport-aware footprint,0.7441860465117245,0.8882480173036336,0.6403326403328741,True,3,4.770744176750624,0.5770324008746088,"[[10.8, 23.400000000000002, 8.8], [9.4, 27.8, 10.0], [29.6, 30.400000000000002, 10.0]]","[0.9914327464911183, 1.5200446746231375, 1.7181578451892863]",,uniform
sample_2584,1,deep,uniform,irregular,1,1,1,0,0,0,0,1.0,1.0,0.7901193997151933,,w/o transport-aware footprint,0.8827560886061175,0.8415587446040816,0.9281945695535604,True,1,,1.0,"[[10.200000000000001, 23.8, 9.8]]",[1.617970915881631],,uniform
sample_2589,3,shallow,uniform,ellipsoid+sphere,3,3,2,1,1,1,0,0.6666666666666666,0.6666666666666666,0.4633566286748886,,w/o transport-aware footprint,0.7352050734568548,0.660388160531482,0.8291403105234121,False,3,7.238784428341543,0.6383940428614563,"[[13.200000000000001, 28.200000000000003, 11.4], [10.4, 31.200000000000003, 5.2], [12.200000000000001, 24.200000000000003, 4.800000000000001]]","[1.617602334350174, 1.046129085823935, 1.0326676939679367]",,uniform
sample_2600,1,shallow,uniform,sphere,1,1,1,0,0,0,0,1.0,1.0,0.7039893617021277,,w/o transport-aware footprint,0.8263482400688158,0.7141508161342046,0.9803703703704068,True,1,,1.0,"[[11.4, 26.200000000000003, 5.800000000000001]]",[1.0237991573172958],,uniform
sample_2603,1,deep,uniform,ellipsoid,1,1,1,0,0,0,0,1.0,1.0,0.8029861888764465,,w/o transport-aware footprint,0.8907569985092385,0.8378778435650999,0.9507602545969318,True,1,,1.0,"[[25.400000000000002, 27.8, 8.6]]",[1.6478760640125079],,uniform
sample_2614,3,medium,uniform,sphere,3,4,3,0,1,0,0,1.0,0.75,0.3981099328141731,,w/o transport-aware footprint,0.4533017343534131,0.4022175492263408,0.5192497532088854,False,3,12.504399225872472,0.7058631577808646,"[[6.2, 26.400000000000002, 12.600000000000001], [17.400000000000002, 23.0, 8.200000000000001], [27.8, 33.2, 9.0]]","[1.2446562483738703, 1.446950234457336, 1.7633109684983364]",,uniform
sample_2643,1,deep,uniform,ellipsoid,1,1,1,0,0,0,0,1.0,1.0,0.8146485715794476,,w/o transport-aware footprint,0.8978843523557613,0.8759865992846085,0.9209049665712028,True,1,,1.0,"[[12.600000000000001, 24.0, 8.6]]",[0.7008361408932688],,uniform
sample_2650,3,medium,uniform,ellipsoid+sphere,3,2,2,1,0,1,0,0.6666666666666666,1.0,0.268650009979992,,w/o transport-aware footprint,0.4204457256904237,0.2661799803457035,1.0,False,3,11.803389343743602,0.474045818272544,"[[7.0, 24.6, 10.8], [17.2, 28.8, 6.6000000000000005], [28.6, 35.6, 8.4]]","[0.7395872304864053, 1.4413908613330386, 1.5601598030787671]",,uniform
sample_2655,1,shallow,uniform,ellipsoid,1,1,1,0,0,0,0,1.0,1.0,0.4890355132932272,,w/o transport-aware footprint,0.6568914956013966,0.4890829694328101,1.0,True,1,,1.0,"[[8.0, 23.8, 10.4]]",[1.2449382698480764],,uniform
sample_2676,3,shallow,uniform,ellipsoid+sphere,3,3,3,0,0,0,0,1.0,1.0,0.4241853960060021,,w/o transport-aware footprint,0.6130425155006571,0.5729511589408391,0.6591666666670724,True,3,7.984985911070852,0.5186445584447641,"[[6.6000000000000005, 21.8, 8.4], [14.4, 23.400000000000002, 7.800000000000001], [26.0, 30.8, 7.2]]","[0.9742125822535426, 1.579228533910304, 0.8190582856532818]",,uniform
sample_2682,2,medium,uniform,irregular,2,2,2,0,0,0,0,1.0,1.0,0.6984413486766848,,w/o transport-aware footprint,0.8537019216750201,0.8448574396861106,0.8627335415807964,True,2,12.796874618437114,0.7473162113671269,"[[16.8, 22.6, 7.6000000000000005], [20.200000000000003, 34.2, 11.8]]","[1.2881258006349108, 1.7236690186051717]",,uniform
sample_2684,3,medium,uniform,ellipsoid+irregular,3,3,3,0,0,0,0,1.0,1.0,0.6702486984409788,,w/o transport-aware footprint,0.8350887317847829,0.8144770910729402,0.8567706791403537,True,3,8.260750571225357,0.7182451389144682,"[[28.0, 34.800000000000004, 8.8], [26.200000000000003, 26.8, 7.800000000000001], [7.2, 33.6, 6.800000000000001]]","[1.487671331372563, 1.0689265394202758, 1.4882475098067713]",,uniform
sample_2698,2,deep,uniform,ellipsoid,2,2,2,0,0,0,0,1.0,1.0,0.6470515732661748,,w/o transport-aware footprint,0.840651021953109,0.8669975462860434,0.8158585222503065,True,2,14.97464523786791,0.682784449003112,"[[9.0, 30.0, 7.0], [22.8, 35.2, 4.4]]","[1.1242284667285865, 0.7676057142088913]",,uniform
sample_2702,2,deep,uniform,ellipsoid+irregular,2,2,2,0,0,0,0,1.0,1.0,0.522904904953526,,w/o transport-aware footprint,0.7037793667010175,0.6016416346496654,0.8476870078743906,True,2,11.095945205344158,0.34728070044301773,"[[15.8, 25.0, 15.0], [12.4, 28.400000000000002, 5.0]]","[0.605862638390845, 1.7445905793727103]",,uniform
sample_2711,3,deep,uniform,ellipsoid+sphere,3,2,2,1,0,1,0,0.6666666666666666,1.0,0.5200415714149345,,w/o transport-aware footprint,0.7171590010833162,0.6643163204427703,0.779134860051031,False,3,7.0823724838503095,0.7637034517445336,"[[20.400000000000002, 33.2, 11.200000000000001], [21.6, 25.6, 8.200000000000001], [16.400000000000002, 21.0, 9.600000000000001]]","[1.6237396084358537, 1.2414769922919673, 1.6256008656973489]",,uniform
sample_2719,1,shallow,uniform,ellipsoid,1,2,1,0,1,0,0,1.0,0.5,0.6719673965159022,,w/o transport-aware footprint,0.8034588190331533,0.6954184584852007,0.9512443438914578,False,1,,1.0,"[[15.8, 26.200000000000003, 3.4000000000000004]]",[0.830306660706991],,uniform
sample_2741,3,medium,uniform,ellipsoid+sphere,3,3,2,1,1,1,0,0.6666666666666666,0.6666666666666666,0.5472309523818502,,w/o transport-aware footprint,0.6756445293208404,0.6114786340070257,0.754855797528138,False,3,7.8204859184068605,0.6661423674744077,"[[24.0, 35.6, 13.8], [30.0, 35.2, 8.8], [11.200000000000001, 25.6, 10.0]]","[0.8991963851129259, 1.3498561704191137, 0.9442371962907601]",,uniform
sample_2745,2,medium,uniform,irregular+sphere,2,2,2,0,0,0,0,1.0,1.0,0.6495044298399892,,w/o transport-aware footprint,0.828331046005234,0.7609911193950651,0.908745744959533,True,2,16.70449041425688,0.6627060517469979,"[[23.8, 27.200000000000003, 4.2], [11.0, 32.0, 13.8]]","[1.731514492215109, 1.1474851326785829]",,uniform
sample_2747,2,shallow,uniform,irregular+sphere,2,2,2,0,0,0,0,1.0,1.0,0.6047940474907013,,w/o transport-aware footprint,0.737617554859037,0.8613526127941235,0.644966764887518,True,2,11.649892703368558,0.5104570300145019,"[[10.8, 31.0, 10.200000000000001], [14.200000000000001, 20.6, 6.2]]","[0.8737943867754308, 1.7117883296672525]",,uniform
sample_2751,2,medium,uniform,sphere,2,2,2,0,0,0,0,1.0,1.0,0.5437706701826859,,w/o transport-aware footprint,0.7253515052187849,0.5743067886903604,0.9841994382022656,True,2,12.014990636700473,0.7769923590898792,"[[10.4, 29.6, 10.8], [21.8, 33.2, 9.600000000000001]]","[1.1165397144954536, 0.8675428267833627]",,uniform
sample_2759,1,medium,uniform,irregular,1,1,1,0,0,0,0,1.0,1.0,0.7359778044391122,,w/o transport-aware footprint,0.847948164146934,0.7495227185950748,0.9761312779711824,True,1,,1.0,"[[9.0, 28.6, 10.0]]",[1.2875864257193264],,uniform
sample_2769,3,shallow,uniform,ellipsoid+sphere,3,2,2,1,0,1,0,0.6666666666666666,1.0,0.4518718674398954,,w/o transport-aware footprint,0.6280310378274809,0.6949555351121627,0.5728640040447593,False,3,5.986651818838307,0.36383801626970225,"[[24.0, 34.2, 6.2], [18.400000000000002, 25.200000000000003, 14.4], [23.200000000000003, 23.6, 11.200000000000001]]","[0.6536902484476546, 1.7966518593897938, 1.5569033473640652]",,uniform
sample_2771,1,shallow,uniform,ellipsoid,1,1,1,0,0,0,0,1.0,1.0,0.8344594594594594,,w/o transport-aware footprint,0.9098258706467878,0.851800429953488,0.9763347022587392,True,1,,1.0,"[[8.200000000000001, 33.6, 11.4]]",[1.4984542278582929],,uniform
sample_2784,1,deep,uniform,sphere,1,1,1,0,0,0,0,1.0,1.0,0.5003248159376353,,w/o transport-aware footprint,0.6670034642034736,0.5009757155252591,0.9976252158894696,True,1,,1.0,"[[20.200000000000003, 28.6, 7.0]]",[1.664776590578517],,uniform
sample_2799,3,medium,uniform,ellipsoid+sphere,3,2,2,1,0,1,0,0.6666666666666666,1.0,0.6315970281315817,,w/o transport-aware footprint,0.8203960682278764,0.8002679075015509,0.8415628706999988,False,3,5.3404119691274765,0.492952028010857,"[[25.8, 32.2, 11.600000000000001], [8.0, 30.0, 6.0], [12.8, 29.200000000000003, 8.200000000000001]]","[1.586268383361978, 0.7819542165477906, 0.8521199138159894]",,uniform
sample_2804,2,medium,uniform,irregular+sphere,2,2,2,0,0,0,0,1.0,1.0,0.626352028131629,,w/o transport-aware footprint,0.7616254713030155,0.973754686663131,0.6253869969043468,True,2,13.056798995159573,0.4763147602099538,"[[25.6, 31.6, 12.8], [14.8, 29.400000000000002, 5.800000000000001]]","[1.7251081247899092, 0.8216944627955486]",,uniform
sample_2833,3,medium,uniform,irregular+sphere,3,2,2,1,0,1,0,0.6666666666666666,1.0,0.422109591968778,,w/o transport-aware footprint,0.6137013801758526,0.4881437125752589,0.826216216216451,False,3,4.967896939349688,0.671006650800728,"[[25.6, 31.0, 6.800000000000001], [8.8, 31.400000000000002, 4.6000000000000005], [7.800000000000001, 30.6, 9.4]]","[1.0909819322349088, 1.075593494205639, 0.7320561324330529]",,uniform
sample_2844,2,medium,uniform,ellipsoid+irregular,2,2,2,0,0,0,0,1.0,1.0,0.6907570142864261,,w/o transport-aware footprint,0.8245283018868538,0.8064935064936388,0.8433881343818131,True,2,11.694443124834976,0.8416627704434195,"[[10.8, 26.8, 10.200000000000001], [19.8, 33.800000000000004, 7.6000000000000005]]","[1.1088403880269935, 0.9332696729663557]",,uniform
sample_2850,3,deep,uniform,ellipsoid+irregular,2,2,2,0,0,0,0,1.0,1.0,0.6564870367738845,,w/o transport-aware footprint,0.7823287158368196,0.7652343750001146,0.8002042379372989,True,3,5.051732376126036,0.5250410669393165,"[[17.400000000000002, 30.6, 4.6000000000000005], [19.400000000000002, 30.0, 9.200000000000001], [8.4, 35.0, 10.0]]","[1.467141564408056, 0.7703095723278237, 1.1581705147691306]",,uniform
sample_2872,1,medium,uniform,irregular,1,1,1,0,0,0,0,1.0,1.0,0.5795475789867265,,w/o transport-aware footprint,0.7338580813163675,0.582652006390769,0.991048593350398,True,1,,1.0,"[[24.8, 35.800000000000004, 6.0]]",[1.003467328222372],,uniform
sample_2873,2,shallow,uniform,irregular,2,2,2,0,0,0,0,1.0,1.0,0.2360133621730823,,w/o transport-aware footprint,0.440635389730742,0.2841082317079991,0.9812438302073668,True,2,21.723719755143225,0.6321625876787,"[[16.6, 5.4, 14.8], [23.6, 25.8, 12.200000000000001]]","[0.8112719145823291, 1.2833279450486277]",,uniform
sample_2874,1,medium,uniform,irregular,1,1,1,0,0,0,0,1.0,1.0,0.5180776504616754,,w/o transport-aware footprint,0.6825943569075247,0.5181352915003136,1.0,True,1,,1.0,"[[28.400000000000002, 35.6, 9.600000000000001]]",[0.9021430520182152],,uniform
sample_2887,2,shallow,uniform,ellipsoid+irregular,2,2,2,0,0,0,0,1.0,1.0,0.7505082839223751,,w/o transport-aware footprint,0.8623029335462327,0.8926763764074513,0.8339283991123063,True,2,14.330387294138287,0.47945054893229655,"[[10.0, 24.6, 10.0], [23.8, 23.200000000000003, 6.4]]","[1.3744918176273966, 0.6590008564644053]",,uniform
sample_2909,2,deep,uniform,irregular,2,2,2,0,0,0,0,1.0,1.0,0.5364569829413338,,w/o transport-aware footprint,0.6958857627598625,0.8912361178175451,0.5707769617319015,True,2,10.592450141492291,0.535926810894824,"[[20.200000000000003, 30.200000000000003, 6.4], [20.400000000000002, 19.8, 8.4]]","[0.8120645688851269, 1.5152527404427527]",,uniform
sample_2932,2,medium,uniform,ellipsoid+sphere,2,2,2,0,0,0,0,1.0,1.0,0.6634648923561045,,w/o transport-aware footprint,0.841539900897522,0.8879707495430436,0.7997233930454427,True,2,18.85099466871709,0.5091572528659022,"[[10.200000000000001, 26.8, 5.800000000000001], [24.6, 35.2, 14.600000000000001]]","[1.4343350597743336, 0.7303020987239492]",,uniform
sample_2934,1,deep,uniform,irregular,1,1,1,0,0,0,0,1.0,1.0,0.5822803627174075,,w/o transport-aware footprint,0.7360015031944119,0.9956786985256793,0.5837555886739316,True,1,,1.0,"[[9.8, 31.8, 13.600000000000001]]",[1.7996255159731653],,uniform
sample_2936,1,deep,uniform,ellipsoid,1,1,1,0,0,0,0,1.0,1.0,0.2263048016701461,,w/o transport-aware footprint,0.3691469436409252,0.2263520567976337,1.0,True,1,,1.0,"[[15.600000000000001, 20.200000000000003, 9.200000000000001]]",[1.6880940566239442],,uniform
sample_2945,3,deep,uniform,ellipsoid+sphere,3,3,3,0,0,0,0,1.0,1.0,0.5654791537363902,,w/o transport-aware footprint,0.7287555523194286,0.6069132807767047,0.9118075801750878,True,3,6.1546730213716465,0.8045936253157889,"[[8.0, 33.0, 11.8], [6.6000000000000005, 30.400000000000002, 6.4], [24.400000000000002, 25.6, 11.200000000000001]]","[1.522715026877869, 1.6462604381270443, 1.3245706541265976]",,uniform
sample_2948,2,deep,uniform,ellipsoid+sphere,2,2,2,0,0,0,0,1.0,1.0,0.7381065452268277,,w/o transport-aware footprint,0.8280049680298873,0.7284500202349425,0.9590792838875116,True,2,16.830923919975397,0.65862136935213,"[[28.400000000000002, 26.400000000000002, 13.0], [12.600000000000001, 32.2, 13.0]]","[1.090465063684906, 1.6556782309653424]",,uniform
sample_2951,1,shallow,uniform,irregular,1,1,1,0,0,0,0,1.0,1.0,0.3856079871903551,,w/o transport-aware footprint,0.5565903065736139,0.386080724255577,0.9968346725103558,True,1,,1.0,"[[27.400000000000002, 28.400000000000002, 9.200000000000001]]",[1.3267852644454674],,uniform
sample_2956,2,deep,uniform,ellipsoid+irregular,2,2,2,0,0,0,0,1.0,1.0,0.486099488687261,,w/o transport-aware footprint,0.6656901258408245,0.5044399596372305,0.978469367782387,True,2,17.590906741836815,0.8606003253399439,"[[22.200000000000003, 28.8, 6.800000000000001], [25.8, 11.600000000000001, 7.6000000000000005]]","[1.0330194219914623, 0.8890168506483332]",,uniform
sample_2961,2,medium,uniform,irregular,2,2,1,1,1,1,0,0.5,0.5,0.3057009680889208,,w/o transport-aware footprint,0.62350722815856,0.5952340133725396,0.6546003016594507,False,2,6.6992536897776915,0.9313310731596424,"[[13.8, 28.400000000000002, 15.8], [15.200000000000001, 27.0, 9.4]]","[1.1343033265643547, 1.2179378088568513]",,uniform
sample_2977,1,medium,uniform,irregular,1,1,1,0,0,0,0,1.0,1.0,0.5182693302970707,,w/o transport-aware footprint,0.6826208495263636,0.8503482249025813,0.5701594533034507,True,1,,1.0,"[[7.0, 25.6, 9.0]]",[1.04808546513789],,uniform
sample_2987,3,deep,uniform,ellipsoid+sphere,3,1,1,2,0,1,0,0.3333333333333333,1.0,0.2148451036107838,,w/o transport-aware footprint,0.5258631921826163,0.4199209266841784,0.7032992565059208,False,3,4.935585071701225,0.5179209750973441,"[[7.6000000000000005, 27.400000000000002, 7.0], [10.8, 30.8, 8.6], [12.600000000000001, 27.0, 4.0]]","[1.262598714383567, 0.6539263573101901, 1.029631156111859]",,uniform
sample_2993,3,deep,uniform,irregular+sphere,3,2,2,1,0,1,0,0.6666666666666666,1.0,0.4074382870590095,,w/o transport-aware footprint,0.6732004612091611,0.5357891976930154,0.90540540540551,False,3,5.9497899122574065,0.747183922268748,"[[28.6, 32.6, 6.6000000000000005], [15.0, 30.8, 9.8], [13.0, 34.0, 5.2]]","[1.2070833939683512, 1.2225851641135126, 0.9134959782299152]",,uniform
sample_0002,1,shallow,uniform,ellipsoid,1,1,1,0,0,0,0,1.0,1.0,0.8115454807415234,,w/o query-canonical reliability,0.8959703075292174,0.9300968736240312,0.8642594108021029,True,1,,1.0,"[[15.4, 33.6, 8.4]]",[1.4124678021121233],,uniform
sample_0006,1,deep,uniform,sphere,1,1,1,0,0,0,0,1.0,1.0,0.7696585618210037,,w/o query-canonical reliability,0.8699020611022732,0.9192153228299056,0.8256104328526281,True,1,,1.0,"[[21.0, 27.8, 12.4]]",[1.2116405008604454],,uniform
sample_0022,2,shallow,uniform,irregular,2,2,2,0,0,0,0,1.0,1.0,0.3997031178413601,,w/o query-canonical reliability,0.5846647264954655,0.4203604065253903,0.9598283931358038,True,2,15.92733499365164,0.9882663017980347,"[[7.800000000000001, 22.400000000000002, 7.800000000000001], [16.400000000000002, 35.800000000000004, 8.200000000000001]]","[1.3721856021857262, 1.3884775790585953]",,uniform
sample_0032,1,shallow,uniform,irregular,1,1,1,0,0,0,0,1.0,1.0,0.81282302911351,,w/o query-canonical reliability,0.8967085318319992,0.9736656477780596,0.8310254866547387,True,1,,1.0,"[[7.800000000000001, 23.0, 6.2]]",[0.925546548147099],,uniform
sample_0038,2,deep,uniform,irregular+sphere,2,2,2,0,0,0,0,1.0,1.0,0.6316083248055411,,w/o query-canonical reliability,0.838874872914923,0.7914594287339837,0.8923335736602641,True,2,16.822603841260722,0.7184231306424439,"[[6.6000000000000005, 33.0, 5.2], [20.400000000000002, 24.0, 8.6]]","[1.706819898828488, 1.2262188951591817]",,uniform
sample_0079,2,medium,uniform,ellipsoid,2,1,1,1,0,1,0,0.5,1.0,0.3383610635981962,,w/o query-canonical reliability,0.6679986454454223,0.5119381293472895,0.9609314107560786,False,2,6.817624219623726,0.659858982559717,"[[19.200000000000003, 32.2, 9.0], [12.600000000000001, 30.6, 9.600000000000001]]","[1.1224453247944517, 0.740655629997778]",,uniform
sample_0096,2,medium,uniform,ellipsoid+sphere,2,2,2,0,0,0,0,1.0,1.0,0.6348714657814383,,w/o query-canonical reliability,0.774884419330709,0.6359037551075712,0.9916059870550248,True,2,9.785703858180057,0.5442071054219149,"[[13.8, 34.2, 5.4], [21.200000000000003, 27.8, 5.2]]","[1.4365330236304819, 0.7817714786329357]",,uniform
sample_0100,2,shallow,uniform,sphere,2,2,2,0,0,0,0,1.0,1.0,0.2742971325040568,,w/o query-canonical reliability,0.4324324324330459,0.275862068966516,1.0,True,2,7.076722405181652,0.7544995524157119,"[[7.4, 35.4, 9.0], [9.8, 29.8, 12.600000000000001]]","[1.7608346644341792, 1.3285489661936585]",,uniform
sample_0108,1,deep,uniform,ellipsoid,1,1,1,0,0,0,0,1.0,1.0,0.7313317440886541,,w/o query-canonical reliability,0.8448198868711504,0.7595690578160067,0.9516264252180152,True,1,,1.0,"[[23.400000000000002, 23.6, 11.4]]",[0.7687044286973467],,uniform
sample_0113,3,medium,uniform,ellipsoid,3,3,3,0,0,0,0,1.0,1.0,0.4311318937742743,,w/o query-canonical reliability,0.5768447051561736,0.420848725110892,0.9166012558871338,True,3,12.414507642270799,0.7833684824356897,"[[14.200000000000001, 24.0, 3.8000000000000003], [28.200000000000003, 27.200000000000003, 9.4], [9.0, 34.2, 8.6]]","[0.9570768000656917, 0.855428235469585, 0.749743800441867]",,uniform
sample_0122,3,deep,uniform,ellipsoid+sphere,3,2,2,1,0,1,0,0.6666666666666666,1.0,0.5443078598645514,,w/o query-canonical reliability,0.6573146292586663,0.6466655237445168,0.6683203401845602,False,3,4.707440918375929,0.5002942963886573,"[[18.6, 25.8, 12.200000000000001], [22.200000000000003, 32.0, 9.200000000000001], [20.200000000000003, 24.400000000000002, 8.0]]","[1.6764241341808352, 0.838705432658965, 0.8450994520540722]",,uniform
sample_0128,3,deep,uniform,ellipsoid+sphere,3,3,3,0,0,0,0,1.0,1.0,0.6801122928686084,,w/o query-canonical reliability,0.8087059048469428,0.8575386902751521,0.7651350699470785,True,3,8.395236744726144,0.4619309934763417,"[[7.6000000000000005, 21.8, 9.600000000000001], [18.6, 27.8, 11.600000000000001], [10.4, 29.6, 11.600000000000001]]","[0.6939152759346308, 0.9641089215418889, 1.5022054933193618]",,uniform
sample_0130,2,shallow,uniform,ellipsoid+sphere,2,2,2,0,0,0,0,1.0,1.0,0.4673788855080246,,w/o query-canonical reliability,0.8681069467654166,0.9169188098841188,0.8242293744335627,True,2,5.299056519796706,0.4940620372353948,"[[6.800000000000001, 23.200000000000003, 11.0], [9.4, 27.8, 11.4]]","[0.8375512262310378, 1.6952349363203316]",,uniform
sample_0158,1,medium,uniform,irregular,1,1,1,0,0,0,0,1.0,1.0,0.7506929724441546,,w/o query-canonical reliability,0.8575952314428075,0.7895729720463222,0.938442723196212,True,1,,1.0,"[[8.200000000000001, 27.8, 14.0]]",[1.5782075491871324],,uniform
sample_0163,3,deep,uniform,ellipsoid+sphere,3,3,3,0,0,0,0,1.0,1.0,0.5218712414350725,,w/o query-canonical reliability,0.7018276762403505,0.6184221534346035,0.8112379280072308,True,3,7.166589146867566,0.7240398375695541,"[[27.0, 29.0, 7.0], [13.8, 24.6, 5.6000000000000005], [28.6, 35.4, 9.8]]","[1.1725177615151223, 1.6194105637212064, 1.4204568669964528]",,uniform
sample_0180,1,medium,uniform,sphere,1,1,1,0,0,0,0,1.0,1.0,0.3738087918844144,,w/o query-canonical reliability,0.5442339251085004,0.3738470998161776,1.0,True,1,,1.0,"[[15.0, 29.8, 9.4]]",[1.324300285083603],,uniform
sample_0187,3,medium,uniform,ellipsoid+sphere,3,3,3,0,0,0,0,1.0,1.0,0.5396249288008761,,w/o query-canonical reliability,0.7325109337308572,0.9809843988023424,0.5844704556836553,True,3,10.947145746723205,0.641405643838162,"[[11.4, 21.200000000000003, 7.0], [24.400000000000002, 34.6, 11.200000000000001], [8.200000000000001, 31.6, 5.800000000000001]]","[1.7643973946152292, 1.743805780936086, 1.1316944468795567]",,uniform
sample_0189,3,shallow,uniform,irregular+sphere,3,2,2,1,0,0,0,0.6666666666666666,1.0,0.609817993113835,,w/o query-canonical reliability,0.764012316319182,0.6690048224464407,0.8904709108946196,False,3,9.368030742904295,0.5103080462792021,"[[13.4, 31.8, 8.4], [18.6, 21.200000000000003, 7.4], [22.400000000000002, 31.8, 5.800000000000001]]","[1.1753705826181304, 1.668726439313314, 0.8515645290204268]",,uniform
sample_0192,3,medium,uniform,ellipsoid+irregular,3,2,2,1,0,1,0,0.6666666666666666,1.0,0.2812799120346596,,w/o query-canonical reliability,0.5861140494280286,0.4407723459651136,0.8744619799140969,False,3,4.565084884205331,0.7657735417057048,"[[10.8, 29.6, 8.0], [20.8, 25.6, 10.200000000000001], [10.8, 25.6, 5.800000000000001]]","[0.9873450938886968, 1.2893434417823546, 1.0064862056175317]",,uniform
sample_0207,2,medium,uniform,irregular+sphere,2,1,1,1,0,0,0,0.5,1.0,0.6146643303033622,,w/o query-canonical reliability,0.7521275882866206,0.9427971440571667,0.6256061535033579,False,2,7.515317691222377,0.9620049928258332,"[[19.6, 34.800000000000004, 10.600000000000001], [16.0, 28.400000000000002, 9.0]]","[0.9810117749453144, 1.0197574672285743]",,uniform
sample_0234,3,deep,uniform,ellipsoid+sphere,3,3,2,1,1,0,0,0.6666666666666666,0.6666666666666666,0.3576551178544315,,w/o query-canonical reliability,0.5447030179494113,0.5271232876717511,0.5634957825684588,False,3,6.606057825965498,0.800525712471196,"[[11.600000000000001, 22.0, 6.0], [17.6, 21.6, 15.4], [17.0, 25.8, 6.2]]","[1.189650696008739, 0.9638794680079841, 1.2040580995612502]",,uniform
sample_0240,2,deep,uniform,ellipsoid+sphere,2,2,2,0,0,0,0,1.0,1.0,0.7287758266978013,,w/o query-canonical reliability,0.8328352835284131,0.940707604717413,0.7471576227391814,True,2,19.7453792062852,0.9375036154285199,"[[8.6, 29.0, 5.800000000000001], [26.0, 35.6, 12.4]]","[0.6309955369665391, 0.6730593104732933]",,uniform
sample_0248,3,deep,uniform,irregular,3,3,3,0,0,0,0,1.0,1.0,0.5093564833945288,,w/o query-canonical reliability,0.7934274452287575,0.93719885225492,0.6878998609180657,True,3,6.459102104782056,0.37541811705934075,"[[11.600000000000001, 31.0, 8.6], [26.6, 34.2, 13.200000000000001], [8.200000000000001, 25.6, 9.600000000000001]]","[1.6513970410585972, 1.295686265348563, 0.6199643676715854]",,uniform
sample_0260,3,medium,uniform,sphere,2,2,2,0,0,0,0,1.0,1.0,0.4175592602472227,,w/o query-canonical reliability,0.6783367948121569,0.6338217821785078,0.7295769511308081,True,3,4.4810713004816165,0.4968866319822464,"[[19.8, 28.0, 9.0], [11.600000000000001, 24.400000000000002, 8.200000000000001], [14.200000000000001, 20.8, 8.8]]","[1.4425705055320766, 0.9885648216420333, 0.7167939998907601]",,uniform
sample_0276,2,shallow,uniform,irregular+sphere,2,2,2,0,0,0,0,1.0,1.0,0.6513125852723327,,w/o query-canonical reliability,0.7821839748809267,0.8730529595017225,0.7084474404890367,True,2,11.233877335986895,0.6633564178031782,"[[15.8, 27.200000000000003, 5.2], [11.200000000000001, 30.200000000000003, 15.0]]","[1.0726070540800199, 0.7115207731049419]",,uniform
sample_0280,1,shallow,uniform,irregular,1,1,1,0,0,0,0,1.0,1.0,0.1175644415069398,,w/o query-canonical reliability,0.2103940267618759,0.1175644415076688,1.0,True,1,,1.0,"[[22.0, 20.400000000000002, 8.8]]",[1.1539854990739526],,uniform
sample_0290,3,medium,uniform,ellipsoid+irregular,3,3,3,0,0,0,0,1.0,1.0,0.4827881382027274,,w/o query-canonical reliability,0.6128868989684202,0.9555663469710384,0.4511118752868803,True,3,7.318469785412794,0.7040410974083021,"[[16.400000000000002, 31.200000000000003, 11.8], [23.6, 31.8, 4.800000000000001], [27.8, 29.200000000000003, 10.200000000000001]]","[1.66376946912772, 1.6386301491429038, 1.1713620828791083]",,uniform
sample_0297,1,shallow,uniform,irregular,1,1,1,0,0,0,0,1.0,1.0,0.6723562385841154,,w/o query-canonical reliability,0.8040375127114594,0.9769357495881597,0.6831360000002028,True,1,,1.0,"[[18.6, 24.200000000000003, 13.600000000000001]]",[1.444273508324538],,uniform
sample_0300,3,shallow,uniform,ellipsoid+irregular,3,3,3,0,0,0,0,1.0,1.0,0.427254590574588,,w/o query-canonical reliability,0.6429837280491207,0.4797163291066291,0.9747221883014108,True,3,7.090839160494334,0.4186776438536775,"[[24.0, 24.0, 6.6000000000000005], [22.8, 31.0, 4.800000000000001], [23.6, 30.200000000000003, 11.8]]","[1.6740250763885292, 1.4870679549128645, 0.7008768747343219]",,uniform
sample_0308,2,deep,uniform,irregular,2,2,2,0,0,0,0,1.0,1.0,0.684951944390408,,w/o query-canonical reliability,0.8025472668302339,0.7206279301039064,0.9054801856480672,True,2,17.310112651279887,0.6535182522416206,"[[24.0, 26.200000000000003, 11.600000000000001], [8.200000000000001, 27.200000000000003, 4.6000000000000005]]","[1.4269860289825411, 0.9325614156338808]",,uniform
sample_0322,2,deep,uniform,irregular+sphere,2,1,1,1,0,1,0,0.5,1.0,0.4660106382978723,,w/o query-canonical reliability,0.6479301948053139,0.5104172217192356,0.8868623275623675,False,2,4.770744176750628,0.8143764154738123,"[[27.6, 29.0, 11.4], [25.0, 31.400000000000002, 14.600000000000001]]","[1.2008977191982768, 1.4746224183071197]",,uniform
sample_0328,1,medium,uniform,irregular,1,1,1,0,0,0,0,1.0,1.0,0.7477605418396329,,w/o query-canonical reliability,0.8556784799050843,0.875879718490242,0.8363880742915,True,1,,1.0,"[[7.800000000000001, 30.400000000000002, 10.200000000000001]]",[0.6772633341817563],,uniform
sample_0335,1,shallow,uniform,ellipsoid,1,1,1,0,0,0,0,1.0,1.0,0.7485051002462187,,w/o query-canonical reliability,0.8563380281691586,0.7519434628979648,0.9943925233644992,True,1,,1.0,"[[23.200000000000003, 35.2, 12.4]]",[0.6856508579500862],,uniform
sample_0347,2,deep,uniform,ellipsoid+irregular,2,1,1,1,0,1,0,0.5,1.0,0.3036294308713458,,w/o query-canonical reliability,0.6429213887393029,0.5446510210308676,0.7844600526782606,False,2,5.5497747702046425,0.5815886959349378,"[[16.400000000000002, 32.0, 7.4], [14.600000000000001, 35.4, 3.4000000000000004]]","[0.6488656456245797, 1.1156778839751869]",,uniform
sample_0350,3,shallow,uniform,sphere,3,3,3,0,0,0,0,1.0,1.0,0.3048503791815706,,w/o query-canonical reliability,0.5387975095255656,0.4489701099590383,0.6735594795546618,True,3,12.237646832622683,0.5586838285646628,"[[25.0, 8.200000000000001, 8.4], [26.6, 29.8, 15.0], [16.2, 23.400000000000002, 14.200000000000001]]","[1.147266583413093, 1.0910096910257634, 0.640959287205527]",,uniform
sample_0378,2,deep,uniform,ellipsoid+sphere,2,2,2,0,0,0,0,1.0,1.0,0.5151871168666518,,w/o query-canonical reliability,0.7278039585298173,0.8339092872571987,0.6456521739133397,True,2,7.740800992145452,0.5050471732617079,"[[21.400000000000002, 29.400000000000002, 4.800000000000001], [14.200000000000001, 27.200000000000003, 6.6000000000000005]]","[0.9089731146179509, 1.7997786399785167]",,uniform
sample_0382,2,shallow,uniform,irregular+sphere,2,2,2,0,0,0,0,1.0,1.0,0.5457060360495842,,w/o query-canonical reliability,0.7058410188847555,0.5504863679962317,0.983357807146394,True,2,20.37743850438519,0.5423110927294854,"[[8.200000000000001, 31.8, 5.0], [28.400000000000002, 33.0, 7.4]]","[1.6508484752877974, 0.8952734405641303]",,uniform
sample_0386,3,deep,uniform,irregular+sphere,3,2,2,1,0,1,0,0.6666666666666666,1.0,0.451305925151478,,w/o query-canonical reliability,0.5962325298766068,0.4913534085601312,0.7580346106306571,False,3,5.741080037762929,0.38456712115196046,"[[24.6, 24.200000000000003, 9.4], [27.6, 30.400000000000002, 8.6], [20.200000000000003, 21.400000000000002, 7.0]]","[1.7939342430782044, 0.6898881273965063, 1.060992625318614]",,uniform
sample_0396,3,deep,uniform,ellipsoid,3,2,2,1,0,0,0,0.6666666666666666,1.0,0.6716057724657424,,w/o query-canonical reliability,0.6854886475815655,0.6787082649154127,0.6924058710915025,False,3,5.499090833947008,0.519777347986511,"[[30.200000000000003, 30.400000000000002, 7.800000000000001], [11.600000000000001, 32.2, 10.600000000000001], [16.400000000000002, 34.6, 9.4]]","[0.8860086591825449, 1.704592673410497, 0.9570104634689084]",,uniform
sample_0397,3,medium,uniform,ellipsoid,3,1,1,2,0,1,0,0.3333333333333333,1.0,0.6400900900900901,,w/o query-canonical reliability,0.7666390291702093,0.8219654113465154,0.7182909604521763,False,3,3.6932370625238766,0.47796811001482736,"[[27.0, 24.8, 5.800000000000001], [25.6, 28.400000000000002, 8.4], [23.8, 24.400000000000002, 7.6000000000000005]]","[1.5667354138102412, 0.7488495646321794, 1.395028539988018]",,uniform
sample_0401,3,deep,uniform,irregular+sphere,3,3,3,0,0,0,0,1.0,1.0,0.3926728882343349,,w/o query-canonical reliability,0.6655701754387375,0.5217535043642411,0.9188402421985108,True,3,9.52050418832952,0.8542473445169662,"[[24.200000000000003, 32.0, 10.4], [14.600000000000001, 23.400000000000002, 7.0], [15.4, 32.4, 4.0]]","[0.9626039594602778, 0.8223018761904596, 0.824633264829652]",,uniform
sample_0409,2,medium,uniform,irregular+sphere,2,2,2,0,0,0,0,1.0,1.0,0.3251119882514127,,w/o query-canonical reliability,0.5288718372106606,0.3595245955765206,0.9998163789937572,True,2,15.370100845472681,0.5551500373445075,"[[9.0, 29.8, 9.8], [21.6, 21.0, 9.600000000000001]]","[0.6926241646187925, 1.2476341854030593]",,uniform
sample_0418,3,medium,uniform,ellipsoid+sphere,3,2,2,1,0,0,0,0.6666666666666666,1.0,0.2534228915151456,,w/o query-canonical reliability,0.4254340096220189,0.3305167370826608,0.5968309859166759,False,3,4.180908992073376,0.6389982385813748,"[[8.200000000000001, 21.6, 7.0], [6.4, 23.6, 10.200000000000001], [19.8, 28.6, 4.0]]","[0.7863847041652883, 1.1834215876714036, 1.23065238162647]",,uniform
sample_0436,2,medium,uniform,irregular,2,2,2,0,0,0,0,1.0,1.0,0.244112643753125,,w/o query-canonical reliability,0.3998436074551024,0.2503059476223788,0.9932016833927058,True,2,11.02905254316979,0.7102882315019553,"[[24.8, 23.200000000000003, 11.8], [24.8, 34.2, 11.0]]","[1.2003380453100059, 1.6899309211019942]",,uniform
sample_0438,2,shallow,uniform,ellipsoid+sphere,2,1,1,1,0,1,0,0.5,1.0,0.3752855659397715,,w/o query-canonical reliability,0.6776158215289964,0.527319203323541,0.9477411944870832,False,2,6.359245238233857,0.7898365784887469,"[[22.400000000000002, 28.8, 10.600000000000001], [28.6, 29.0, 9.200000000000001]]","[0.8820753681285818, 0.6966953907318809]",,uniform
sample_0447,1,shallow,uniform,sphere,1,1,1,0,0,0,0,1.0,1.0,0.7919349892670959,,w/o query-canonical reliability,0.8838880807736084,0.8375222960923666,0.935688405797218,True,1,,1.0,"[[27.6, 35.2, 8.6]]",[0.8231974359957722],,uniform
sample_0449,2,deep,uniform,sphere,2,2,2,0,0,0,0,1.0,1.0,0.511873987552221,,w/o query-canonical reliability,0.7891280044719193,0.7895693512307193,0.788687150838284,True,2,10.720074626605916,0.7912187891425575,"[[21.200000000000003, 25.200000000000003, 8.6], [26.200000000000003, 33.6, 4.2]]","[1.3234887830405562, 1.672721630479502]",,uniform
sample_0456,3,medium,uniform,ellipsoid+sphere,3,2,2,1,0,1,0,0.6666666666666666,1.0,0.5162553221445076,,w/o query-canonical reliability,0.644721449029955,0.905085513648312,0.5006892230579569,False,3,3.611094017053556,0.8964784571339841,"[[16.8, 34.6, 9.600000000000001], [28.6, 31.6, 10.600000000000001], [18.0, 31.200000000000003, 9.8]]","[1.0373617005681002, 1.157151844880373, 1.1281308329391648]",,uniform
sample_0458,1,deep,uniform,irregular,1,1,1,0,0,0,0,1.0,1.0,0.7221598877980364,,w/o query-canonical reliability,0.8385730575013531,0.7536231884061577,0.94510739856812,True,1,,1.0,"[[10.600000000000001, 35.0, 14.4]]",[1.1838636336289445],,uniform
sample_0469,3,shallow,uniform,ellipsoid+sphere,3,3,3,0,0,0,0,1.0,1.0,0.3910711594259981,,w/o query-canonical reliability,0.6409218662171777,0.752706627938008,0.5580462020364545,True,3,4.7201694884823775,0.43515300587465044,"[[12.4, 35.800000000000004, 4.800000000000001], [10.4, 21.200000000000003, 7.0], [8.8, 25.6, 6.4]]","[1.5783545775512307, 1.536767934078203, 0.6868257387574321]",,uniform
sample_0472,1,shallow,uniform,ellipsoid,1,1,1,0,0,0,0,1.0,1.0,0.8202710665880967,,w/o query-canonical reliability,0.9012180810165912,0.9580142820270516,0.8507793398534148,True,1,,1.0,"[[11.4, 31.6, 8.200000000000001]]",[1.1730527499862964],,uniform
sample_0473,3,medium,uniform,ellipsoid+irregular,3,3,3,0,0,0,0,1.0,1.0,0.494740035794125,,w/o query-canonical reliability,0.7188670030930657,0.6544646165248948,0.7973277963349307,True,3,9.427618999514142,0.78279484075879,"[[9.0, 33.4, 11.0], [28.200000000000003, 23.8, 7.0], [21.400000000000002, 28.8, 11.200000000000001]]","[0.6688471260658906, 0.8544347653307909, 0.8380940750697113]",,uniform
sample_0511,2,deep,uniform,ellipsoid+irregular,2,2,2,0,0,0,0,1.0,1.0,0.6878419076416977,,w/o query-canonical reliability,0.8168206807814851,0.7905581342694548,0.8448880822748397,True,2,12.485191228010889,0.9041846477361158,"[[27.6, 30.8, 5.4], [16.2, 27.200000000000003, 9.0]]","[1.0664166946801916, 0.9642376034193221]",,uniform
sample_0521,3,medium,uniform,ellipsoid+sphere,2,2,2,0,0,0,0,1.0,1.0,0.5847777116946471,,w/o query-canonical reliability,0.7721254987306075,0.6754719974617838,0.9010582010583058,True,3,3.458323293158117,0.5067086729586847,"[[12.200000000000001, 29.400000000000002, 6.800000000000001], [28.6, 32.4, 11.600000000000001], [8.8, 29.200000000000003, 6.2]]","[1.0965431616234627, 1.2977047460492215, 0.657558249762788]",,uniform
sample_0525,3,medium,uniform,ellipsoid+irregular,3,3,3,0,0,0,0,1.0,1.0,0.1962381205369825,,w/o query-canonical reliability,0.5201538053569874,0.4697641001084064,0.5826526065653013,True,3,6.743886120034946,0.3981874923427049,"[[15.200000000000001, 5.2, 15.200000000000001], [9.0, 33.4, 11.200000000000001], [6.2, 35.4, 5.4]]","[1.2275887375203953, 0.705123889734967, 1.7708338491157165]",,uniform
sample_0535,2,medium,uniform,ellipsoid+sphere,1,1,1,0,0,0,0,1.0,1.0,0.7071338341865567,,w/o query-canonical reliability,0.8284000623150691,0.8052547891271256,0.8529152297699472,True,2,3.7416573867739396,0.7813799182669287,"[[17.2, 32.6, 8.200000000000001], [13.8, 31.400000000000002, 9.200000000000001]]","[1.291375945254465, 1.6526863758140706]",,uniform
sample_0536,2,deep,uniform,sphere,2,2,2,0,0,0,0,1.0,1.0,0.5166189678289216,,w/o query-canonical reliability,0.7394191535324911,0.6116479152884028,0.934668284789776,True,2,17.329743217947577,0.5577095204186867,"[[12.4, 30.6, 4.6000000000000005], [27.6, 25.8, 11.4]]","[1.080075263023287, 0.6023682569568043]",,uniform
sample_0541,1,shallow,uniform,irregular,1,1,1,0,0,0,0,1.0,1.0,0.6849352419904567,,w/o query-canonical reliability,0.813076549603647,0.6995265942638548,0.970633693972236,True,1,,1.0,"[[12.600000000000001, 33.4, 12.4]]",[1.5173855193476922],,uniform
sample_0566,3,medium,uniform,irregular+sphere,3,1,1,2,0,1,0,0.3333333333333333,1.0,0.3796583511730526,,w/o query-canonical reliability,0.5349443388543212,0.4339456411614317,0.6972184868004125,False,3,6.276941930590087,0.7089859204591652,"[[17.6, 25.8, 7.6000000000000005], [11.8, 25.8, 10.0], [6.0, 26.8, 6.6000000000000005]]","[0.8546464008230681, 0.9424262736404305, 0.6681669590818617]",,uniform
sample_0585,2,deep,uniform,ellipsoid+sphere,2,2,2,0,0,0,0,1.0,1.0,0.5735621650486564,,w/o query-canonical reliability,0.7287794372396982,0.9959053103007092,0.57464559952778,True,2,14.643770006388385,0.5883204611732864,"[[26.200000000000003, 34.6, 12.8], [14.600000000000001, 28.8, 6.0]]","[1.5370782095977522, 0.9042945611299589]",,uniform
sample_0603,1,medium,uniform,irregular,1,1,1,0,0,0,0,1.0,1.0,0.6723633273534133,,w/o query-canonical reliability,0.804133024674042,0.7104659283650498,0.926248699271688,True,1,,1.0,"[[25.6, 33.4, 11.8]]",[1.093220912880486],,uniform
sample_0610,2,medium,uniform,sphere,2,1,1,1,0,1,0,0.5,1.0,0.3914529914529914,,w/o query-canonical reliability,0.632075471698285,0.4661752548915223,0.9812935034803056,False,2,6.8,0.5678560840696262,"[[12.600000000000001, 22.200000000000003, 5.0], [18.6, 25.400000000000002, 5.0]]","[1.117460969735426, 0.6345570103746061]",,uniform
sample_0626,3,shallow,uniform,ellipsoid+sphere,3,3,3,0,0,0,0,1.0,1.0,0.2891451595783422,,w/o query-canonical reliability,0.506137712381308,0.3441680486460231,0.9560810810811484,True,3,7.224956747275378,0.7001642778770407,"[[11.200000000000001, 32.0, 6.800000000000001], [6.0, 27.0, 6.4], [18.6, 24.0, 8.4]]","[1.2810346143212756, 0.8969346756717493, 0.9652531240987092]",,uniform
sample_0633,2,medium,uniform,irregular+sphere,2,2,2,0,0,0,0,1.0,1.0,0.5279344306529952,,w/o query-canonical reliability,0.6446210916802918,0.5365208186317281,0.8072736925940874,True,2,19.787875075409186,0.46638039182734387,"[[19.6, 35.2, 4.2], [8.0, 19.200000000000003, 5.2]]","[1.524385839442918, 0.7109436650954426]",,uniform
sample_0646,3,deep,uniform,ellipsoid+irregular,3,3,3,0,0,0,0,1.0,1.0,0.4590230640568373,,w/o query-canonical reliability,0.7818667175136896,0.7577381502358332,0.8075824716890128,True,3,8.602325267042625,0.5350178805983417,"[[22.6, 35.4, 7.4], [9.200000000000001, 30.8, 13.8], [26.400000000000002, 28.8, 11.4]]","[0.935491412018155, 1.748523639942539, 1.559381396631955]",,uniform
sample_0647,3,deep,uniform,ellipsoid+irregular+sphere,3,2,2,1,0,0,0,0.6666666666666666,1.0,0.7110934342269977,,w/o query-canonical reliability,0.8070427023582668,0.881252718573396,0.7443603497687233,False,3,6.016643582596529,0.8802884699363134,"[[22.200000000000003, 22.8, 8.4], [14.8, 29.6, 6.4], [21.8, 28.8, 8.200000000000001]]","[1.4324841571949083, 1.3508713617240162, 1.2609992869451152]",,uniform
sample_0652,3,medium,uniform,ellipsoid+irregular+sphere,3,3,2,1,1,1,1,0.6666666666666666,0.6666666666666666,0.5568822890024041,,w/o query-canonical reliability,0.6905350679139554,0.7392572130143192,0.6478380741041976,False,3,5.095095681142798,0.49622137134572175,"[[27.200000000000003, 31.6, 12.600000000000001], [10.600000000000001, 27.0, 11.4], [14.8, 25.400000000000002, 9.0]]","[1.5982158403952211, 0.7930688560273718, 1.147439606772461]",,uniform
sample_0661,1,medium,uniform,irregular,1,1,1,0,0,0,0,1.0,1.0,0.5775511712111135,,w/o query-canonical reliability,0.7322465804760482,0.5781065088760516,0.9984670413898844,True,1,,1.0,"[[25.8, 31.200000000000003, 14.4]]",[1.4036523072098757],,uniform
sample_0666,1,deep,uniform,ellipsoid,1,1,1,0,0,0,0,1.0,1.0,0.3144963144963145,,w/o query-canonical reliability,0.4786201073521026,0.3145960516932414,1.0,True,1,,1.0,"[[17.400000000000002, 21.8, 6.2]]",[1.2040445337674472],,uniform
sample_0674,3,shallow,uniform,ellipsoid+irregular,3,3,3,0,0,0,0,1.0,1.0,0.4461368393010638,,w/o query-canonical reliability,0.750665551076386,0.6586798371489965,0.8725134824508244,True,3,6.273754856543249,0.5425071374506174,"[[21.400000000000002, 34.0, 11.0], [8.4, 30.0, 5.2], [6.4, 28.0, 10.8]]","[1.467527607263417, 0.9443736138800551, 1.7407579526380301]",,uniform
sample_0676,3,medium,uniform,irregular+sphere,2,1,1,1,0,1,0,0.5,1.0,0.3660426081342802,,w/o query-canonical reliability,0.7700976709241957,0.6762024709129926,0.8942734771574443,False,3,3.969886648255841,0.37425660214784573,"[[26.6, 30.6, 7.800000000000001], [26.8, 32.800000000000004, 12.600000000000001], [24.400000000000002, 33.800000000000004, 9.600000000000001]]","[0.6186855223065352, 1.1362500714036514, 1.6531051656962639]",,uniform
sample_0681,3,medium,uniform,ellipsoid+irregular+sphere,3,2,2,1,0,0,0,0.6666666666666666,1.0,0.6113275391615244,,w/o query-canonical reliability,0.7446435056289359,0.7429796485296558,0.746314831665304,False,3,7.932212806020775,0.4258952425413514,"[[19.0, 29.0, 11.8], [29.6, 28.8, 9.200000000000001], [23.6, 33.4, 6.800000000000001]]","[0.6531047831305085, 0.7076898115664684, 1.5334869185985252]",,uniform
sample_0712,2,shallow,uniform,irregular+sphere,2,1,1,1,0,1,0,0.5,1.0,0.1791756659467242,,w/o query-canonical reliability,0.5058876520175626,0.354016570605769,0.8859589812939239,False,2,5.2306787322488075,0.5440330798483055,"[[21.6, 32.800000000000004, 7.2], [21.200000000000003, 35.6, 11.600000000000001]]","[0.8381645075978714, 1.5406498954651426]",,uniform
sample_0751,3,shallow,uniform,irregular+sphere,3,3,3,0,0,0,0,1.0,1.0,0.6487183739114037,,w/o query-canonical reliability,0.8054298642534377,0.891917622889266,0.7342325619767627,True,3,11.513470371699405,0.7600561661062886,"[[11.4, 34.6, 10.4], [25.8, 34.2, 6.800000000000001], [25.0, 22.8, 8.200000000000001]]","[0.8917650674336657, 0.8407833506348595, 1.1062121302720698]",,uniform
sample_0761,1,deep,uniform,sphere,1,1,1,0,0,0,0,1.0,1.0,0.7066749072929542,,w/o query-canonical reliability,0.8281906417500883,0.7169551040886419,0.9802812071330927,True,1,,1.0,"[[13.0, 28.0, 7.6000000000000005]]",[1.4544811746640263],,uniform
sample_0777,2,medium,uniform,ellipsoid+irregular,2,2,2,0,0,0,0,1.0,1.0,0.7229405542446508,,w/o query-canonical reliability,0.8520885789915742,0.9018312682216192,0.807546400163244,True,2,18.24280680158621,0.9804225349188295,"[[29.6, 28.6, 10.200000000000001], [12.0, 33.4, 10.200000000000001]]","[0.7558336653382585, 0.7410363581479256]",,uniform
sample_0778,1,deep,uniform,ellipsoid,1,1,1,0,0,0,0,1.0,1.0,0.6288150543957659,,w/o query-canonical reliability,0.7721135100008043,0.9980399477319414,0.6295925577015841,True,1,,1.0,"[[25.6, 25.0, 9.8]]",[0.9667427477953602],,uniform
sample_0791,1,medium,uniform,sphere,1,1,1,0,0,0,0,1.0,1.0,0.712073732718894,,w/o query-canonical reliability,0.831700226122718,0.9935683046051104,0.7151851851857126,True,1,,1.0,"[[29.400000000000002, 33.2, 7.0]]",[1.2303316900155439],,uniform
sample_0796,1,deep,uniform,ellipsoid,1,1,1,0,0,0,0,1.0,1.0,0.7377245508982035,,w/o query-canonical reliability,0.8490696071675863,0.988059169488526,0.7443609022559823,True,1,,1.0,"[[26.400000000000002, 30.400000000000002, 11.600000000000001]]",[1.2987087946238862],,uniform
sample_0807,1,medium,uniform,ellipsoid,1,1,1,0,0,0,0,1.0,1.0,0.5508388694966783,,w/o query-canonical reliability,0.7105301379813286,0.5608805319885796,0.969096671949348,True,1,,1.0,"[[15.4, 26.8, 10.600000000000001]]",[1.477919646194513],,uniform
sample_0817,1,shallow,uniform,sphere,1,1,1,0,0,0,0,1.0,1.0,0.5071507150715071,,w/o query-canonical reliability,0.672992700730268,0.5153305653153699,0.9696514423077836,True,1,,1.0,"[[14.4, 29.200000000000003, 12.200000000000001]]",[1.5949407857857603],,uniform
sample_0823,1,deep,uniform,irregular,1,1,1,0,0,0,0,1.0,1.0,0.4881802511696626,,w/o query-canonical reliability,0.6560767767023844,0.97288676236048,0.4949135617552924,True,1,,1.0,"[[17.6, 21.0, 10.600000000000001]]",[1.542609753605651],,uniform
sample_0858,3,deep,uniform,ellipsoid+irregular,3,3,3,0,0,0,0,1.0,1.0,0.5716170434356097,,w/o query-canonical reliability,0.7090400632258166,0.9326669332267632,0.5719119305646193,True,3,10.697663296253069,0.5182959251211388,"[[13.4, 24.200000000000003, 9.8], [26.400000000000002, 35.4, 10.200000000000001], [23.400000000000002, 24.200000000000003, 6.0]]","[1.3497783796590217, 0.7085422341395766, 0.6995846339938843]",,uniform
sample_0860,3,deep,uniform,ellipsoid+sphere,3,3,3,0,0,0,0,1.0,1.0,0.6022042306608147,,w/o query-canonical reliability,0.8193452688951605,0.8489527485882844,0.7917333333334722,True,3,7.6837490849194205,0.583160485068355,"[[28.8, 25.200000000000003, 6.800000000000001], [13.200000000000001, 25.8, 4.0], [12.0, 28.200000000000003, 11.200000000000001]]","[1.7730251444010348, 1.277099432899991, 1.0339582032472976]",,uniform
sample_0867,3,medium,uniform,ellipsoid+irregular,3,2,2,1,0,0,0,0.6666666666666666,1.0,0.5768674741496177,,w/o query-canonical reliability,0.6247962200548135,0.8796389947873029,0.4844459679494882,False,3,6.893475175845635,0.7780838606981993,"[[31.200000000000003, 33.4, 6.4], [13.4, 21.400000000000002, 7.6000000000000005], [24.400000000000002, 34.2, 5.6000000000000005]]","[1.0419523424969663, 0.9235560415081601, 1.186962084883015]",,uniform
sample_0870,3,shallow,uniform,ellipsoid+sphere,3,2,2,1,0,1,0,0.6666666666666666,1.0,0.5015407360331587,,w/o query-canonical reliability,0.4981394194991326,0.5666553787114046,0.4444050991506335,False,3,5.858327406350721,0.734872152369636,"[[8.4, 26.400000000000002, 5.800000000000001], [21.200000000000003, 32.0, 5.0], [27.0, 31.8, 5.800000000000001]]","[0.8836205121635925, 0.6493481076516193, 0.8030625395100867]",,uniform
sample_0875,3,shallow,uniform,sphere,3,3,3,0,0,0,0,1.0,1.0,0.6838737296714749,,w/o query-canonical reliability,0.7915198639291754,0.6902945539312456,0.9275341685650236,True,3,8.170679286326202,0.6128474432574942,"[[27.8, 35.0, 10.200000000000001], [12.8, 27.6, 11.0], [11.4, 34.800000000000004, 14.600000000000001]]","[1.6424426116046171, 1.086236963114267, 1.0065667552190511]",,uniform
sample_0881,3,deep,uniform,ellipsoid+irregular,1,1,1,0,0,0,0,1.0,1.0,0.5993021761087136,,w/o query-canonical reliability,0.7494976172705308,0.7521029383523133,0.7469102837962516,True,3,5.067543783727972,0.5214971605387212,"[[18.400000000000002, 26.400000000000002, 8.200000000000001], [13.4, 26.200000000000003, 9.0], [7.0, 26.8, 9.4]]","[0.6417652859255485, 1.23062086332855, 1.0014330933211562]",,uniform
sample_0895,2,deep,uniform,sphere,2,2,2,0,0,0,0,1.0,1.0,0.6916302719931307,,w/o query-canonical reliability,0.8136611516776904,0.9447306288903792,0.7145292207794525,True,2,20.83266665599966,0.8431858821940668,"[[27.200000000000003, 26.0, 12.4], [6.6000000000000005, 25.200000000000003, 9.4]]","[1.4882628983832302, 1.765047221272964]",,uniform
sample_0911,2,medium,uniform,irregular+sphere,2,2,2,0,0,0,0,1.0,1.0,0.4205828958489048,,w/o query-canonical reliability,0.6440419182456234,1.0,0.4749718497289129,True,2,16.24930767755968,0.9635631066224482,"[[13.600000000000001, 30.200000000000003, 9.600000000000001], [29.400000000000002, 31.400000000000002, 6.0]]","[0.7864767847524651, 0.7578200140025197]",,uniform
sample_0913,2,shallow,uniform,ellipsoid,2,2,2,0,0,0,0,1.0,1.0,0.3487852863082137,,w/o query-canonical reliability,0.4908595877093926,0.3346296623657993,0.9207198443581694,True,2,18.089776118017603,0.4596035070760091,"[[15.8, 21.6, 8.4], [26.8, 35.6, 5.2]]","[1.60760238749581, 0.7388596952768397]",,uniform
sample_0914,1,deep,uniform,ellipsoid,1,1,1,0,0,0,0,1.0,1.0,0.4512521274009239,,w/o query-canonical reliability,0.6219839142094319,0.4513618677049472,1.0,True,1,,1.0,"[[16.0, 34.4, 8.6]]",[0.6772886503757445],,uniform
sample_0920,1,medium,uniform,sphere,1,1,1,0,0,0,0,1.0,1.0,0.5197746354396818,,w/o query-canonical reliability,0.6841646066601104,0.5399357355984163,0.933531746031878,True,1,,1.0,"[[17.6, 22.0, 10.0]]",[0.8429185829601086],,uniform
sample_0932,1,medium,uniform,irregular,1,1,1,0,0,0,0,1.0,1.0,0.2478082343802019,,w/o query-canonical reliability,0.3972249399631795,0.2478357380696472,1.0,True,1,,1.0,"[[11.4, 22.0, 6.4]]",[1.1462573523403923],,uniform
sample_0942,2,deep,uniform,irregular+sphere,2,2,2,0,0,0,0,1.0,1.0,0.6118460025953959,,w/o query-canonical reliability,0.7766190075695739,0.9952575986204024,0.6367397600335999,True,2,17.76063061943466,0.6373712577526622,"[[11.4, 31.0, 15.4], [26.0, 35.2, 6.2]]","[1.1964464781376187, 0.7625805966043171]",,uniform
sample_0953,1,medium,uniform,ellipsoid,1,1,1,0,0,0,0,1.0,1.0,0.7497534900617572,,w/o query-canonical reliability,0.8570072667952375,0.9032197561738649,0.8152934537247092,True,1,,1.0,"[[16.8, 25.8, 4.2]]",[1.0908375853517647],,uniform
sample_0960,1,medium,uniform,ellipsoid,1,1,1,0,0,0,0,1.0,1.0,0.7661464281182591,,w/o query-canonical reliability,0.8676533984768877,0.7679979648947239,0.997027741083228,True,1,,1.0,"[[6.0, 29.8, 8.8]]",[1.4997221838954973],,uniform
sample_0974,2,medium,uniform,ellipsoid+sphere,2,2,2,0,0,0,0,1.0,1.0,0.4622003034964384,,w/o query-canonical reliability,0.6702582520953734,0.5157936299032432,0.9567871093751056,True,2,11.46472851837321,0.8588533575388163,"[[29.400000000000002, 32.4, 10.200000000000001], [20.200000000000003, 27.0, 6.0]]","[1.167069153311541, 1.3588689420228466]",,uniform
sample_0977,3,shallow,uniform,ellipsoid+sphere,3,3,3,0,0,0,0,1.0,1.0,0.5064235401807455,,w/o query-canonical reliability,0.6585254267113643,0.7540904328203804,0.5844577711147024,True,3,8.106787279804495,0.532594836902992,"[[15.0, 21.6, 9.8], [21.200000000000003, 28.0, 8.0], [29.0, 27.8, 10.200000000000001]]","[0.8733946874617959, 1.6398857573245267, 1.2709190065273968]",,uniform
sample_0979,1,medium,uniform,sphere,1,1,1,0,0,0,0,1.0,1.0,0.7120826069464933,,w/o query-canonical reliability,0.831897227009375,0.7328181065419089,0.9619565217391992,True,1,,1.0,"[[21.200000000000003, 28.8, 6.6000000000000005]]",[0.9124639108806094],,uniform
sample_1000,3,medium,uniform,irregular+sphere,3,2,2,1,0,1,0,0.6666666666666666,1.0,0.4194475263632387,,w/o query-canonical reliability,0.6585644838434163,0.4938880549005501,0.9879879879880008,False,3,5.574943945906542,0.5335892542941105,"[[13.8, 31.400000000000002, 8.4], [23.0, 25.400000000000002, 6.4], [16.0, 27.400000000000002, 5.2]]","[0.7145712178136691, 1.2927253932549585, 1.339178426220335]",,uniform
sample_1002,2,deep,uniform,irregular,1,2,1,0,1,0,1,1.0,0.5,0.5472346460128723,,w/o query-canonical reliability,0.7352626677245575,0.9729779076136816,0.5908964905474353,False,2,4.237924020083422,0.9390239201939343,"[[25.0, 35.2, 9.200000000000001], [27.400000000000002, 32.0, 7.800000000000001]]","[1.363166654384997, 1.4516846962785201]",,uniform
sample_1003,3,medium,uniform,ellipsoid+sphere,3,4,3,0,1,0,0,1.0,0.75,0.6258707703616865,,w/o query-canonical reliability,0.7545736626536541,0.8891944070672854,0.6553552949294346,False,3,6.876045375068432,0.5271914780273269,"[[6.6000000000000005, 32.6, 9.200000000000001], [24.400000000000002, 28.400000000000002, 12.200000000000001], [29.0, 31.0, 7.800000000000001]]","[0.942228445840742, 1.7872603885146674, 1.3835867340832535]",,uniform
sample_1015,3,medium,uniform,ellipsoid+irregular,3,2,2,1,0,0,0,0.6666666666666666,1.0,0.6974451965771523,,w/o query-canonical reliability,0.8336735919299167,0.8352785465047315,0.8320747932399424,False,3,3.6110940170535586,0.47162250334534994,"[[6.6000000000000005, 26.6, 6.4], [20.8, 28.8, 9.4], [19.0, 31.6, 10.8]]","[1.166430793632752, 0.6166820702507989, 1.3075755840243013]",,uniform
sample_1018,1,medium,uniform,ellipsoid,1,1,1,0,0,0,0,1.0,1.0,0.668660422074258,,w/o query-canonical reliability,0.8014879945892449,0.6781503948727501,0.979662698412732,True,1,,1.0,"[[22.200000000000003, 35.6, 10.0]]",[1.4701907001862184],,uniform
sample_1028,2,shallow,uniform,ellipsoid+sphere,2,2,2,0,0,0,0,1.0,1.0,0.4552705998788633,,w/o query-canonical reliability,0.7313072841294664,0.7878247958429282,0.6823559670785978,True,2,10.461357464497617,0.9245665860729793,"[[8.200000000000001, 22.6, 5.6000000000000005], [18.6, 23.400000000000002, 6.4]]","[1.605093338683937, 1.7360494775194497]",,uniform
sample_1068,3,shallow,uniform,ellipsoid+irregular+sphere,3,2,2,1,0,0,0,0.6666666666666666,1.0,0.6479023579571462,,w/o query-canonical reliability,0.8564329332491656,0.9773164167628052,0.7621617569899092,False,3,8.901685233707155,0.4257236727131882,"[[7.800000000000001, 29.400000000000002, 11.0], [16.6, 30.0, 12.200000000000001], [28.8, 29.0, 5.0]]","[1.4606527663267703, 0.6218344602393109, 1.31408215424306]",,uniform
sample_1069,3,shallow,uniform,ellipsoid+sphere,3,3,3,0,0,0,0,1.0,1.0,0.4891719234663642,,w/o query-canonical reliability,0.650549450549542,0.8246219156276038,0.5371586588318626,True,3,11.15347479487895,0.7148932396706305,"[[24.400000000000002, 33.6, 14.8], [17.8, 22.400000000000002, 13.600000000000001], [16.0, 27.0, 3.6]]","[1.7345310460914067, 1.2400045188495734, 1.3225870886075557]",,uniform
sample_1072,3,medium,uniform,ellipsoid+irregular,3,2,2,1,0,1,0,0.6666666666666666,1.0,0.2986727935413987,,w/o query-canonical reliability,0.6060995184592497,0.4584113770381835,0.8941813261165167,False,3,6.764613810115106,0.8436671568817132,"[[10.0, 31.200000000000003, 5.2], [20.200000000000003, 18.400000000000002, 13.200000000000001], [15.200000000000001, 28.8, 8.8]]","[0.9566022075763236, 1.0989848409283705, 1.1338620921454745]",,uniform
sample_1078,2,medium,uniform,irregular+sphere,2,2,2,0,0,0,0,1.0,1.0,0.6336142199533128,,w/o query-canonical reliability,0.7568174775334069,0.9573696589573134,0.6257366128621409,True,2,8.54400374531753,0.8643636592448681,"[[26.0, 31.8, 8.200000000000001], [25.0, 23.400000000000002, 7.0]]","[1.1585976559323465, 1.3404053300257086]",,uniform
sample_1081,2,shallow,uniform,ellipsoid+sphere,1,1,1,0,0,0,0,1.0,1.0,0.5885815467075038,,w/o query-canonical reliability,0.7409616775127318,0.7146094839611142,0.7693318318319762,True,2,5.223025942880238,0.5652438711088008,"[[22.200000000000003, 30.8, 10.8], [26.400000000000002, 31.6, 13.8]]","[1.5749403462725533, 0.8902253780925332]",,uniform
sample_1085,2,medium,uniform,irregular,2,2,2,0,0,0,0,1.0,1.0,0.7450131174761179,,w/o query-canonical reliability,0.8579399549821329,0.9047205135063487,0.8157593295955774,True,2,15.596153371905524,0.35393235505974513,"[[26.400000000000002, 32.6, 9.0], [11.200000000000001, 29.200000000000003, 9.8]]","[1.7784677389309835, 0.629457275237623]",,uniform
sample_1086,2,deep,uniform,irregular+sphere,2,2,2,0,0,0,0,1.0,1.0,0.590478107881701,,w/o query-canonical reliability,0.8290285101440441,0.8192898781137268,0.8390014471782942,True,2,16.615655268450894,0.7228169001016791,"[[6.800000000000001, 30.6, 6.800000000000001], [18.2, 19.0, 10.200000000000001]]","[1.770535551890894, 1.2797730191375916]",,uniform
sample_1092,3,deep,uniform,ellipsoid+irregular+sphere,3,3,3,0,0,0,0,1.0,1.0,0.4515649372304247,,w/o query-canonical reliability,0.6130754798674108,0.6854561101552437,0.5545209294234144,True,3,10.875660899458019,0.7695215405497813,"[[25.8, 23.8, 11.200000000000001], [13.0, 30.6, 5.2], [21.0, 16.8, 4.4]]","[0.739354994190476, 0.9607983080788708, 0.8543324310225366]",,uniform
sample_1093,2,deep,uniform,ellipsoid+sphere,2,2,2,0,0,0,0,1.0,1.0,0.7532741767106387,,w/o query-canonical reliability,0.8623967700496009,0.912324299138066,0.8176503340758507,True,2,17.805617091243988,0.6360987363983946,"[[28.200000000000003, 29.200000000000003, 12.200000000000001], [11.200000000000001, 30.200000000000003, 7.0]]","[1.3569647366871247, 0.8631635543438604]",,uniform
sample_1096,2,shallow,uniform,ellipsoid+irregular,2,2,2,0,0,0,0,1.0,1.0,0.4984197001225886,,w/o query-canonical reliability,0.6432540098544071,0.8135773004509737,0.5319001386965257,True,2,10.943491216243563,0.4390098666794439,"[[21.200000000000003, 28.8, 5.2], [13.8, 20.8, 6.2]]","[0.6326103513383547, 1.4409934704275655]",,uniform
sample_1112,3,medium,uniform,ellipsoid+irregular+sphere,3,2,2,1,0,0,0,0.6666666666666666,1.0,0.4379936575133396,,w/o query-canonical reliability,0.5737640079105367,0.5703302463746546,0.5772393668763133,False,3,6.248199740725324,0.5018662836459203,"[[12.4, 25.200000000000003, 8.6], [8.0, 31.8, 10.600000000000001], [16.400000000000002, 25.200000000000003, 3.8000000000000003]]","[0.8656287439667854, 0.8184282882710069, 1.6307696192008572]",,uniform
sample_1126,1,medium,uniform,irregular,1,1,1,0,0,0,0,1.0,1.0,0.4766944381895969,,w/o query-canonical reliability,0.6456236657520238,0.4784721437456452,0.9922662292008618,True,1,,1.0,"[[23.8, 26.6, 5.800000000000001]]",[1.4147925397548518],,uniform
sample_1133,1,shallow,uniform,irregular,1,1,1,0,0,0,0,1.0,1.0,0.7334457388105456,,w/o query-canonical reliability,0.846228667433154,0.7531874704867729,0.9654963680388106,True,1,,1.0,"[[6.4, 28.0, 11.4]]",[1.7365698156179596],,uniform
sample_1135,3,deep,uniform,irregular+sphere,2,2,2,0,0,0,0,1.0,1.0,0.4033100560902262,,w/o query-canonical reliability,0.5782019238053555,0.9471464019851772,0.4161125040884028,True,3,3.8418745424597103,0.8344160538504245,"[[12.0, 29.400000000000002, 15.600000000000001], [15.8, 22.0, 6.0], [18.400000000000002, 20.0, 8.0]]","[1.2019079958883991, 1.0028913270204702, 1.0271013272180367]",,uniform
sample_1139,1,medium,uniform,irregular,1,1,1,0,0,0,0,1.0,1.0,0.3989281137131539,,w/o query-canonical reliability,0.5703339718501121,0.3989281137138541,1.0,True,1,,1.0,"[[21.6, 28.8, 9.4]]",[1.1027310245976345],,uniform
sample_1167,2,medium,uniform,ellipsoid+sphere,2,2,2,0,0,0,0,1.0,1.0,0.6499631115380513,,w/o query-canonical reliability,0.8009576565581631,0.7021399176957184,0.9321459790210532,True,2,11.518680479985544,0.5634975639357582,"[[17.2, 28.400000000000002, 9.4], [26.400000000000002, 33.4, 14.200000000000001]]","[1.2398542292319294, 0.6986548378076394]",,uniform
sample_1175,1,deep,uniform,irregular,1,1,1,0,0,0,0,1.0,1.0,0.7113733905579399,,w/o query-canonical reliability,0.8314224292369837,0.866019779809916,0.7994832041347123,True,1,,1.0,"[[7.6000000000000005, 35.4, 6.6000000000000005]]",[0.8016991298114093],,uniform
sample_1185,2,medium,uniform,ellipsoid+irregular,2,2,2,0,0,0,0,1.0,1.0,0.4669305942595748,,w/o query-canonical reliability,0.6453906439366199,0.5003131654772638,0.9089667728723057,True,2,10.64894360957931,0.5608410496496863,"[[16.400000000000002, 23.6, 5.4], [8.6, 26.6, 12.0]]","[1.7536854584893726, 0.9835387932945712]",,uniform
sample_1211,1,medium,uniform,irregular,1,1,1,0,0,0,0,1.0,1.0,0.5119198121726567,,w/o query-canonical reliability,0.6771785223677494,0.5119198121730973,1.0,True,1,,1.0,"[[24.8, 34.0, 13.600000000000001]]",[1.6753562844522145],,uniform
sample_1215,2,shallow,uniform,ellipsoid+sphere,2,2,2,0,0,0,0,1.0,1.0,0.4808619705102104,,w/o query-canonical reliability,0.7956393085189859,0.8410931840633249,0.7548463356975444,True,2,12.074767078498866,0.5088373692640419,"[[17.8, 23.0, 9.0], [24.200000000000003, 33.0, 6.800000000000001]]","[1.7075637540113062, 0.8688722484417446]",,uniform
sample_1230,3,deep,uniform,ellipsoid+sphere,3,3,3,0,0,0,0,1.0,1.0,0.4050833094216175,,w/o query-canonical reliability,0.6059905614949408,0.4355530942825449,0.9955696202531716,True,3,10.667708282475669,0.4035806482835489,"[[27.0, 25.400000000000002, 8.4], [11.4, 31.8, 12.0], [6.6000000000000005, 25.8, 4.6000000000000005]]","[0.7918321389229362, 1.5152620781023884, 0.6115304518000394]",,uniform
sample_1244,1,shallow,uniform,sphere,1,1,1,0,0,0,0,1.0,1.0,0.7535692116697703,,w/o query-canonical reliability,0.8594690265487721,0.7729530115882173,0.9677933673469902,True,1,,1.0,"[[10.600000000000001, 24.0, 7.4]]",[1.3809242989685004],,uniform
sample_1259,2,deep,uniform,irregular+sphere,2,2,2,0,0,0,0,1.0,1.0,0.4841856633905937,,w/o query-canonical reliability,0.6649491650183259,0.5067311737487682,0.9668227424749608,True,2,15.942396306703706,0.7784204569611174,"[[19.8, 22.0, 6.800000000000001], [11.200000000000001, 35.4, 7.6000000000000005]]","[1.009748734685939, 1.2971765138700313]",,uniform
sample_1262,1,shallow,uniform,irregular,1,1,1,0,0,0,0,1.0,1.0,0.6010906612133606,,w/o query-canonical reliability,0.7509793902233427,0.6042209127043933,0.9919010123734716,True,1,,1.0,"[[15.8, 20.400000000000002, 9.0]]",[1.4004519630697825],,uniform
sample_1266,2,medium,uniform,ellipsoid+sphere,2,2,2,0,0,0,0,1.0,1.0,0.2558353002884868,,w/o query-canonical reliability,0.4238521836511535,0.2823222277482815,0.8499251497011604,True,2,8.260750571225355,0.5048381155286213,"[[25.400000000000002, 32.0, 13.4], [20.0, 32.800000000000004, 7.2]]","[1.6167091789050012, 0.8161764152362255]",,uniform
sample_1276,1,deep,uniform,irregular,1,1,1,0,0,0,0,1.0,1.0,0.6466927453769559,,w/o query-canonical reliability,0.7854443364649762,0.6510920157542945,0.9896598639456065,True,1,,1.0,"[[6.2, 22.8, 11.0]]",[1.230667272405725],,uniform
sample_1285,2,medium,uniform,irregular+sphere,2,2,2,0,0,0,0,1.0,1.0,0.5656400684398818,,w/o query-canonical reliability,0.7001809772774984,0.5460533193940971,0.9755323122899224,True,2,14.051334456200237,0.8410111329475862,"[[27.6, 33.0, 10.600000000000001], [16.8, 25.400000000000002, 5.800000000000001]]","[0.6439873384768035, 0.7657298616485]",,uniform
sample_1286,1,medium,uniform,irregular,1,1,1,0,0,0,0,1.0,1.0,0.56647161482394,,w/o query-canonical reliability,0.7232452978570931,0.9995471424689796,0.5666170354779655,True,1,,1.0,"[[28.200000000000003, 32.0, 8.200000000000001]]",[1.1477152911044963],,uniform
sample_1288,1,shallow,uniform,irregular,1,1,1,0,0,0,0,1.0,1.0,0.4874544284795196,,w/o query-canonical reliability,0.6555627658809896,0.487611283922034,1.0,True,1,,1.0,"[[9.200000000000001, 27.8, 5.2]]",[0.8860317384906653],,uniform
sample_1292,1,deep,uniform,irregular,1,1,1,0,0,0,0,1.0,1.0,0.6533154121863799,,w/o query-canonical reliability,0.7903523035231489,0.6925999810015269,0.9202322352645208,True,1,,1.0,"[[12.200000000000001, 26.6, 8.200000000000001]]",[0.777221002456576],,uniform
sample_1319,1,medium,uniform,ellipsoid,1,1,1,0,0,0,0,1.0,1.0,0.5528249303268306,,w/o query-canonical reliability,0.7121409921673367,0.553245436106043,0.9990842490842512,True,1,,1.0,"[[18.6, 34.6, 9.200000000000001]]",[1.7261077533595919],,uniform
sample_1327,3,shallow,uniform,ellipsoid+irregular+sphere,3,3,3,0,0,0,0,1.0,1.0,0.6623148927087752,,w/o query-canonical reliability,0.8439825968142664,0.9022140221402966,0.7928122677836974,True,3,8.430895563343197,0.6339124810108131,"[[14.4, 31.0, 4.2], [29.0, 24.6, 7.800000000000001], [10.4, 32.800000000000004, 11.4]]","[1.521793471007765, 0.9646838747925892, 1.459696350782369]",,uniform
sample_1328,1,medium,uniform,irregular,1,1,1,0,0,0,0,1.0,1.0,0.6187058687348073,,w/o query-canonical reliability,0.7645544271207521,0.6333688825694591,0.9642792711528698,True,1,,1.0,"[[12.0, 23.200000000000003, 9.0]]",[1.597827059725827],,uniform
sample_1366,2,shallow,uniform,sphere,2,2,2,0,0,0,0,1.0,1.0,0.3568288677365127,,w/o query-canonical reliability,0.5198851988523165,0.351636161952901,0.996855345911958,True,2,10.488088481701517,0.8686947261481086,"[[22.6, 33.2, 10.4], [12.4, 35.2, 11.8]]","[0.759994332709831, 0.8748692835741416]",,uniform
sample_1372,2,shallow,uniform,ellipsoid+irregular,2,2,2,0,0,0,0,1.0,1.0,0.3858016570622674,,w/o query-canonical reliability,0.6264201011695609,0.4644042788645464,0.962047885889042,True,2,15.67801007781281,0.806728720172337,"[[6.0, 29.0, 7.0], [21.200000000000003, 26.0, 4.6000000000000005]]","[1.01110421598755, 0.8156868101244905]",,uniform
sample_1378,3,shallow,uniform,ellipsoid+irregular+sphere,3,2,2,1,0,1,0,0.6666666666666666,1.0,0.3593659362746109,,w/o query-canonical reliability,0.6146644750948279,0.574242221925775,0.6612084870851314,False,3,7.161005515987264,0.8380373033091514,"[[19.0, 30.6, 5.0], [6.6000000000000005, 33.2, 4.800000000000001], [21.400000000000002, 32.0, 11.600000000000001]]","[0.9565794956114724, 1.141452166668756, 0.9821087853640864]",,uniform
sample_1384,2,shallow,uniform,irregular+sphere,2,1,1,1,0,1,0,0.5,1.0,0.379782711384034,,w/o query-canonical reliability,0.6343476018568629,0.4740797841593042,0.9583171016751884,False,2,7.28285658241325,0.5956003137356721,"[[23.8, 28.400000000000002, 8.0], [16.8, 26.400000000000002, 7.800000000000001]]","[0.7654708243205687, 1.2852089004444098]",,uniform
sample_1389,2,medium,uniform,ellipsoid+irregular,2,1,1,1,0,1,0,0.5,1.0,0.3406637345061975,,w/o query-canonical reliability,0.6666480820696737,0.6952552622399726,0.6403020242049693,False,2,7.318469785412796,0.7133893693654707,"[[25.200000000000003, 31.400000000000002, 8.0], [18.6, 33.2, 5.4]]","[1.606845559928217, 1.1463065406648973]",,uniform
sample_1404,3,shallow,uniform,ellipsoid+irregular,3,3,3,0,0,0,0,1.0,1.0,0.5336123159710455,,w/o query-canonical reliability,0.6406232273192752,0.9367396593674666,0.4867536348488669,True,3,6.770524351924305,0.8538942715839237,"[[24.200000000000003, 30.200000000000003, 10.600000000000001], [8.0, 31.8, 10.8], [20.400000000000002, 35.800000000000004, 10.4]]","[1.154666689371325, 1.3404067503673502, 1.3522361348431184]",,uniform
sample_1429,2,shallow,uniform,irregular,2,2,2,0,0,0,0,1.0,1.0,0.5109342418968941,,w/o query-canonical reliability,0.6968621798427227,0.7428199976365171,0.6562597890783582,True,2,15.02797391533536,0.9463119907101398,"[[14.200000000000001, 24.6, 5.800000000000001], [27.6, 31.400000000000002, 5.6000000000000005]]","[1.5433148980082683, 1.4604573934268208]",,uniform
sample_1432,2,medium,uniform,sphere,2,1,1,1,0,0,0,0.5,1.0,0.8492307692307692,,w/o query-canonical reliability,0.8654750705551736,0.9001956947164597,0.8333333333336688,False,2,4.054626986542656,0.8730211389899424,"[[11.4, 35.0, 6.6000000000000005], [10.0, 31.200000000000003, 6.800000000000001]]","[1.0049153915870448, 0.8773123797518458]",,uniform
sample_1438,1,deep,uniform,irregular,1,1,1,0,0,0,0,1.0,1.0,0.6424180327868853,,w/o query-canonical reliability,0.7822832189648944,0.6665485471308769,0.9466532460999162,True,1,,1.0,"[[16.2, 22.8, 15.200000000000001]]",[1.7946110254679417],,uniform
sample_1455,2,shallow,uniform,ellipsoid,2,1,1,1,0,1,0,0.5,1.0,0.5053366174055829,,w/o query-canonical reliability,0.7544674618121974,0.7288752324737375,0.7819222761972745,False,2,5.6178287620752565,0.6019996244972017,"[[14.8, 28.6, 4.2], [9.8, 30.200000000000003, 6.2]]","[1.01942864898382, 1.693404127677423]",,uniform
sample_1470,3,medium,uniform,ellipsoid+irregular,2,1,1,1,0,0,0,0.5,1.0,0.7041967091883897,,w/o query-canonical reliability,0.8116609129267759,0.8903225806452125,0.7457706766918288,False,3,4.014971979976947,0.39537838654862534,"[[14.4, 33.6, 10.4], [19.8, 32.0, 11.200000000000001], [19.200000000000003, 35.0, 8.6]]","[0.7050032900132693, 0.9384669844456643, 1.7831103418865437]",,uniform
sample_1482,3,medium,uniform,irregular+sphere,3,2,2,1,0,0,0,0.6666666666666666,1.0,0.7216932727963208,,w/o query-canonical reliability,0.7441609126390009,0.9274169410357268,0.6213777198439573,False,3,6.749814812274484,0.9018626267284662,"[[21.6, 25.400000000000002, 10.600000000000001], [10.4, 27.400000000000002, 6.0], [6.6000000000000005, 32.800000000000004, 4.6000000000000005]]","[1.3100074285699266, 1.4525576176961872, 1.4429474903555959]",,uniform
sample_1486,2,medium,uniform,ellipsoid+irregular,2,2,2,0,0,0,0,1.0,1.0,0.7547335616060555,,w/o query-canonical reliability,0.8790725867556148,0.9851405281480978,0.7936247349341312,True,2,14.770240350109408,0.6794761724265708,"[[23.200000000000003, 30.8, 11.200000000000001], [8.6, 33.0, 11.600000000000001]]","[0.9833266361164453, 0.6681470189534976]",,uniform
sample_1513,3,shallow,uniform,ellipsoid+sphere,3,2,2,1,0,1,0,0.6666666666666666,1.0,0.4698904847154474,,w/o query-canonical reliability,0.6627032995033069,0.6775201875491208,0.6485206117024197,False,3,4.770744176750624,0.5489695699684328,"[[14.200000000000001, 33.4, 7.2], [29.400000000000002, 35.6, 8.8], [12.8, 29.8, 4.4]]","[1.6867576138159146, 0.9259786018975025, 1.2958762607269034]",,uniform
sample_1516,3,deep,uniform,ellipsoid+sphere,3,2,2,1,0,0,0,0.6666666666666666,1.0,0.6563165954450487,,w/o query-canonical reliability,0.7475353232475819,0.950988325049184,0.6157934131739403,False,3,5.692099788303083,0.8266027235686912,"[[20.200000000000003, 33.800000000000004, 6.4], [11.200000000000001, 21.400000000000002, 6.4], [10.600000000000001, 26.200000000000003, 9.4]]","[1.3518120509593312, 1.4665929828535313, 1.6353830109864074]",,uniform
sample_1529,2,medium,uniform,ellipsoid,2,1,1,1,0,1,0,0.5,1.0,0.4172169949155514,,w/o query-canonical reliability,0.6945901338713756,0.7234318893729671,0.6679599322801439,False,2,6.2545983084447565,0.6960720211155319,"[[12.4, 32.2, 8.200000000000001], [18.0, 33.2, 5.6000000000000005]]","[0.9726089995296625, 1.3972821346431217]",,uniform
sample_1566,3,medium,uniform,irregular+sphere,3,2,2,1,0,1,0,0.6666666666666666,1.0,0.3762115155535243,,w/o query-canonical reliability,0.3873474674487781,0.3295441364118668,0.4697420634929402,False,3,5.418486873657627,0.36357357879154334,"[[16.8, 26.400000000000002, 5.6000000000000005], [12.200000000000001, 25.8, 8.4], [25.0, 10.8, 7.0]]","[1.6541504445372133, 1.6451886458924898, 0.6014053969800169]",,uniform
sample_1572,2,medium,uniform,irregular+sphere,2,2,2,0,0,0,0,1.0,1.0,0.5163138407020679,,w/o query-canonical reliability,0.7966375327062314,0.8954943679600808,0.7174370801165973,True,2,23.03736095997109,0.47547708696522695,"[[25.0, 31.400000000000002, 8.4], [9.0, 15.0, 6.0]]","[0.6183019815147583, 1.300382286475934]",,uniform
sample_1599,3,medium,uniform,irregular+sphere,3,3,3,0,0,0,0,1.0,1.0,0.4162690509422919,,w/o query-canonical reliability,0.6878104700040598,0.655307994758038,0.723705371502535,True,3,7.655063683601854,0.799283518665475,"[[20.6, 4.4, 14.8], [30.0, 30.6, 6.2], [28.200000000000003, 26.200000000000003, 12.200000000000001]]","[1.0717089474650674, 1.3408370402212821, 1.2859165362571743]",,uniform
sample_1620,2,medium,uniform,ellipsoid+irregular,2,2,2,0,0,0,0,1.0,1.0,0.2318721532364842,,w/o query-canonical reliability,0.3686588356787345,0.7058823529419034,0.2494758909859805,True,2,6.199999999999999,0.5396368866411655,"[[22.200000000000003, 29.0, 7.0], [21.0, 34.4, 4.2]]","[0.7518963971141117, 1.3933376604295942]",,uniform
sample_1634,1,medium,uniform,irregular,1,1,1,0,0,0,0,1.0,1.0,0.4702349869451697,,w/o query-canonical reliability,0.6396732374359441,0.4729516806729609,0.9879319802523644,True,1,,1.0,"[[13.600000000000001, 33.4, 4.2]]",[0.6014177869915914],,uniform
sample_1635,3,medium,uniform,ellipsoid+irregular,3,2,2,1,0,1,0,0.6666666666666666,1.0,0.6616046152141177,,w/o query-canonical reliability,0.7448070366444877,0.6531658291459029,0.8663600613211582,False,3,4.48998886412873,0.896254756552243,"[[24.8, 34.2, 8.0], [21.6, 21.400000000000002, 9.8], [21.200000000000003, 23.400000000000002, 5.800000000000001]]","[1.0801156131732725, 1.1250482050721766, 1.205143521166141]",,uniform
sample_1642,2,medium,uniform,ellipsoid+irregular,2,2,2,0,0,0,0,1.0,1.0,0.6062953422435687,,w/o query-canonical reliability,0.8526820564291838,0.81508066235533,0.8939204988309478,True,2,8.78179936004006,0.8561007961763093,"[[10.200000000000001, 32.800000000000004, 9.8], [16.2, 26.400000000000002, 9.4]]","[1.193110305034192, 1.3936563432286277]",,uniform
sample_1643,3,shallow,uniform,ellipsoid+sphere,3,2,2,1,0,1,0,0.6666666666666666,1.0,0.6128120013712526,,w/o query-canonical reliability,0.7542787640092224,0.6964543558480687,0.8225745325923304,False,3,4.242640687119284,0.7941970825011716,"[[6.2, 30.400000000000002, 7.6000000000000005], [16.8, 26.6, 9.600000000000001], [16.8, 30.8, 10.200000000000001]]","[1.3789646875303727, 1.3960809804115633, 1.7363003691572216]",,uniform
sample_1683,1,medium,uniform,ellipsoid,1,1,1,0,0,0,0,1.0,1.0,0.6271241830065359,,w/o query-canonical reliability,0.7708375175740401,0.631665569454194,0.9886656362699932,True,1,,1.0,"[[25.0, 33.4, 4.6000000000000005]]",[1.032951057111811],,uniform
sample_1686,2,deep,uniform,ellipsoid,2,2,2,0,0,0,0,1.0,1.0,0.5380942122305528,,w/o query-canonical reliability,0.7046242285908764,0.6768718531755101,0.734749647390925,True,2,15.327100182356743,0.9228164543355118,"[[7.800000000000001, 27.400000000000002, 7.2], [21.400000000000002, 33.800000000000004, 4.2]]","[1.5326039332747616, 1.660789560128007]",,uniform
sample_1688,3,deep,uniform,ellipsoid+irregular+sphere,3,3,3,0,0,0,0,1.0,1.0,0.6073591755035396,,w/o query-canonical reliability,0.7309985904804182,0.746457041629948,0.716167410240269,True,3,10.295630140987,0.5776672536843172,"[[6.800000000000001, 26.6, 6.2], [14.0, 31.6, 11.600000000000001], [31.0, 31.0, 6.4]]","[0.602292188297032, 1.042628233564667, 0.662862872981692]",,uniform
sample_1697,2,shallow,uniform,ellipsoid+sphere,2,2,2,0,0,0,0,1.0,1.0,0.380851133996157,,w/o query-canonical reliability,0.5656419931197616,0.3948102246325369,0.9970657276995364,True,2,12.655433615645101,0.8901387732095972,"[[15.8, 20.8, 8.200000000000001], [26.200000000000003, 28.0, 8.6]]","[0.761395480685521, 0.8553671670094056]",,uniform
sample_1717,3,medium,uniform,ellipsoid+irregular,3,3,3,0,0,0,0,1.0,1.0,0.4473133917326189,,w/o query-canonical reliability,0.7502981429951303,0.7648046309697454,0.7363317171043101,True,3,11.953242237987148,0.45198792791491155,"[[28.8, 23.8, 6.2], [10.600000000000001, 34.6, 6.6000000000000005], [20.8, 15.0, 5.0]]","[1.4746636239480428, 0.6665301557597703, 1.0822464492461146]",,uniform
sample_1718,3,medium,uniform,ellipsoid+irregular,3,2,2,1,0,1,0,0.6666666666666666,1.0,0.5248398931107481,,w/o query-canonical reliability,0.6463796568971986,0.5567500100658064,0.7704050364924117,False,3,6.805879810869421,0.6669860748031634,"[[29.0, 31.8, 10.600000000000001], [8.200000000000001, 24.400000000000002, 10.4], [13.4, 26.6, 6.6000000000000005]]","[1.218692713464038, 1.4732807772943888, 0.982657762730538]",,uniform
sample_1729,2,deep,uniform,ellipsoid,2,2,2,0,0,0,0,1.0,1.0,0.6214916038979206,,w/o query-canonical reliability,0.7682490708928068,0.6905332156817212,0.8656763590394032,True,2,17.62498226949463,0.5207596662815704,"[[9.4, 34.4, 6.800000000000001], [25.200000000000003, 26.6, 6.4]]","[1.3729027946325287, 0.7149524011698711]",,uniform
sample_1731,2,shallow,uniform,sphere,2,2,2,0,0,0,0,1.0,1.0,0.4317348396928749,,w/o query-canonical reliability,0.6841349605170969,0.5448204893670879,0.9191743827162052,True,2,8.027452896155792,0.69130054445513,"[[19.6, 30.400000000000002, 12.8], [17.8, 22.6, 13.4]]","[1.4825683146009276, 1.0249002830755458]",,uniform
sample_1734,2,deep,uniform,ellipsoid+irregular,2,2,2,0,0,0,0,1.0,1.0,0.528457832501892,,w/o query-canonical reliability,0.784225406104852,0.7558655089601367,0.8147963755851689,True,2,7.531268153505093,0.8343735085691213,"[[21.0, 32.800000000000004, 3.8000000000000003], [22.400000000000002, 30.400000000000002, 10.8]]","[0.8745086006510592, 0.7296668093990968]",,uniform
sample_1741,3,deep,uniform,irregular,3,2,2,1,0,1,0,0.6666666666666666,1.0,0.5125701153881485,,w/o query-canonical reliability,0.6820373192117298,0.8523976023976946,0.5684306949246083,False,3,6.624198064671676,0.5622079859326863,"[[17.0, 24.400000000000002, 10.200000000000001], [29.6, 35.0, 7.4], [17.400000000000002, 31.0, 10.600000000000001]]","[1.5082777616550225, 0.8479658026071304, 0.9678324023151414]",,uniform
sample_1760,3,shallow,uniform,ellipsoid+irregular,3,3,3,0,0,0,0,1.0,1.0,0.6208309414905355,,w/o query-canonical reliability,0.767074441823532,0.9206610481959964,0.6574047954867619,True,3,11.023611023616537,0.7831997127421805,"[[25.400000000000002, 26.400000000000002, 7.6000000000000005], [18.400000000000002, 34.800000000000004, 9.0], [9.4, 26.200000000000003, 5.800000000000001]]","[1.5426168065573536, 1.3474983254573587, 1.7205041109366932]",,uniform
sample_1765,1,medium,uniform,ellipsoid,1,1,1,0,0,0,0,1.0,1.0,0.4804354445797807,,w/o query-canonical reliability,0.6489071740809211,1.0,0.4802831912306026,True,1,,1.0,"[[18.400000000000002, 25.6, 13.200000000000001]]",[0.7871770905043158],,uniform
sample_1787,2,deep,uniform,sphere,2,1,1,1,0,0,0,0.5,1.0,0.7301882407622589,,w/o query-canonical reliability,0.7787829966541346,0.9902300661834534,0.6417483660138036,False,2,24.358981916328116,0.8121512189182276,"[[21.200000000000003, 7.2, 4.800000000000001], [6.6000000000000005, 26.400000000000002, 8.200000000000001]]","[0.7033162733467372, 0.8659917721770376]",,uniform
sample_1809,1,medium,uniform,ellipsoid,1,1,1,0,0,0,0,1.0,1.0,0.6940275333816375,,w/o query-canonical reliability,0.8194817892936815,0.7622783083222348,0.8859672304441253,True,1,,1.0,"[[20.0, 19.6, 9.600000000000001]]",[1.4780278447684223],,uniform
sample_1811,2,shallow,uniform,sphere,2,2,2,0,0,0,0,1.0,1.0,0.4527167015794865,,w/o query-canonical reliability,0.6642977370490217,0.5427319955184448,0.8560411311056297,True,2,12.671227249165726,0.8624015812725802,"[[25.400000000000002, 32.6, 4.6000000000000005], [18.6, 22.0, 6.0]]","[1.7865028414124633, 1.5406828753820658]",,uniform
sample_1812,1,shallow,uniform,ellipsoid,1,1,1,0,0,0,0,1.0,1.0,0.7679136690647482,,w/o query-canonical reliability,0.8687937489826352,0.9135570010271196,0.8282122905029266,True,1,,1.0,"[[23.8, 24.0, 9.200000000000001]]",[1.1777911011485207],,uniform
sample_1815,3,medium,uniform,ellipsoid+irregular+sphere,3,2,2,1,0,1,0,0.6666666666666666,1.0,0.1804294304949769,,w/o query-canonical reliability,0.3272003244720596,0.1956521739133981,0.9986495611073628,False,3,6.131883886702357,0.8790388477208405,"[[17.8, 35.6, 9.0], [18.6, 19.0, 9.600000000000001], [11.8, 34.4, 9.4]]","[1.435930504548855, 1.5035710909714557, 1.6335233741624906]",,uniform
sample_1826,2,shallow,uniform,sphere,2,2,2,0,0,0,0,1.0,1.0,0.7070367939518954,,w/o query-canonical reliability,0.8278105795880059,0.8658936223848426,0.7929362880888816,True,2,14.05560386465128,0.3831943711865958,"[[15.200000000000001, 29.0, 8.200000000000001], [28.6, 32.0, 5.2]]","[0.6184797090265906, 1.6140104227298866]",,uniform
sample_1837,2,shallow,uniform,irregular+sphere,2,2,2,0,0,0,0,1.0,1.0,0.640367377799332,,w/o query-canonical reliability,0.7794445967648038,0.6448476992873332,0.985050985051,True,2,20.631044568804555,0.48347632700912585,"[[28.400000000000002, 27.400000000000002, 7.4], [8.4, 26.6, 12.4]]","[1.5825776531738274, 0.7651388309632043]",,uniform
sample_1839,1,deep,uniform,irregular,1,1,1,0,0,0,0,1.0,1.0,0.7967213114754098,,w/o query-canonical reliability,0.886847992464449,0.8344781741637108,0.946231155778962,True,1,,1.0,"[[6.4, 26.6, 8.200000000000001]]",[1.586155194203797],,uniform
sample_1843,1,medium,uniform,ellipsoid,1,1,1,0,0,0,0,1.0,1.0,0.7340851758421131,,w/o query-canonical reliability,0.8466541160364139,0.7879898056709335,0.9147559171599208,True,1,,1.0,"[[20.8, 30.6, 4.800000000000001]]",[1.7749462630664552],,uniform
sample_1858,3,medium,uniform,ellipsoid+irregular,3,2,2,1,0,1,0,0.6666666666666666,1.0,0.5454954316358606,,w/o query-canonical reliability,0.6947989699442313,0.5791733258125477,0.868107092531767,False,3,7.194442299441978,0.6344538156634492,"[[27.200000000000003, 28.0, 6.4], [20.400000000000002, 29.6, 11.4], [25.8, 34.0, 13.200000000000001]]","[0.7484512751223317, 0.8532956845164261, 1.1796781052371403]",,uniform
sample_1863,2,shallow,uniform,ellipsoid+sphere,2,2,2,0,0,0,0,1.0,1.0,0.4438386634106706,,w/o query-canonical reliability,0.6147525676941038,0.5113389251327876,0.7705992509368665,True,2,11.016351483136331,0.5217782047181909,"[[22.6, 29.6, 3.6], [15.200000000000001, 23.0, 8.4]]","[0.8663435665337733, 1.6603674869893807]",,uniform
sample_1865,2,deep,uniform,ellipsoid+sphere,2,2,2,0,0,0,0,1.0,1.0,0.7334725979037895,,w/o query-canonical reliability,0.8426897449644472,0.7817962199802602,0.9138704318937592,True,2,14.601369798755183,0.6539346467752807,"[[13.0, 34.4, 10.200000000000001], [26.8, 30.400000000000002, 7.6000000000000005]]","[0.9955064435263994, 0.6509961545099519]",,uniform
sample_1869,3,deep,uniform,ellipsoid+irregular+sphere,2,1,1,1,0,1,0,0.5,1.0,0.5163133876402098,,w/o query-canonical reliability,0.7792207792208368,0.7099497296785973,0.8634711887870661,False,3,3.2124756808418033,0.8561473285375342,"[[22.6, 24.0, 10.8], [22.8, 26.0, 4.4], [25.200000000000003, 23.0, 9.200000000000001]]","[1.2653667317544226, 1.0833403470118195, 1.2191178963587306]",,uniform
sample_1881,2,deep,uniform,ellipsoid+sphere,2,2,2,0,0,0,0,1.0,1.0,0.3078964305527852,,w/o query-canonical reliability,0.4686634784801839,0.3068219268380678,0.9918323863636652,True,2,14.328991590478376,0.8418388597940771,"[[25.6, 12.4, 7.4], [24.6, 26.0, 11.8]]","[0.9263453015044815, 0.7798334723941333]",,uniform
sample_1885,3,shallow,uniform,ellipsoid+sphere,3,3,3,0,0,0,0,1.0,1.0,0.4511979385737937,,w/o query-canonical reliability,0.5998909619579599,0.8829350927247834,0.4542660550461219,True,3,6.289674077406554,0.622173536031906,"[[10.200000000000001, 30.200000000000003, 15.200000000000001], [25.0, 31.6, 6.4], [13.0, 29.6, 9.600000000000001]]","[0.8548102284093998, 1.3739096552727115, 1.0958587549634293]",,uniform
sample_1893,1,medium,uniform,irregular,1,1,1,0,0,0,0,1.0,1.0,0.4906647424912059,,w/o query-canonical reliability,0.6583565291058584,0.4907090023457597,1.0,True,1,,1.0,"[[15.200000000000001, 29.8, 9.200000000000001]]",[1.585495280331956],,uniform
sample_1894,1,medium,uniform,ellipsoid,1,1,1,0,0,0,0,1.0,1.0,0.3448008849557522,,w/o query-canonical reliability,0.51266864100073,0.3448428508196714,0.9987179487179528,True,1,,1.0,"[[22.200000000000003, 24.0, 5.800000000000001]]",[1.6732339554886937],,uniform
sample_1904,1,deep,uniform,sphere,1,1,1,0,0,0,0,1.0,1.0,0.6783668494820232,,w/o query-canonical reliability,0.808365405562553,0.7010958559016235,0.9543895747600232,True,1,,1.0,"[[18.2, 25.8, 4.800000000000001]]",[0.9033663754969741],,uniform
sample_1927,3,medium,uniform,irregular+sphere,3,2,2,1,0,1,0,0.6666666666666666,1.0,0.276487967392616,,w/o query-canonical reliability,0.4112542729427235,0.2626981994092564,0.9465020576132982,False,3,4.166533331199932,0.4581275322371762,"[[10.4, 34.800000000000004, 8.200000000000001], [14.4, 35.800000000000004, 8.8], [21.200000000000003, 22.0, 6.800000000000001]]","[1.476998009572352, 1.2903902592137755, 0.6766534532446028]",,uniform
sample_1944,2,medium,uniform,irregular+sphere,2,2,2,0,0,0,0,1.0,1.0,0.5663275079237382,,w/o query-canonical reliability,0.7602190580504884,0.6935251798563601,0.8411051866215792,True,2,11.074294559925704,0.8652735517941249,"[[23.6, 28.0, 4.4], [13.0, 31.200000000000003, 4.6000000000000005]]","[0.9637592747552945, 1.113820332029058]",,uniform
sample_1989,2,medium,uniform,ellipsoid+sphere,2,2,2,0,0,0,0,1.0,1.0,0.7009620491482471,,w/o query-canonical reliability,0.8075036075037464,0.9790062981106036,0.6871316306487142,True,2,22.02362368003958,0.8034103913921298,"[[10.600000000000001, 25.0, 6.4], [30.200000000000003, 34.800000000000004, 8.6]]","[1.031949535270025, 1.2844612744949542]",,uniform
sample_1993,3,deep,uniform,ellipsoid+sphere,3,2,2,1,0,1,0,0.6666666666666666,1.0,0.5466881901661012,,w/o query-canonical reliability,0.7262099144406877,0.666047681802045,0.7983199310742402,False,3,6.251399843235115,0.5848849697653535,"[[14.200000000000001, 26.8, 11.600000000000001], [29.200000000000003, 29.400000000000002, 10.600000000000001], [13.4, 26.8, 5.4]]","[0.9900800953124718, 0.8232294697208896, 1.4075066248516457]",,uniform
sample_2021,3,shallow,uniform,ellipsoid+irregular,3,2,2,1,0,1,0,0.6666666666666666,1.0,0.6409933129049661,,w/o query-canonical reliability,0.7626494163971981,0.8793047538751675,0.6733214143823633,False,3,6.660330322138685,0.47573478459760465,"[[15.600000000000001, 21.400000000000002, 6.0], [20.0, 29.200000000000003, 7.4], [13.4, 29.6, 8.200000000000001]]","[0.6397838985848951, 0.6731947902467124, 1.3448331282440273]",,uniform
sample_2024,2,deep,uniform,irregular,2,1,1,1,0,1,0,0.5,1.0,0.3404043752071594,,w/o query-canonical reliability,0.7390047899925819,0.7639548207564545,0.7156329065401245,False,2,5.868560300448484,0.6308049372547393,"[[15.8, 25.400000000000002, 9.200000000000001], [21.0, 23.8, 7.0]]","[1.5593161266153333, 0.9836243114098884]",,uniform
sample_2044,2,medium,uniform,ellipsoid+sphere,2,2,2,0,0,0,0,1.0,1.0,0.4223483036988292,,w/o query-canonical reliability,0.7047922686064513,0.8147892190743727,0.6209620786523509,True,2,29.697811367169802,0.4073552397960525,"[[15.600000000000001, 4.800000000000001, 15.4], [12.8, 32.4, 4.800000000000001]]","[1.613387480306622, 0.6572218439242529]",,uniform
sample_2059,3,shallow,uniform,ellipsoid+irregular,3,3,3,0,0,0,0,1.0,1.0,0.596411715529706,,w/o query-canonical reliability,0.7671806905800181,0.9117529880478674,0.6621817129631259,True,3,11.766052864066184,0.5494612196253774,"[[29.8, 26.0, 11.8], [17.0, 24.0, 8.200000000000001], [15.200000000000001, 35.6, 7.4]]","[0.9490864367034164, 0.6502297873175711, 1.1833952317160756]",,uniform
sample_2067,3,medium,uniform,ellipsoid+irregular,3,3,3,0,0,0,0,1.0,1.0,0.5615522178407044,,w/o query-canonical reliability,0.6913690666326602,0.7768472434916841,0.6228369719527211,True,3,10.669582934679314,0.7274754645132535,"[[28.6, 33.800000000000004, 8.8], [7.4, 35.800000000000004, 6.4], [15.8, 29.6, 8.6]]","[1.5975235899943905, 1.1621592157020495, 1.1798135910300105]",,uniform
sample_2069,2,shallow,uniform,ellipsoid+sphere,2,2,2,0,0,0,0,1.0,1.0,0.463683928501333,,w/o query-canonical reliability,0.6730064388312664,0.5666388657217959,0.8285365853660627,True,2,16.773789077009408,0.8690555929410789,"[[18.8, 19.0, 9.0], [9.0, 32.6, 8.4]]","[0.8983600403727567, 1.0337198766910929]",,uniform
sample_2070,2,deep,uniform,irregular+sphere,2,2,2,0,0,0,0,1.0,1.0,0.5429021772973366,,w/o query-canonical reliability,0.8002528944561583,0.6912417229847149,0.9500844436104804,True,2,10.495713410721539,0.7615384332518227,"[[24.0, 33.4, 14.0], [16.2, 26.8, 11.600000000000001]]","[1.3039984698388514, 0.993044951683853]",,uniform
sample_2072,3,shallow,uniform,ellipsoid+sphere,3,2,2,1,0,1,0,0.6666666666666666,1.0,0.5685812312261106,,w/o query-canonical reliability,0.6793740917233839,0.7197278911566632,0.6433051715312063,False,3,4.690415759823431,0.6578092328373906,"[[21.8, 34.0, 4.2], [24.8, 35.2, 7.6000000000000005], [14.0, 30.400000000000002, 4.6000000000000005]]","[1.3531917858208564, 1.1218199042314079, 0.890142050512676]",,uniform
sample_2077,3,medium,uniform,ellipsoid+irregular+sphere,3,2,2,1,0,1,0,0.6666666666666666,1.0,0.4181183741503051,,w/o query-canonical reliability,0.6545274663149783,0.6354862318179327,0.6747450218554275,False,3,7.9548727205405365,0.6505902502542552,"[[24.400000000000002, 34.800000000000004, 12.0], [18.0, 24.6, 9.4], [17.8, 35.4, 7.6000000000000005]]","[1.7702803120676727, 1.6612309316711555, 1.151727111248288]",,uniform
sample_2079,2,medium,uniform,ellipsoid+sphere,2,2,2,0,0,0,0,1.0,1.0,0.407083198000756,,w/o query-canonical reliability,0.5604385218792548,0.4152079540688766,0.8619186046515642,True,2,18.58709229546138,0.3471666397797968,"[[11.600000000000001, 31.200000000000003, 15.0], [27.0, 30.8, 4.6000000000000005]]","[1.7492428154942115, 0.6072787504140764]",,uniform
sample_2086,1,medium,uniform,sphere,1,1,1,0,0,0,0,1.0,1.0,0.6542695626301696,,w/o query-canonical reliability,0.7908984620921028,0.9959229898074836,0.6558770883060026,True,1,,1.0,"[[10.0, 31.400000000000002, 13.600000000000001]]",[1.1524756221848498],,uniform
sample_2087,2,shallow,uniform,ellipsoid+irregular,2,2,2,0,0,0,0,1.0,1.0,0.3197457768603394,,w/o query-canonical reliability,0.5043699186994388,0.3435315290376247,0.9484043569655104,True,2,7.769169839822015,0.8546772608723772,"[[20.0, 28.6, 3.8000000000000003], [24.6, 23.0, 6.6000000000000005]]","[1.2364115989148057, 1.0567328786713424]",,uniform
sample_2111,2,medium,uniform,ellipsoid+sphere,2,1,1,1,0,0,0,0.5,1.0,0.8441411682892906,,w/o query-canonical reliability,0.9026351257145966,0.8685269653878289,0.9395317337461886,False,2,5.495452665613634,0.901282071088409,"[[18.8, 24.200000000000003, 10.600000000000001], [15.4, 28.400000000000002, 9.600000000000001]]","[0.7495917486651118, 0.8316949517922703]",,uniform
sample_2119,2,shallow,uniform,ellipsoid+sphere,2,2,2,0,0,0,0,1.0,1.0,0.6708530317000874,,w/o query-canonical reliability,0.7958727294127679,0.9308066440305306,0.6951069078949458,True,2,14.715977711317722,0.5823731681258241,"[[9.8, 32.4, 11.4], [22.8, 25.8, 9.4]]","[0.7796606904284455, 1.3387647870823554]",,uniform
sample_2121,2,shallow,uniform,ellipsoid,2,2,2,0,0,0,0,1.0,1.0,0.6929157548921971,,w/o query-canonical reliability,0.8207858979067616,0.889021479713659,0.7622783083220659,True,2,13.125547607623844,0.8818858815143926,"[[27.8, 26.0, 8.4], [14.8, 25.8, 6.6000000000000005]]","[0.8807627587763427, 0.9987264534316829]",,uniform
sample_2129,3,medium,uniform,ellipsoid+irregular+sphere,2,2,2,0,0,0,0,1.0,1.0,0.4101351717130262,,w/o query-canonical reliability,0.6411538291378839,0.965489673551012,0.4799311167045436,True,3,3.2186953878862177,0.7661480639500602,"[[8.6, 33.4, 7.6000000000000005], [11.200000000000001, 34.0, 5.800000000000001], [18.400000000000002, 34.6, 4.0]]","[1.264770292274958, 1.4724340501610187, 1.6508170571548941]",,uniform
sample_2166,3,medium,uniform,ellipsoid+irregular+sphere,3,2,2,1,0,1,0,0.6666666666666666,1.0,0.415183757703067,,w/o query-canonical reliability,0.704036072675963,0.6873543375056648,0.7215476621967002,False,3,4.1999999999999975,0.5220395296252011,"[[21.400000000000002, 24.0, 8.8], [18.400000000000002, 34.0, 6.800000000000001], [19.8, 31.200000000000003, 4.0]]","[0.7916137385309312, 0.7953972604542314, 1.5163865830223073]",,uniform
sample_2167,1,shallow,uniform,ellipsoid,1,1,1,0,0,0,0,1.0,1.0,0.545284080255016,,w/o query-canonical reliability,0.7057824161157055,0.5469763942447596,0.9945280437756592,True,1,,1.0,"[[20.400000000000002, 29.0, 8.200000000000001]]",[1.0937482882763123],,uniform
sample_2172,1,shallow,uniform,ellipsoid,1,1,1,0,0,0,0,1.0,1.0,0.6563290546238171,,w/o query-canonical reliability,0.7925552978447743,0.6640439852121869,0.982744107744132,True,1,,1.0,"[[15.0, 25.6, 8.8]]",[1.1509062964318826],,uniform
sample_2175,2,shallow,uniform,irregular+sphere,2,1,1,1,0,1,0,0.5,1.0,0.2663354411321891,,w/o query-canonical reliability,0.6017449454053593,0.4413026819927652,0.9454933508455992,False,2,6.572670690061991,0.8488627094381835,"[[18.2, 26.0, 5.800000000000001], [12.200000000000001, 23.6, 4.6000000000000005]]","[1.5970936105864684, 1.3557132095088407]",,uniform
sample_2196,3,shallow,uniform,ellipsoid+sphere,3,3,3,0,0,0,0,1.0,1.0,0.5443078855144733,,w/o query-canonical reliability,0.6628425748887327,0.6310679611656081,0.6979865771817148,True,3,10.892199043352083,0.5291334153045232,"[[28.200000000000003, 32.6, 13.0], [8.200000000000001, 33.2, 10.0], [22.200000000000003, 26.8, 6.0]]","[0.6491210485068806, 0.9389026081297526, 1.2267625323441402]",,uniform
sample_2199,2,medium,uniform,irregular+sphere,2,2,2,0,0,0,0,1.0,1.0,0.6874778876805676,,w/o query-canonical reliability,0.8228408833705749,0.8290330987751962,0.816740483984969,True,2,13.770983988081609,0.6407698019377251,"[[21.0, 25.0, 12.200000000000001], [9.4, 32.2, 14.0]]","[1.3924090915391287, 0.8922136978018154]",,uniform
sample_2202,2,medium,uniform,irregular+sphere,2,2,2,0,0,0,0,1.0,1.0,0.4056316477893937,,w/o query-canonical reliability,0.5989670242355193,0.4570700945919753,0.8686333256513744,True,2,13.093509842666327,0.8760511989490445,"[[28.0, 30.200000000000003, 11.600000000000001], [18.2, 35.6, 4.800000000000001]]","[0.8670777821756374, 0.9897569722132997]",,uniform
sample_2207,2,deep,uniform,ellipsoid+sphere,2,2,2,0,0,0,0,1.0,1.0,0.6909939738977371,,w/o query-canonical reliability,0.7729454109179299,0.7413693901038153,0.8073308270678703,True,2,12.247448713915894,0.5821646830866765,"[[16.2, 29.0, 8.4], [23.6, 35.800000000000004, 15.4]]","[0.8546195609856395, 1.4680031025832567]",,uniform
sample_2208,3,medium,uniform,ellipsoid+irregular,3,2,1,2,1,1,0,0.3333333333333333,0.5,0.4086135147631944,,w/o query-canonical reliability,0.6638202837625907,0.7473746487207903,0.5970695970698351,False,3,8.390470785361213,0.39256892676374794,"[[21.0, 23.400000000000002, 9.200000000000001], [18.8, 34.2, 6.4], [26.8, 31.8, 5.6000000000000005]]","[1.457104949785898, 0.6155164164897325, 1.5679193500206825]",,uniform
sample_2209,1,deep,uniform,sphere,1,1,1,0,0,0,0,1.0,1.0,0.6340365682137834,,w/o query-canonical reliability,0.7761039855386278,0.6453829634937074,0.973229706390386,True,1,,1.0,"[[18.8, 27.8, 11.8]]",[1.0517264260892725],,uniform
sample_2225,3,shallow,uniform,ellipsoid+sphere,3,3,3,0,0,0,0,1.0,1.0,0.6485947339836606,,w/o query-canonical reliability,0.8095809633147708,0.7748476675657903,0.847574300699384,True,3,9.99599919967984,0.5663287734850372,"[[11.4, 5.0, 7.4], [15.200000000000001, 26.6, 7.4], [22.6, 30.6, 12.8]]","[1.6198329410863086, 1.762301602492303, 0.9980421050501815]",,uniform
sample_2234,2,deep,uniform,ellipsoid+sphere,2,2,2,0,0,0,0,1.0,1.0,0.7516096767951409,,w/o query-canonical reliability,0.8619487633487181,0.8592388306675572,0.8646758436946439,True,2,5.7965506984757775,0.9853373014514328,"[[29.400000000000002, 34.2, 6.2], [27.400000000000002, 29.8, 9.4]]","[0.9316993771825679, 0.9180381500770521]",,uniform
sample_2259,2,medium,uniform,ellipsoid+sphere,2,2,2,0,0,0,0,1.0,1.0,0.648423805548775,,w/o query-canonical reliability,0.861617357002027,0.7691928440627066,0.9792862266858148,True,2,13.69379421489895,0.9945712152642139,"[[12.200000000000001, 27.6, 6.0], [25.0, 28.400000000000002, 10.8]]","[0.7460993090231187, 0.7501718304052394]",,uniform
sample_2263,2,medium,uniform,irregular+sphere,2,2,2,0,0,0,0,1.0,1.0,0.583063927770833,,w/o query-canonical reliability,0.7311633902676564,0.5764813497310941,0.9992952783650472,True,2,8.802272433866154,0.6849581987347181,"[[28.0, 28.8, 7.0], [26.8, 34.0, 14.0]]","[1.5876657320417116, 1.0874846600121284]",,uniform
sample_2266,2,deep,uniform,ellipsoid+sphere,2,2,2,0,0,0,0,1.0,1.0,0.4264520701143672,,w/o query-canonical reliability,0.597536254483395,0.4385442893116976,0.9373776908025016,True,2,8.930845424706442,0.3863287899029743,"[[21.200000000000003, 28.400000000000002, 10.4], [16.2, 35.4, 8.0]]","[0.6308638882859036, 1.6329714605125436]",,uniform
sample_2270,3,deep,uniform,irregular+sphere,3,2,2,1,0,1,0,0.6666666666666666,1.0,0.3002593494612174,,w/o query-canonical reliability,0.6287829045546298,0.5204545454550192,0.7940600030155374,False,3,4.064480286580315,0.41730383770842294,"[[21.8, 30.0, 5.800000000000001], [11.8, 25.200000000000003, 5.800000000000001], [22.200000000000003, 26.0, 5.2]]","[1.6321230494017165, 0.6810912121277103, 1.3016803739251026]",,uniform
sample_2271,3,shallow,uniform,ellipsoid+irregular,3,3,2,1,1,1,0,0.6666666666666666,0.6666666666666666,0.4116511905980507,,w/o query-canonical reliability,0.632612698629328,0.5935120609126665,0.6772285902024697,False,3,4.45869936192159,0.39515756437490585,"[[25.200000000000003, 25.6, 9.4], [15.0, 25.6, 7.0], [16.6, 28.0, 3.6]]","[0.6334413120170943, 1.6030094552767227, 1.3230042930518051]",,uniform
sample_2281,2,deep,uniform,ellipsoid+sphere,2,2,2,0,0,0,0,1.0,1.0,0.554199548226345,,w/o query-canonical reliability,0.7081741403580063,0.901856594110178,0.5829746730675456,True,2,13.001538370516009,0.42742123405132265,"[[15.600000000000001, 30.6, 4.0], [24.400000000000002, 34.800000000000004, 12.600000000000001]]","[0.6903675512310186, 1.61519245239024]",,uniform
sample_2293,1,deep,uniform,ellipsoid,1,1,1,0,0,0,0,1.0,1.0,0.7820184624932123,,w/o query-canonical reliability,0.8777153802621228,0.9373314737332056,0.8252292075967377,True,1,,1.0,"[[24.6, 32.2, 9.0]]",[1.262710825695367],,uniform
sample_2299,1,medium,uniform,irregular,1,1,1,0,0,0,0,1.0,1.0,0.4723362105561058,,w/o query-canonical reliability,0.6416762783548234,0.4724030568929063,1.0,True,1,,1.0,"[[23.0, 35.800000000000004, 13.200000000000001]]",[1.1278463696106746],,uniform
sample_2306,3,shallow,uniform,irregular+sphere,3,2,2,1,0,1,0,0.6666666666666666,1.0,0.3726900669406423,,w/o query-canonical reliability,0.6251684284440769,0.8575072886298118,0.4918918918920437,False,3,6.529931086925802,0.8493920031609223,"[[20.0, 33.4, 9.0], [6.4, 35.4, 6.4], [21.8, 28.0, 5.800000000000001]]","[1.2866201587052246, 1.3547803578998643, 1.150739602039637]",,uniform
sample_2323,3,shallow,uniform,ellipsoid+irregular,3,3,3,0,0,0,0,1.0,1.0,0.6103364353720788,,w/o query-canonical reliability,0.7738468428124061,0.9298048231668884,0.6626921870098447,True,3,5.830951894845299,0.6242537401920346,"[[23.200000000000003, 33.2, 5.2], [6.4, 32.6, 7.2], [6.4, 27.200000000000003, 5.0]]","[1.6121257714487371, 1.1168038959827902, 1.7890223543382149]",,uniform
sample_2357,3,medium,uniform,ellipsoid+irregular+sphere,3,2,2,1,0,1,0,0.6666666666666666,1.0,0.4618945817456029,,w/o query-canonical reliability,0.7089710728671882,0.7683333333335172,0.6581237253571325,False,3,5.429548784199289,0.47135777950986685,"[[6.4, 35.4, 6.0], [8.200000000000001, 32.2, 10.0], [25.200000000000003, 27.0, 12.4]]","[1.1114354251994143, 1.6505343344256103, 0.7779921988796517]",,uniform
sample_2361,2,shallow,uniform,ellipsoid+sphere,2,2,2,0,0,0,0,1.0,1.0,0.5410079339566963,,w/o query-canonical reliability,0.8154946989848216,0.746450860709316,0.8986129458389213,True,2,10.091580649234293,0.9192623350611916,"[[23.200000000000003, 29.8, 6.0], [13.4, 27.400000000000002, 5.800000000000001]]","[1.4423550541013457, 1.5690353004676667]",,uniform
sample_2372,3,deep,uniform,ellipsoid+sphere,2,2,2,0,0,0,0,1.0,1.0,0.3645857916221074,,w/o query-canonical reliability,0.5334159694248872,0.3798734735917464,0.8952843273233438,True,3,2.891366458960192,0.526465860539217,"[[27.8, 24.6, 8.0], [21.0, 31.8, 13.0], [23.0, 29.8, 12.4]]","[0.7334812279904681, 1.2341888229673263, 1.393217078196147]",,uniform
sample_2375,2,medium,uniform,ellipsoid+irregular,2,2,2,0,0,0,0,1.0,1.0,0.52310454430282,,w/o query-canonical reliability,0.6904083941179973,0.5957189014542301,0.8208886003155358,True,2,10.303397497913005,0.9003802748308155,"[[12.600000000000001, 29.6, 11.4], [21.6, 29.200000000000003, 6.4]]","[1.5948241180084195, 1.7712783838007695]",,uniform
sample_2378,3,shallow,uniform,ellipsoid+sphere,3,2,2,1,0,1,0,0.6666666666666666,1.0,0.4117043176464628,,w/o query-canonical reliability,0.6071635730859893,0.6417841814840268,0.5760869565220308,False,3,6.203224967708327,0.38978078901902924,"[[16.0, 29.0, 6.4], [14.200000000000001, 32.0, 15.0], [20.8, 25.200000000000003, 7.4]]","[1.5812886341788333, 0.6163559314970487, 1.0173485551469734]",,uniform
sample_2385,2,deep,uniform,irregular,2,2,2,0,0,0,0,1.0,1.0,0.4733428042434991,,w/o query-canonical reliability,0.6561566202991693,0.6249263984305693,0.6906724511937296,True,2,29.21095684841563,0.873650350820992,"[[20.200000000000003, 4.6000000000000005, 15.200000000000001], [26.6, 33.0, 12.8]]","[1.755810975672818, 1.5339648748719057]",,uniform
sample_2409,2,shallow,uniform,ellipsoid+sphere,2,2,2,0,0,0,0,1.0,1.0,0.3987750537646097,,w/o query-canonical reliability,0.5624094989866422,0.3971370143154215,0.9632936507937236,True,2,14.963956696007914,0.5379342174743773,"[[25.200000000000003, 32.800000000000004, 6.4], [11.200000000000001, 28.200000000000003, 9.0]]","[0.8049422974148364, 1.496358237247061]",,uniform
sample_2413,3,shallow,uniform,ellipsoid+irregular,3,2,2,1,0,1,0,0.6666666666666666,1.0,0.3415333701555739,,w/o query-canonical reliability,0.6607915398174277,0.5682006062278092,0.78943338437992,False,3,5.560575509783139,0.46390596614451124,"[[18.400000000000002, 26.200000000000003, 7.800000000000001], [22.0, 31.200000000000003, 12.0], [16.0, 21.6, 5.800000000000001]]","[1.0668151099098018, 0.8196449336975191, 1.7668342153681027]",,uniform
sample_2418,1,deep,uniform,sphere,1,1,1,0,0,0,0,1.0,1.0,0.693799158587891,,w/o query-canonical reliability,0.819399438323807,0.7095024317251973,0.9695807770961924,True,1,,1.0,"[[16.400000000000002, 18.8, 9.600000000000001]]",[1.3868993262533207],,uniform
sample_2435,1,shallow,uniform,irregular,1,1,1,0,0,0,0,1.0,1.0,0.4914504364462513,,w/o query-canonical reliability,0.6590234907402718,0.4914504364468594,1.0,True,1,,1.0,"[[13.4, 35.2, 6.2]]",[1.3183757334028874],,uniform
sample_2440,2,deep,uniform,ellipsoid,2,1,1,1,0,1,0,0.5,1.0,0.5136950518695425,,w/o query-canonical reliability,0.7088785046730333,0.6489561943877061,0.7809925864911644,False,2,8.084553172563094,0.4982514557972689,"[[22.0, 27.400000000000002, 6.4], [14.8, 24.8, 9.0]]","[1.4110467976205143, 0.7030561211124956]",,uniform
sample_2442,3,medium,uniform,ellipsoid+irregular+sphere,3,3,2,1,1,0,0,0.6666666666666666,0.6666666666666666,0.4753974150770087,,w/o query-canonical reliability,0.6866902237928291,0.6597154865828809,0.7159649122809508,False,3,8.2,0.7151489859736667,"[[6.6000000000000005, 32.4, 6.2], [24.0, 34.2, 10.600000000000001], [14.4, 30.0, 5.4]]","[1.3712870500189656, 1.0421837479808127, 1.4572959878589384]",,uniform
sample_2453,1,medium,uniform,ellipsoid,1,1,1,0,0,0,0,1.0,1.0,0.7848481060132516,,w/o query-canonical reliability,0.8794564684458364,0.9976163991736888,0.7863226452908488,True,1,,1.0,"[[7.2, 22.400000000000002, 8.6]]",[0.9371360234283901],,uniform
sample_2472,2,medium,uniform,ellipsoid+sphere,2,2,2,0,0,0,0,1.0,1.0,0.6813402641206587,,w/o query-canonical reliability,0.7865353834215518,0.8812085642866196,0.7102312543800716,True,2,11.532562594670797,0.6407062497624233,"[[11.600000000000001, 30.6, 13.0], [16.400000000000002, 24.6, 4.4]]","[0.987369448587723, 1.541064175593486]",,uniform
sample_2477,2,medium,uniform,ellipsoid+irregular,2,2,2,0,0,0,0,1.0,1.0,0.5318632836957613,,w/o query-canonical reliability,0.7312830782435328,0.8253261009945594,0.6564795315631741,True,2,9.4424573072903,0.7057348693024033,"[[17.8, 20.6, 9.0], [9.0, 21.0, 5.6000000000000005]]","[1.4515590632036188, 1.0244158457547248]",,uniform
sample_2478,3,medium,uniform,ellipsoid+irregular+sphere,3,2,2,1,0,0,0,0.6666666666666666,1.0,0.6812375515256478,,w/o query-canonical reliability,0.8173791034666721,0.9179526189959152,0.7366676841234305,False,3,5.145872132107444,0.542759220973009,"[[18.2, 22.8, 14.200000000000001], [24.400000000000002, 35.800000000000004, 11.4], [19.400000000000002, 27.8, 14.0]]","[1.4355853405728738, 0.7791771810896048, 1.2456556535905239]",,uniform
sample_2483,3,medium,uniform,ellipsoid+irregular+sphere,3,3,3,0,0,0,0,1.0,1.0,0.6224760455290439,,w/o query-canonical reliability,0.7994649032030593,0.8228722851502531,0.7773523781476576,True,3,14.195774019052289,0.607999962230681,"[[14.8, 34.0, 5.4], [7.2, 22.400000000000002, 9.200000000000001], [23.0, 23.200000000000003, 9.600000000000001]]","[1.1952381542861819, 0.7267047526626674, 1.0093453847935634]",,uniform
sample_2494,3,deep,uniform,irregular+sphere,1,1,1,0,0,0,0,1.0,1.0,0.3013141218064172,,w/o query-canonical reliability,0.4629344816982144,0.6605705925389018,0.3563254676036963,True,3,3.7788887255382364,0.5931558129448137,"[[24.200000000000003, 27.200000000000003, 5.4], [20.0, 28.0, 5.6000000000000005], [24.0, 25.200000000000003, 8.6]]","[1.2036883194234727, 1.170764634686452, 0.7139747236398065]",,uniform
sample_2505,3,medium,uniform,ellipsoid+sphere,3,2,2,1,0,1,0,0.6666666666666666,1.0,0.5409908955256157,,w/o query-canonical reliability,0.6845912179441497,0.6755587599137163,0.693868483412549,False,3,4.586937976471885,0.4707189005964269,"[[23.200000000000003, 26.6, 9.4], [24.400000000000002, 25.200000000000003, 5.2], [15.0, 26.8, 4.2]]","[1.11866449047251, 1.5484092666235312, 0.7288655076583482]",,uniform
sample_2533,1,deep,uniform,irregular,1,1,1,0,0,0,0,1.0,1.0,0.6976714267335649,,w/o query-canonical reliability,0.8218264494127914,0.7165323113522974,0.9633972992182598,True,1,,1.0,"[[30.200000000000003, 26.400000000000002, 7.800000000000001]]",[1.136857211087526],,uniform
sample_2536,3,shallow,uniform,ellipsoid+irregular,3,3,3,0,0,0,0,1.0,1.0,0.3728816372232874,,w/o query-canonical reliability,0.7216510489776844,0.8672380778700947,0.6179183991686474,True,3,4.770744176750624,0.5770324008746088,"[[10.8, 23.400000000000002, 8.8], [9.4, 27.8, 10.0], [29.6, 30.400000000000002, 10.0]]","[0.9914327464911183, 1.5200446746231375, 1.7181578451892863]",,uniform
sample_2584,1,deep,uniform,irregular,1,1,1,0,0,0,0,1.0,1.0,0.7229677168416958,,w/o query-canonical reliability,0.8392595101028111,0.7474615461950864,0.9567623214516062,True,1,,1.0,"[[10.200000000000001, 23.8, 9.8]]",[1.617970915881631],,uniform
sample_2589,3,shallow,uniform,ellipsoid+sphere,3,2,2,1,0,1,0,0.6666666666666666,1.0,0.4033225104858272,,w/o query-canonical reliability,0.687013106039872,0.5974177780141345,0.8082231167338929,False,3,7.238784428341543,0.6383940428614563,"[[13.200000000000001, 28.200000000000003, 11.4], [10.4, 31.200000000000003, 5.2], [12.200000000000001, 24.200000000000003, 4.800000000000001]]","[1.617602334350174, 1.046129085823935, 1.0326676939679367]",,uniform
sample_2600,1,shallow,uniform,sphere,1,1,1,0,0,0,0,1.0,1.0,0.5754023233507407,,w/o query-canonical reliability,0.7305324402951556,0.5755249973354913,0.9998148148148152,True,1,,1.0,"[[11.4, 26.200000000000003, 5.800000000000001]]",[1.0237991573172958],,uniform
sample_2603,1,deep,uniform,ellipsoid,1,1,1,0,0,0,0,1.0,1.0,0.8349201474201474,,w/o query-canonical reliability,0.9099887015106876,0.8639650377434533,0.961191654879808,True,1,,1.0,"[[25.400000000000002, 27.8, 8.6]]",[1.6478760640125079],,uniform
sample_2614,3,medium,uniform,sphere,3,3,3,0,0,0,0,1.0,1.0,0.592953262503544,,w/o query-canonical reliability,0.6661093462633528,0.6073787986587992,0.7374136229025945,True,3,12.504399225872472,0.7058631577808646,"[[6.2, 26.400000000000002, 12.600000000000001], [17.400000000000002, 23.0, 8.200000000000001], [27.8, 33.2, 9.0]]","[1.2446562483738703, 1.446950234457336, 1.7633109684983364]",,uniform
sample_2643,1,deep,uniform,ellipsoid,1,1,1,0,0,0,0,1.0,1.0,0.7385408819609434,,w/o query-canonical reliability,0.8495333333333835,0.9618810386473716,0.7606852913086434,True,1,,1.0,"[[12.600000000000001, 24.0, 8.6]]",[0.7008361408932688],,uniform
sample_2650,3,medium,uniform,ellipsoid+sphere,3,3,3,0,0,0,0,1.0,1.0,0.3475433634137706,,w/o query-canonical reliability,0.5245964093530527,0.3597413624195939,0.9683544303798024,True,3,11.803389343743602,0.474045818272544,"[[7.0, 24.6, 10.8], [17.2, 28.8, 6.6000000000000005], [28.6, 35.6, 8.4]]","[0.7395872304864053, 1.4413908613330386, 1.5601598030787671]",,uniform
sample_2655,1,shallow,uniform,ellipsoid,1,1,1,0,0,0,0,1.0,1.0,0.6460557146576412,,w/o query-canonical reliability,0.7850363808922928,0.6526827985275477,0.9847222222222526,True,1,,1.0,"[[8.0, 23.8, 10.4]]",[1.2449382698480764],,uniform
sample_2676,3,shallow,uniform,ellipsoid+sphere,3,3,3,0,0,0,0,1.0,1.0,0.4585559615454591,,w/o query-canonical reliability,0.6489857628829224,0.689189189189605,0.6132142857147461,True,3,7.984985911070852,0.5186445584447641,"[[6.6000000000000005, 21.8, 8.4], [14.4, 23.400000000000002, 7.800000000000001], [26.0, 30.8, 7.2]]","[0.9742125822535426, 1.579228533910304, 0.8190582856532818]",,uniform
sample_2682,2,medium,uniform,irregular,2,2,2,0,0,0,0,1.0,1.0,0.6843911367896874,,w/o query-canonical reliability,0.8307490308866354,0.8845616137408397,0.7831083868687552,True,2,12.796874618437114,0.7473162113671269,"[[16.8, 22.6, 7.6000000000000005], [20.200000000000003, 34.2, 11.8]]","[1.2881258006349108, 1.7236690186051717]",,uniform
sample_2684,3,medium,uniform,ellipsoid+irregular,3,3,3,0,0,0,0,1.0,1.0,0.7079617811955923,,w/o query-canonical reliability,0.8529893909870239,0.892954280533679,0.8164485759963193,True,3,8.260750571225357,0.7182451389144682,"[[28.0, 34.800000000000004, 8.8], [26.200000000000003, 26.8, 7.800000000000001], [7.2, 33.6, 6.800000000000001]]","[1.487671331372563, 1.0689265394202758, 1.4882475098067713]",,uniform
sample_2698,2,deep,uniform,ellipsoid,2,2,2,0,0,0,0,1.0,1.0,0.6088128433795542,,w/o query-canonical reliability,0.8193460812087409,0.9360167206041424,0.7285369437448947,True,2,14.97464523786791,0.682784449003112,"[[9.0, 30.0, 7.0], [22.8, 35.2, 4.4]]","[1.1242284667285865, 0.7676057142088913]",,uniform
sample_2702,2,deep,uniform,ellipsoid+irregular,2,2,2,0,0,0,0,1.0,1.0,0.5145997998136196,,w/o query-canonical reliability,0.6969108218382583,0.5757624398080646,0.8826279527561943,True,2,11.095945205344158,0.34728070044301773,"[[15.8, 25.0, 15.0], [12.4, 28.400000000000002, 5.0]]","[0.605862638390845, 1.7445905793727103]",,uniform
sample_2711,3,deep,uniform,ellipsoid+sphere,3,2,2,1,0,1,0,0.6666666666666666,1.0,0.5356242830980591,,w/o query-canonical reliability,0.754190882520995,0.799103011319286,0.7140585241732099,False,3,7.0823724838503095,0.7637034517445336,"[[20.400000000000002, 33.2, 11.200000000000001], [21.6, 25.6, 8.200000000000001], [16.400000000000002, 21.0, 9.600000000000001]]","[1.6237396084358537, 1.2414769922919673, 1.6256008656973489]",,uniform
sample_2719,1,shallow,uniform,ellipsoid,1,1,1,0,0,0,0,1.0,1.0,0.7617037245520217,,w/o query-canonical reliability,0.8647353285760653,0.8169651841418625,0.9184389140272416,True,1,,1.0,"[[15.8, 26.200000000000003, 3.4000000000000004]]",[0.830306660706991],,uniform
sample_2741,3,medium,uniform,ellipsoid+sphere,3,3,3,0,0,0,0,1.0,1.0,0.4722604802445762,,w/o query-canonical reliability,0.7991863303499597,0.8938842373499327,0.7226309593880793,True,3,7.8204859184068605,0.6661423674744077,"[[24.0, 35.6, 13.8], [30.0, 35.2, 8.8], [11.200000000000001, 25.6, 10.0]]","[0.8991963851129259, 1.3498561704191137, 0.9442371962907601]",,uniform
sample_2745,2,medium,uniform,irregular+sphere,2,2,2,0,0,0,0,1.0,1.0,0.7573941184050114,,w/o query-canonical reliability,0.8779073980147251,0.9829628427714052,0.7931395653315094,True,2,16.70449041425688,0.6627060517469979,"[[23.8, 27.200000000000003, 4.2], [11.0, 32.0, 13.8]]","[1.731514492215109, 1.1474851326785829]",,uniform
sample_2747,2,shallow,uniform,irregular+sphere,2,2,2,0,0,0,0,1.0,1.0,0.5668652858875631,,w/o query-canonical reliability,0.7306434023992364,0.8897304741295596,0.6198177208253136,True,2,11.649892703368558,0.5104570300145019,"[[10.8, 31.0, 10.200000000000001], [14.200000000000001, 20.6, 6.2]]","[0.8737943867754308, 1.7117883296672525]",,uniform
sample_2751,2,medium,uniform,sphere,2,2,2,0,0,0,0,1.0,1.0,0.6606713722720781,,w/o query-canonical reliability,0.8161960575387234,0.7490709955019077,0.8965355805244656,True,2,12.014990636700473,0.7769923590898792,"[[10.4, 29.6, 10.8], [21.8, 33.2, 9.600000000000001]]","[1.1165397144954536, 0.8675428267833627]",,uniform
sample_2759,1,medium,uniform,irregular,1,1,1,0,0,0,0,1.0,1.0,0.8049540966568508,,w/o query-canonical reliability,0.8919385796545625,0.8617524339361504,0.9243162605669574,True,1,,1.0,"[[9.0, 28.6, 10.0]]",[1.2875864257193264],,uniform
sample_2769,3,shallow,uniform,ellipsoid+sphere,3,2,2,1,0,1,0,0.6666666666666666,1.0,0.3335281739097758,,w/o query-canonical reliability,0.5374989973531975,0.7355653128433198,0.423470677452336,False,3,5.986651818838307,0.36383801626970225,"[[24.0, 34.2, 6.2], [18.400000000000002, 25.200000000000003, 14.4], [23.200000000000003, 23.6, 11.200000000000001]]","[0.6536902484476546, 1.7966518593897938, 1.5569033473640652]",,uniform
sample_2771,1,shallow,uniform,ellipsoid,1,1,1,0,0,0,0,1.0,1.0,0.8612669245647969,,w/o query-canonical reliability,0.9254630952690432,0.936878649203126,0.9143223819302287,True,1,,1.0,"[[8.200000000000001, 33.6, 11.4]]",[1.4984542278582929],,uniform
sample_2784,1,deep,uniform,sphere,1,1,1,0,0,0,0,1.0,1.0,0.6019091153535897,,w/o query-canonical reliability,0.7514897188420047,0.6147192091176511,0.9665371329879824,True,1,,1.0,"[[20.200000000000003, 28.6, 7.0]]",[1.664776590578517],,uniform
sample_2799,3,medium,uniform,ellipsoid+sphere,3,2,2,1,0,1,0,0.6666666666666666,1.0,0.5890049839844065,,w/o query-canonical reliability,0.8106925700727381,0.8108128151885117,0.810572360616985,False,3,5.3404119691274765,0.492952028010857,"[[25.8, 32.2, 11.600000000000001], [8.0, 30.0, 6.0], [12.8, 29.200000000000003, 8.200000000000001]]","[1.586268383361978, 0.7819542165477906, 0.8521199138159894]",,uniform
sample_2804,2,medium,uniform,irregular+sphere,2,2,2,0,0,0,0,1.0,1.0,0.6280215489975232,,w/o query-canonical reliability,0.7896623278627666,0.8742690058480845,0.71998624011032,True,2,13.056798995159573,0.4763147602099538,"[[25.6, 31.6, 12.8], [14.8, 29.400000000000002, 5.800000000000001]]","[1.7251081247899092, 0.8216944627955486]",,uniform
sample_2833,3,medium,uniform,irregular+sphere,3,2,2,1,0,0,0,0.6666666666666666,1.0,0.5824807740929183,,w/o query-canonical reliability,0.7237498549717347,0.6340719658470887,0.8429729729731852,False,3,4.967896939349688,0.671006650800728,"[[25.6, 31.0, 6.800000000000001], [8.8, 31.400000000000002, 4.6000000000000005], [7.800000000000001, 30.6, 9.4]]","[1.0909819322349088, 1.075593494205639, 0.7320561324330529]",,uniform
sample_2844,2,medium,uniform,ellipsoid+irregular,2,2,2,0,0,0,0,1.0,1.0,0.6857760757143525,,w/o query-canonical reliability,0.8000781708032831,0.8827080638207135,0.7315939957114141,True,2,11.694443124834976,0.8416627704434195,"[[10.8, 26.8, 10.200000000000001], [19.8, 33.800000000000004, 7.6000000000000005]]","[1.1088403880269935, 0.9332696729663557]",,uniform
sample_2850,3,deep,uniform,ellipsoid+irregular,2,2,2,0,0,0,0,1.0,1.0,0.6619878733348915,,w/o query-canonical reliability,0.7838448189792988,0.7333422293391454,0.8418177176411326,True,3,5.051732376126036,0.5250410669393165,"[[17.400000000000002, 30.6, 4.6000000000000005], [19.400000000000002, 30.0, 9.200000000000001], [8.4, 35.0, 10.0]]","[1.467141564408056, 0.7703095723278237, 1.1581705147691306]",,uniform
sample_2872,1,medium,uniform,irregular,1,1,1,0,0,0,0,1.0,1.0,0.5762493085008298,,w/o query-canonical reliability,0.731165184838716,0.5765682656830474,0.999040920716114,True,1,,1.0,"[[24.8, 35.800000000000004, 6.0]]",[1.003467328222372],,uniform
sample_2873,2,shallow,uniform,irregular,2,2,2,0,0,0,0,1.0,1.0,0.2704330466405101,,w/o query-canonical reliability,0.4494311983797339,0.2944359367031194,0.9489963803884536,True,2,21.723719755143225,0.6321625876787,"[[16.6, 5.4, 14.8], [23.6, 25.8, 12.200000000000001]]","[0.8112719145823291, 1.2833279450486277]",,uniform
sample_2874,1,medium,uniform,irregular,1,1,1,0,0,0,0,1.0,1.0,0.4970647881310706,,w/o query-canonical reliability,0.6640998217471201,0.497117847993705,1.0,True,1,,1.0,"[[28.400000000000002, 35.6, 9.600000000000001]]",[0.9021430520182152],,uniform
sample_2887,2,shallow,uniform,ellipsoid+irregular,2,2,2,0,0,0,0,1.0,1.0,0.67803425357055,,w/o query-canonical reliability,0.8117497456765485,0.8582876196623329,0.7699990350285777,True,2,14.330387294138287,0.47945054893229655,"[[10.0, 24.6, 10.0], [23.8, 23.200000000000003, 6.4]]","[1.3744918176273966, 0.6590008564644053]",,uniform
sample_2909,2,deep,uniform,irregular,2,2,2,0,0,0,0,1.0,1.0,0.5864555976598501,,w/o query-canonical reliability,0.7337250182865592,0.9416752468051957,0.6010050251257824,True,2,10.592450141492291,0.535926810894824,"[[20.200000000000003, 30.200000000000003, 6.4], [20.400000000000002, 19.8, 8.4]]","[0.8120645688851269, 1.5152527404427527]",,uniform
sample_2932,2,medium,uniform,ellipsoid+sphere,2,2,2,0,0,0,0,1.0,1.0,0.6414376516721636,,w/o query-canonical reliability,0.8119176518249137,0.920962486423326,0.725961538461719,True,2,18.85099466871709,0.5091572528659022,"[[10.200000000000001, 26.8, 5.800000000000001], [24.6, 35.2, 14.600000000000001]]","[1.4343350597743336, 0.7303020987239492]",,uniform
sample_2934,1,deep,uniform,irregular,1,1,1,0,0,0,0,1.0,1.0,0.4604321907600596,,w/o query-canonical reliability,0.630542374611138,1.0,0.4604321907604616,True,1,,1.0,"[[9.8, 31.8, 13.600000000000001]]",[1.7996255159731653],,uniform
sample_2936,1,deep,uniform,ellipsoid,1,1,1,0,0,0,0,1.0,1.0,0.2749175754501649,,w/o query-canonical reliability,0.4313140356118259,0.2749524413452441,1.0,True,1,,1.0,"[[15.600000000000001, 20.200000000000003, 9.200000000000001]]",[1.6880940566239442],,uniform
sample_2945,3,deep,uniform,ellipsoid+sphere,3,3,3,0,0,0,0,1.0,1.0,0.644391771707589,,w/o query-canonical reliability,0.7686291869560509,0.6457971733205482,0.9491618075802676,True,3,6.1546730213716465,0.8045936253157889,"[[8.0, 33.0, 11.8], [6.6000000000000005, 30.400000000000002, 6.4], [24.400000000000002, 25.6, 11.200000000000001]]","[1.522715026877869, 1.6462604381270443, 1.3245706541265976]",,uniform
sample_2948,2,deep,uniform,ellipsoid+sphere,2,2,2,0,0,0,0,1.0,1.0,0.6929504743533206,,w/o query-canonical reliability,0.8157953982620488,0.706354775828689,0.9653665814152116,True,2,16.830923919975397,0.65862136935213,"[[28.400000000000002, 26.400000000000002, 13.0], [12.600000000000001, 32.2, 13.0]]","[1.090465063684906, 1.6556782309653424]",,uniform
sample_2951,1,shallow,uniform,irregular,1,1,1,0,0,0,0,1.0,1.0,0.3966183574879227,,w/o query-canonical reliability,0.5680481560924597,0.3967716992080061,0.9995130265400548,True,1,,1.0,"[[27.400000000000002, 28.400000000000002, 9.200000000000001]]",[1.3267852644454674],,uniform
sample_2956,2,deep,uniform,ellipsoid+irregular,2,2,2,0,0,0,0,1.0,1.0,0.5255856017406717,,w/o query-canonical reliability,0.7120908483636071,0.5735294117652157,0.9389312977100432,True,2,17.590906741836815,0.8606003253399439,"[[22.200000000000003, 28.8, 6.800000000000001], [25.8, 11.600000000000001, 7.6000000000000005]]","[1.0330194219914623, 0.8890168506483332]",,uniform
sample_2961,2,medium,uniform,irregular,2,2,2,0,0,0,0,1.0,1.0,0.4935879733894535,,w/o query-canonical reliability,0.6168313296038467,0.8366160800777581,0.4884992458526692,True,2,6.6992536897776915,0.9313310731596424,"[[13.8, 28.400000000000002, 15.8], [15.200000000000001, 27.0, 9.4]]","[1.1343033265643547, 1.2179378088568513]",,uniform
sample_2977,1,medium,uniform,irregular,1,1,1,0,0,0,0,1.0,1.0,0.4295868502887605,,w/o query-canonical reliability,0.6009324009327109,0.9454767726162704,0.4404328018229607,True,1,,1.0,"[[7.0, 25.6, 9.0]]",[1.04808546513789],,uniform
sample_2987,3,deep,uniform,ellipsoid+sphere,3,1,1,2,0,1,0,0.3333333333333333,1.0,0.2744940714986181,,w/o query-canonical reliability,0.4382011116728458,0.3877660525850583,0.5037174721195355,False,3,4.935585071701225,0.5179209750973441,"[[7.6000000000000005, 27.400000000000002, 7.0], [10.8, 30.8, 8.6], [12.600000000000001, 27.0, 4.0]]","[1.262598714383567, 0.6539263573101901, 1.029631156111859]",,uniform
sample_2993,3,deep,uniform,irregular+sphere,3,2,2,1,0,1,0,0.6666666666666666,1.0,0.5254463112826584,,w/o query-canonical reliability,0.7165629860032482,0.6383789400765167,0.8165706690298885,False,3,5.9497899122574065,0.747183922268748,"[[28.6, 32.6, 6.6000000000000005], [15.0, 30.8, 9.8], [13.0, 34.0, 5.2]]","[1.2070833939683512, 1.2225851641135126, 0.9134959782299152]",,uniform
sample_0002,1,shallow,uniform,ellipsoid,1,1,1,0,0,0,0,1.0,1.0,0.7898804197510778,,w/o source-relative query cue,0.8827673985181678,0.7944039924733745,0.9932487725040986,True,1,,1.0,"[[15.4, 33.6, 8.4]]",[1.4124678021121233],,uniform
sample_0006,1,deep,uniform,sphere,1,1,1,0,0,0,0,1.0,1.0,0.7011007620660458,,w/o source-relative query cue,0.8242175346899233,0.7472639061268788,0.9188401775805788,True,1,,1.0,"[[21.0, 27.8, 12.4]]",[1.2116405008604454],,uniform
sample_0022,2,shallow,uniform,irregular,2,2,2,0,0,0,0,1.0,1.0,0.3481731254592826,,w/o source-relative query cue,0.5225935213144043,0.3542635121075735,0.995709828393144,True,2,15.92733499365164,0.9882663017980347,"[[7.800000000000001, 22.400000000000002, 7.800000000000001], [16.400000000000002, 35.800000000000004, 8.200000000000001]]","[1.3721856021857262, 1.3884775790585953]",,uniform
sample_0032,1,shallow,uniform,irregular,1,1,1,0,0,0,0,1.0,1.0,0.6480250293312475,,w/o source-relative query cue,0.7864261983864157,0.9619738751814592,0.6650612081077898,True,1,,1.0,"[[7.800000000000001, 23.0, 6.2]]",[0.925546548147099],,uniform
sample_0038,2,deep,uniform,irregular+sphere,2,2,2,0,0,0,0,1.0,1.0,0.6247062328219044,,w/o source-relative query cue,0.7905653583003995,0.7180610976648668,0.8793559240568138,True,2,16.822603841260722,0.7184231306424439,"[[6.6000000000000005, 33.0, 5.2], [20.400000000000002, 24.0, 8.6]]","[1.706819898828488, 1.2262188951591817]",,uniform
sample_0079,2,medium,uniform,ellipsoid,2,1,1,1,0,1,0,0.5,1.0,0.280988887931777,,w/o source-relative query cue,0.607258160947146,0.438028290495326,0.9895752143413976,False,2,6.817624219623726,0.659858982559717,"[[19.200000000000003, 32.2, 9.0], [12.600000000000001, 30.6, 9.600000000000001]]","[1.1224453247944517, 0.740655629997778]",,uniform
sample_0096,2,medium,uniform,ellipsoid+sphere,2,2,2,0,0,0,0,1.0,1.0,0.5438287035949523,,w/o source-relative query cue,0.699775411142614,0.5451518230051106,0.9768406148867548,True,2,9.785703858180057,0.5442071054219149,"[[13.8, 34.2, 5.4], [21.200000000000003, 27.8, 5.2]]","[1.4365330236304819, 0.7817714786329357]",,uniform
sample_0100,2,shallow,uniform,sphere,2,2,2,0,0,0,0,1.0,1.0,0.2558176898365747,,w/o source-relative query cue,0.4066693777964552,0.255232261358786,1.0,True,2,7.076722405181652,0.7544995524157119,"[[7.4, 35.4, 9.0], [9.8, 29.8, 12.600000000000001]]","[1.7608346644341792, 1.3285489661936585]",,uniform
sample_0108,1,deep,uniform,ellipsoid,1,1,1,0,0,0,0,1.0,1.0,0.7419204990377596,,w/o source-relative query cue,0.8518419749324349,0.7806717408003766,0.9372904091214476,True,1,,1.0,"[[23.400000000000002, 23.6, 11.4]]",[0.7687044286973467],,uniform
sample_0113,3,medium,uniform,ellipsoid,3,3,3,0,0,0,0,1.0,1.0,0.4515290074079696,,w/o source-relative query cue,0.5749633314204611,0.425885687293882,0.8846153846156111,True,3,12.414507642270799,0.7833684824356897,"[[14.200000000000001, 24.0, 3.8000000000000003], [28.200000000000003, 27.200000000000003, 9.4], [9.0, 34.2, 8.6]]","[0.9570768000656917, 0.855428235469585, 0.749743800441867]",,uniform
sample_0122,3,deep,uniform,ellipsoid+sphere,3,2,2,1,0,1,0,0.6666666666666666,1.0,0.5636656936766831,,w/o source-relative query cue,0.6620323223379845,0.661768611135999,0.6622962437990234,False,3,4.707440918375929,0.5002942963886573,"[[18.6, 25.8, 12.200000000000001], [22.200000000000003, 32.0, 9.200000000000001], [20.200000000000003, 24.400000000000002, 8.0]]","[1.6764241341808352, 0.838705432658965, 0.8450994520540722]",,uniform
sample_0128,3,deep,uniform,ellipsoid+sphere,3,3,3,0,0,0,0,1.0,1.0,0.7010611777960066,,w/o source-relative query cue,0.8268130730978681,0.7900027464983301,0.8672214182345229,True,3,8.395236744726144,0.4619309934763417,"[[7.6000000000000005, 21.8, 9.600000000000001], [18.6, 27.8, 11.600000000000001], [10.4, 29.6, 11.600000000000001]]","[0.6939152759346308, 0.9641089215418889, 1.5022054933193618]",,uniform
sample_0130,2,shallow,uniform,ellipsoid+sphere,2,2,2,0,0,0,0,1.0,1.0,0.4870682299631076,,w/o source-relative query cue,0.8289506636615146,0.926133184107546,0.7502266545787054,True,2,5.299056519796706,0.4940620372353948,"[[6.800000000000001, 23.200000000000003, 11.0], [9.4, 27.8, 11.4]]","[0.8375512262310378, 1.6952349363203316]",,uniform
sample_0158,1,medium,uniform,irregular,1,1,1,0,0,0,0,1.0,1.0,0.792140063326504,,w/o source-relative query cue,0.884015797131694,0.9018235793047036,0.8668976763149879,True,1,,1.0,"[[8.200000000000001, 27.8, 14.0]]",[1.5782075491871324],,uniform
sample_0163,3,deep,uniform,ellipsoid+sphere,3,3,3,0,0,0,0,1.0,1.0,0.5479422535164743,,w/o source-relative query cue,0.7018994020402296,0.5855340375589895,0.8759877085163783,True,3,7.166589146867566,0.7240398375695541,"[[27.0, 29.0, 7.0], [13.8, 24.6, 5.6000000000000005], [28.6, 35.4, 9.8]]","[1.1725177615151223, 1.6194105637212064, 1.4204568669964528]",,uniform
sample_0180,1,medium,uniform,sphere,1,1,1,0,0,0,0,1.0,1.0,0.3424708974840406,,w/o source-relative query cue,0.5102811582042871,0.3425352112682229,1.0,True,1,,1.0,"[[15.0, 29.8, 9.4]]",[1.324300285083603],,uniform
sample_0187,3,medium,uniform,ellipsoid+sphere,3,3,3,0,0,0,0,1.0,1.0,0.5357180389570976,,w/o source-relative query cue,0.7449723112795599,0.9824219750935363,0.5999624436656235,True,3,10.947145746723205,0.641405643838162,"[[11.4, 21.200000000000003, 7.0], [24.400000000000002, 34.6, 11.200000000000001], [8.200000000000001, 31.6, 5.800000000000001]]","[1.7643973946152292, 1.743805780936086, 1.1316944468795567]",,uniform
sample_0189,3,shallow,uniform,irregular+sphere,3,2,2,1,0,0,0,0.6666666666666666,1.0,0.7376627334901704,,w/o source-relative query cue,0.8539826754324501,0.8267591783217729,0.8830600455156193,False,3,9.368030742904295,0.5103080462792021,"[[13.4, 31.8, 8.4], [18.6, 21.200000000000003, 7.4], [22.400000000000002, 31.8, 5.800000000000001]]","[1.1753705826181304, 1.668726439313314, 0.8515645290204268]",,uniform
sample_0192,3,medium,uniform,ellipsoid+irregular,3,2,2,1,0,1,0,0.6666666666666666,1.0,0.2599975234518352,,w/o source-relative query cue,0.544220117920518,0.395122583993128,0.874031563845231,False,3,4.565084884205331,0.7657735417057048,"[[10.8, 29.6, 8.0], [20.8, 25.6, 10.200000000000001], [10.8, 25.6, 5.800000000000001]]","[0.9873450938886968, 1.2893434417823546, 1.0064862056175317]",,uniform
sample_0207,2,medium,uniform,irregular+sphere,2,1,1,1,0,0,0,0.5,1.0,0.6002313232742758,,w/o source-relative query cue,0.7413709127513259,0.8879900435595146,0.6363078981106759,False,2,7.515317691222377,0.9620049928258332,"[[19.6, 34.800000000000004, 10.600000000000001], [16.0, 28.400000000000002, 9.0]]","[0.9810117749453144, 1.0197574672285743]",,uniform
sample_0234,3,deep,uniform,ellipsoid+sphere,3,2,2,1,0,0,0,0.6666666666666666,1.0,0.3872840239829841,,w/o source-relative query cue,0.5802919708031385,0.5228297632473479,0.651944704780164,False,3,6.606057825965498,0.800525712471196,"[[11.600000000000001, 22.0, 6.0], [17.6, 21.6, 15.4], [17.0, 25.8, 6.2]]","[1.189650696008739, 0.9638794680079841, 1.2040580995612502]",,uniform
sample_0240,2,deep,uniform,ellipsoid+sphere,2,2,2,0,0,0,0,1.0,1.0,0.6273741786251499,,w/o source-relative query cue,0.7940882917467201,0.9785241248817612,0.6681524547805762,True,2,19.7453792062852,0.9375036154285199,"[[8.6, 29.0, 5.800000000000001], [26.0, 35.6, 12.4]]","[0.6309955369665391, 0.6730593104732933]",,uniform
sample_0248,3,deep,uniform,irregular,3,3,3,0,0,0,0,1.0,1.0,0.5168316220373671,,w/o source-relative query cue,0.8186073210580168,0.9210094887972968,0.7366977945560355,True,3,6.459102104782056,0.37541811705934075,"[[11.600000000000001, 31.0, 8.6], [26.6, 34.2, 13.200000000000001], [8.200000000000001, 25.6, 9.600000000000001]]","[1.6513970410585972, 1.295686265348563, 0.6199643676715854]",,uniform
sample_0260,3,medium,uniform,sphere,2,2,2,0,0,0,0,1.0,1.0,0.4024871514943429,,w/o source-relative query cue,0.6141309214652036,0.6033784972729163,0.6252735229762716,True,3,4.4810713004816165,0.4968866319822464,"[[19.8, 28.0, 9.0], [11.600000000000001, 24.400000000000002, 8.200000000000001], [14.200000000000001, 20.8, 8.8]]","[1.4425705055320766, 0.9885648216420333, 0.7167939998907601]",,uniform
sample_0276,2,shallow,uniform,irregular+sphere,2,2,2,0,0,0,0,1.0,1.0,0.7181920680150544,,w/o source-relative query cue,0.8276421821555872,0.920438426821508,0.7518432694335876,True,2,11.233877335986895,0.6633564178031782,"[[15.8, 27.200000000000003, 5.2], [11.200000000000001, 30.200000000000003, 15.0]]","[1.0726070540800199, 0.7115207731049419]",,uniform
sample_0280,1,shallow,uniform,irregular,1,1,1,0,0,0,0,1.0,1.0,0.1771663346613546,,w/o source-relative query cue,0.3010684438809889,0.1772104607731292,1.0,True,1,,1.0,"[[22.0, 20.400000000000002, 8.8]]",[1.1539854990739526],,uniform
sample_0290,3,medium,uniform,ellipsoid+irregular,3,3,3,0,0,0,0,1.0,1.0,0.5656947894335089,,w/o source-relative query cue,0.7108550805109277,0.9009500351865756,0.5870013755160551,True,3,7.318469785412794,0.7040410974083021,"[[16.400000000000002, 31.200000000000003, 11.8], [23.6, 31.8, 4.800000000000001], [27.8, 29.200000000000003, 10.200000000000001]]","[1.66376946912772, 1.6386301491429038, 1.1713620828791083]",,uniform
sample_0297,1,shallow,uniform,irregular,1,1,1,0,0,0,0,1.0,1.0,0.7331907090464548,,w/o source-relative query cue,0.8458960883214539,0.9422442244224876,0.7674240000001489,True,1,,1.0,"[[18.6, 24.200000000000003, 13.600000000000001]]",[1.444273508324538],,uniform
sample_0300,3,shallow,uniform,ellipsoid+irregular,3,2,2,1,0,1,0,0.6666666666666666,1.0,0.440896069995234,,w/o source-relative query cue,0.6345261903750332,0.4869383490076495,0.9104896812798748,False,3,7.090839160494334,0.4186776438536775,"[[24.0, 24.0, 6.6000000000000005], [22.8, 31.0, 4.800000000000001], [23.6, 30.200000000000003, 11.8]]","[1.6740250763885292, 1.4870679549128645, 0.7008768747343219]",,uniform
sample_0308,2,deep,uniform,irregular,2,2,2,0,0,0,0,1.0,1.0,0.6744922144783518,,w/o source-relative query cue,0.80377079803649,0.7829877274652705,0.8256872545521013,True,2,17.310112651279887,0.6535182522416206,"[[24.0, 26.200000000000003, 11.600000000000001], [8.200000000000001, 27.200000000000003, 4.6000000000000005]]","[1.4269860289825411, 0.9325614156338808]",,uniform
sample_0322,2,deep,uniform,irregular+sphere,2,1,1,1,0,1,0,0.5,1.0,0.4634907206683233,,w/o source-relative query cue,0.6844764856489407,0.537997140285157,0.9405610591612438,False,2,4.770744176750628,0.8143764154738123,"[[27.6, 29.0, 11.4], [25.0, 31.400000000000002, 14.600000000000001]]","[1.2008977191982768, 1.4746224183071197]",,uniform
sample_0328,1,medium,uniform,irregular,1,1,1,0,0,0,0,1.0,1.0,0.7847978436657682,,w/o source-relative query cue,0.8794249124079501,0.8696535244923898,0.8894183773217382,True,1,,1.0,"[[7.800000000000001, 30.400000000000002, 10.200000000000001]]",[0.6772633341817563],,uniform
sample_0335,1,shallow,uniform,ellipsoid,1,1,1,0,0,0,0,1.0,1.0,0.6203559163284421,,w/o source-relative query cue,0.765850838312039,0.6516890783869274,0.9285046728973632,True,1,,1.0,"[[23.200000000000003, 35.2, 12.4]]",[0.6856508579500862],,uniform
sample_0347,2,deep,uniform,ellipsoid+irregular,2,1,1,1,0,1,0,0.5,1.0,0.2979494732072051,,w/o source-relative query cue,0.6089498538343385,0.4623790552083524,0.8915715539949702,False,2,5.5497747702046425,0.5815886959349378,"[[16.400000000000002, 32.0, 7.4], [14.600000000000001, 35.4, 3.4000000000000004]]","[0.6488656456245797, 1.1156778839751869]",,uniform
sample_0350,3,shallow,uniform,sphere,3,3,3,0,0,0,0,1.0,1.0,0.4607090833716221,,w/o source-relative query cue,0.621773288440341,0.5543023467353932,0.7079460966549537,True,3,12.237646832622683,0.5586838285646628,"[[25.0, 8.200000000000001, 8.4], [26.6, 29.8, 15.0], [16.2, 23.400000000000002, 14.200000000000001]]","[1.147266583413093, 1.0910096910257634, 0.640959287205527]",,uniform
sample_0378,2,deep,uniform,ellipsoid+sphere,2,2,2,0,0,0,0,1.0,1.0,0.550764441845573,,w/o source-relative query cue,0.7341473341474424,0.7152260111025256,0.7540969899667608,True,2,7.740800992145452,0.5050471732617079,"[[21.400000000000002, 29.400000000000002, 4.800000000000001], [14.200000000000001, 27.200000000000003, 6.6000000000000005]]","[0.9089731146179509, 1.7997786399785167]",,uniform
sample_0382,2,shallow,uniform,irregular+sphere,2,2,2,0,0,0,0,1.0,1.0,0.4458871590752119,,w/o source-relative query cue,0.6288182659675803,0.4591124127061735,0.9975526186979992,True,2,20.37743850438519,0.5423110927294854,"[[8.200000000000001, 31.8, 5.0], [28.400000000000002, 33.0, 7.4]]","[1.6508484752877974, 0.8952734405641303]",,uniform
sample_0386,3,deep,uniform,irregular+sphere,3,2,2,1,0,1,0,0.6666666666666666,1.0,0.4667103970217205,,w/o source-relative query cue,0.6654475714733217,0.5868009124521459,0.7684384013187386,False,3,5.741080037762929,0.38456712115196046,"[[24.6, 24.200000000000003, 9.4], [27.6, 30.400000000000002, 8.6], [20.200000000000003, 21.400000000000002, 7.0]]","[1.7939342430782044, 0.6898881273965063, 1.060992625318614]",,uniform
sample_0396,3,deep,uniform,ellipsoid,3,2,2,1,0,0,0,0.6666666666666666,1.0,0.6141289799631716,,w/o source-relative query cue,0.6504278606966566,0.6490587020417435,0.6518028079134877,False,3,5.499090833947008,0.519777347986511,"[[30.200000000000003, 30.400000000000002, 7.800000000000001], [11.600000000000001, 32.2, 10.600000000000001], [16.400000000000002, 34.6, 9.4]]","[0.8860086591825449, 1.704592673410497, 0.9570104634689084]",,uniform
sample_0397,3,medium,uniform,ellipsoid,3,1,1,2,0,1,0,0.3333333333333333,1.0,0.6551724137931034,,w/o source-relative query cue,0.7605737403458132,0.9025312772767892,0.6572033898307506,False,3,3.6932370625238766,0.47796811001482736,"[[27.0, 24.8, 5.800000000000001], [25.6, 28.400000000000002, 8.4], [23.8, 24.400000000000002, 7.6000000000000005]]","[1.5667354138102412, 0.7488495646321794, 1.395028539988018]",,uniform
sample_0401,3,deep,uniform,irregular+sphere,3,3,3,0,0,0,0,1.0,1.0,0.3294521208692227,,w/o source-relative query cue,0.6172573435505998,0.4695773621572324,0.900442477876222,True,3,9.52050418832952,0.8542473445169662,"[[24.200000000000003, 32.0, 10.4], [14.600000000000001, 23.400000000000002, 7.0], [15.4, 32.4, 4.0]]","[0.9626039594602778, 0.8223018761904596, 0.824633264829652]",,uniform
sample_0409,2,medium,uniform,irregular+sphere,2,2,2,0,0,0,0,1.0,1.0,0.3430380464874236,,w/o source-relative query cue,0.5364339557572368,0.3665746414387135,0.9996327579875144,True,2,15.370100845472681,0.5551500373445075,"[[9.0, 29.8, 9.8], [21.6, 21.0, 9.600000000000001]]","[0.6926241646187925, 1.2476341854030593]",,uniform
sample_0418,3,medium,uniform,ellipsoid+sphere,3,2,2,1,0,0,0,0.6666666666666666,1.0,0.3328275324068242,,w/o source-relative query cue,0.4775009297141339,0.3494828524777497,0.7535211267612866,False,3,4.180908992073376,0.6389982385813748,"[[8.200000000000001, 21.6, 7.0], [6.4, 23.6, 10.200000000000001], [19.8, 28.6, 4.0]]","[0.7863847041652883, 1.1834215876714036, 1.23065238162647]",,uniform
sample_0436,2,medium,uniform,irregular,2,2,2,0,0,0,0,1.0,1.0,0.2829657479169297,,w/o source-relative query cue,0.435943443623458,0.2800627074886757,0.9831660731628904,True,2,11.02905254316979,0.7102882315019553,"[[24.8, 23.200000000000003, 11.8], [24.8, 34.2, 11.0]]","[1.2003380453100059, 1.6899309211019942]",,uniform
sample_0438,2,shallow,uniform,ellipsoid+sphere,2,2,2,0,0,0,0,1.0,1.0,0.5836421135330447,,w/o source-relative query cue,0.7468929076432634,0.6109825885795556,0.96056661562029,True,2,6.359245238233857,0.7898365784887469,"[[22.400000000000002, 28.8, 10.600000000000001], [28.6, 29.0, 9.200000000000001]]","[0.8820753681285818, 0.6966953907318809]",,uniform
sample_0447,1,shallow,uniform,sphere,1,1,1,0,0,0,0,1.0,1.0,0.7543324552890615,,w/o source-relative query cue,0.8600331937091125,0.7627926538626626,0.9856884057971274,True,1,,1.0,"[[27.6, 35.2, 8.6]]",[0.8231974359957722],,uniform
sample_0449,2,deep,uniform,sphere,2,2,2,0,0,0,0,1.0,1.0,0.5883757475697267,,w/o source-relative query cue,0.844355620155133,0.7454020530370558,0.973603351955344,True,2,10.720074626605916,0.7912187891425575,"[[21.200000000000003, 25.200000000000003, 8.6], [26.200000000000003, 33.6, 4.2]]","[1.3234887830405562, 1.672721630479502]",,uniform
sample_0456,3,medium,uniform,ellipsoid+sphere,3,2,2,1,0,1,0,0.6666666666666666,1.0,0.4298617832244323,,w/o source-relative query cue,0.5505124450953678,0.9430004559964388,0.3887218045116611,False,3,3.611094017053556,0.8964784571339841,"[[16.8, 34.6, 9.600000000000001], [28.6, 31.6, 10.600000000000001], [18.0, 31.200000000000003, 9.8]]","[1.0373617005681002, 1.157151844880373, 1.1281308329391648]",,uniform
sample_0458,1,deep,uniform,irregular,1,1,1,0,0,0,0,1.0,1.0,0.7059699472045485,,w/o source-relative query cue,0.8276464053326237,0.7288609364084851,0.9574077473839592,True,1,,1.0,"[[10.600000000000001, 35.0, 14.4]]",[1.1838636336289445],,uniform
sample_0469,3,shallow,uniform,ellipsoid+sphere,3,4,3,0,1,0,1,1.0,0.75,0.4629485591523265,,w/o source-relative query cue,0.7072636815921854,0.7191420477542299,0.695771339076257,False,3,4.7201694884823775,0.43515300587465044,"[[12.4, 35.800000000000004, 4.800000000000001], [10.4, 21.200000000000003, 7.0], [8.8, 25.6, 6.4]]","[1.5783545775512307, 1.536767934078203, 0.6868257387574321]",,uniform
sample_0472,1,shallow,uniform,ellipsoid,1,1,1,0,0,0,0,1.0,1.0,0.8372379778051788,,w/o source-relative query cue,0.9113282123946934,0.8900218499636635,0.9336797066015176,True,1,,1.0,"[[11.4, 31.6, 8.200000000000001]]",[1.1730527499862964],,uniform
sample_0473,3,medium,uniform,ellipsoid+irregular,3,4,3,0,1,0,0,1.0,0.75,0.5722121223912412,,w/o source-relative query cue,0.7040393057066957,0.6355242111388428,0.7891125756073042,False,3,9.427618999514142,0.78279484075879,"[[9.0, 33.4, 11.0], [28.200000000000003, 23.8, 7.0], [21.400000000000002, 28.8, 11.200000000000001]]","[0.6688471260658906, 0.8544347653307909, 0.8380940750697113]",,uniform
sample_0511,2,deep,uniform,ellipsoid+irregular,2,2,2,0,0,0,0,1.0,1.0,0.5651017176455553,,w/o source-relative query cue,0.7116238760699212,0.6442090811026339,0.7947973381732669,True,2,12.485191228010889,0.9041846477361158,"[[27.6, 30.8, 5.4], [16.2, 27.200000000000003, 9.0]]","[1.0664166946801916, 0.9642376034193221]",,uniform
sample_0521,3,medium,uniform,ellipsoid+sphere,2,2,2,0,0,0,0,1.0,1.0,0.5026230550642847,,w/o source-relative query cue,0.7382819461772686,0.6376019701403436,0.8767195767197072,True,3,3.458323293158117,0.5067086729586847,"[[12.200000000000001, 29.400000000000002, 6.800000000000001], [28.6, 32.4, 11.600000000000001], [8.8, 29.200000000000003, 6.2]]","[1.0965431616234627, 1.2977047460492215, 0.657558249762788]",,uniform
sample_0525,3,medium,uniform,ellipsoid+irregular,3,3,3,0,0,0,0,1.0,1.0,0.4375725958343481,,w/o source-relative query cue,0.6134003998196857,0.542056074766877,0.706371602555018,True,3,6.743886120034946,0.3981874923427049,"[[15.200000000000001, 5.2, 15.200000000000001], [9.0, 33.4, 11.200000000000001], [6.2, 35.4, 5.4]]","[1.2275887375203953, 0.705123889734967, 1.7708338491157165]",,uniform
sample_0535,2,medium,uniform,ellipsoid+sphere,1,1,1,0,0,0,0,1.0,1.0,0.6424849926378978,,w/o source-relative query cue,0.7823598372526783,0.6862033508741994,0.9098564439811454,True,2,3.7416573867739396,0.7813799182669287,"[[17.2, 32.6, 8.200000000000001], [13.8, 31.400000000000002, 9.200000000000001]]","[1.291375945254465, 1.6526863758140706]",,uniform
sample_0536,2,deep,uniform,sphere,2,2,2,0,0,0,0,1.0,1.0,0.5905626586377055,,w/o source-relative query cue,0.8155055768880823,0.7440774107445044,0.9021035598707482,True,2,17.329743217947577,0.5577095204186867,"[[12.4, 30.6, 4.6000000000000005], [27.6, 25.8, 11.4]]","[1.080075263023287, 0.6023682569568043]",,uniform
sample_0541,1,shallow,uniform,irregular,1,1,1,0,0,0,0,1.0,1.0,0.584166288050886,,w/o source-relative query cue,0.7375062737508156,0.5863641546008592,0.993624420401867,True,1,,1.0,"[[12.600000000000001, 33.4, 12.4]]",[1.5173855193476922],,uniform
sample_0566,3,medium,uniform,irregular+sphere,3,1,1,2,0,1,0,0.3333333333333333,1.0,0.3762598477179701,,w/o source-relative query cue,0.5736973248269288,0.4678456591642248,0.741453747611479,False,3,6.276941930590087,0.7089859204591652,"[[17.6, 25.8, 7.6000000000000005], [11.8, 25.8, 10.0], [6.0, 26.8, 6.6000000000000005]]","[0.8546464008230681, 0.9424262736404305, 0.6681669590818617]",,uniform
sample_0585,2,deep,uniform,ellipsoid+sphere,2,2,2,0,0,0,0,1.0,1.0,0.4372514447275213,,w/o source-relative query cue,0.6088900177802342,0.9758996906041754,0.4424837566454204,True,2,14.643770006388385,0.5883204611732864,"[[26.200000000000003, 34.6, 12.8], [14.600000000000001, 28.8, 6.0]]","[1.5370782095977522, 0.9042945611299589]",,uniform
sample_0603,1,medium,uniform,irregular,1,1,1,0,0,0,0,1.0,1.0,0.6918834451695928,,w/o source-relative query cue,0.8179299103505472,0.7023420733416978,0.9790582726327016,True,1,,1.0,"[[25.6, 33.4, 11.8]]",[1.093220912880486],,uniform
sample_0610,2,medium,uniform,sphere,2,1,1,1,0,1,0,0.5,1.0,0.4555041152263374,,w/o source-relative query cue,0.6652253450858333,0.5384546351973988,0.8700696055686339,False,2,6.8,0.5678560840696262,"[[12.600000000000001, 22.200000000000003, 5.0], [18.6, 25.400000000000002, 5.0]]","[1.117460969735426, 0.6345570103746061]",,uniform
sample_0626,3,shallow,uniform,ellipsoid+sphere,3,3,3,0,0,0,0,1.0,1.0,0.3648346409828265,,w/o source-relative query cue,0.5944092575838876,0.4308000276113544,0.9583845208845848,True,3,7.224956747275378,0.7001642778770407,"[[11.200000000000001, 32.0, 6.800000000000001], [6.0, 27.0, 6.4], [18.6, 24.0, 8.4]]","[1.2810346143212756, 0.8969346756717493, 0.9652531240987092]",,uniform
sample_0633,2,medium,uniform,irregular+sphere,2,2,2,0,0,0,0,1.0,1.0,0.4001452328798268,,w/o source-relative query cue,0.5723796842309564,0.4459759893294116,0.7987788691271601,True,2,19.787875075409186,0.46638039182734387,"[[19.6, 35.2, 4.2], [8.0, 19.200000000000003, 5.2]]","[1.524385839442918, 0.7109436650954426]",,uniform
sample_0646,3,deep,uniform,ellipsoid+irregular,3,3,3,0,0,0,0,1.0,1.0,0.5391868767040972,,w/o source-relative query cue,0.7947404844291605,0.7476562500002191,0.848153618907092,True,3,8.602325267042625,0.5350178805983417,"[[22.6, 35.4, 7.4], [9.200000000000001, 30.8, 13.8], [26.400000000000002, 28.8, 11.4]]","[0.935491412018155, 1.748523639942539, 1.559381396631955]",,uniform
sample_0647,3,deep,uniform,ellipsoid+irregular+sphere,3,2,2,1,0,0,0,0.6666666666666666,1.0,0.6482079594339439,,w/o source-relative query cue,0.7441032487762496,0.8278718041053044,0.675729296789128,False,3,6.016643582596529,0.8802884699363134,"[[22.200000000000003, 22.8, 8.4], [14.8, 29.6, 6.4], [21.8, 28.8, 8.200000000000001]]","[1.4324841571949083, 1.3508713617240162, 1.2609992869451152]",,uniform
sample_0652,3,medium,uniform,ellipsoid+irregular+sphere,3,2,2,1,0,0,0,0.6666666666666666,1.0,0.5044457039539144,,w/o source-relative query cue,0.6673861579168405,0.6919078899879507,0.6445430704057262,False,3,5.095095681142798,0.49622137134572175,"[[27.200000000000003, 31.6, 12.600000000000001], [10.600000000000001, 27.0, 11.4], [14.8, 25.400000000000002, 9.0]]","[1.5982158403952211, 0.7930688560273718, 1.147439606772461]",,uniform
sample_0661,1,medium,uniform,irregular,1,1,1,0,0,0,0,1.0,1.0,0.5719508628253875,,w/o source-relative query cue,0.7276955995907862,0.572201901975441,0.9992335206949422,True,1,,1.0,"[[25.8, 31.200000000000003, 14.4]]",[1.4036523072098757],,uniform
sample_0666,1,deep,uniform,ellipsoid,1,1,1,0,0,0,0,1.0,1.0,0.3427485531657597,,w/o source-relative query cue,0.5106163942867644,0.3428373941598904,1.0,True,1,,1.0,"[[17.400000000000002, 21.8, 6.2]]",[1.2040445337674472],,uniform
sample_0674,3,shallow,uniform,ellipsoid+irregular,3,3,3,0,0,0,0,1.0,1.0,0.5986809816966397,,w/o source-relative query cue,0.8570718575274976,0.8062178588126803,0.9147732295995804,True,3,6.273754856543249,0.5425071374506174,"[[21.400000000000002, 34.0, 11.0], [8.4, 30.0, 5.2], [6.4, 28.0, 10.8]]","[1.467527607263417, 0.9443736138800551, 1.7407579526380301]",,uniform
sample_0676,3,medium,uniform,irregular+sphere,2,1,1,1,0,1,0,0.5,1.0,0.5325,,w/o source-relative query cue,0.7619807598529228,0.863805407578788,0.681630710660151,False,3,3.969886648255841,0.37425660214784573,"[[26.6, 30.6, 7.800000000000001], [26.8, 32.800000000000004, 12.600000000000001], [24.400000000000002, 33.800000000000004, 9.600000000000001]]","[0.6186855223065352, 1.1362500714036514, 1.6531051656962639]",,uniform
sample_0681,3,medium,uniform,ellipsoid+irregular+sphere,3,2,2,1,0,0,0,0.6666666666666666,1.0,0.6417962794657261,,w/o source-relative query cue,0.7726173813462996,0.8122533609793243,0.7366696997271843,False,3,7.932212806020775,0.4258952425413514,"[[19.0, 29.0, 11.8], [29.6, 28.8, 9.200000000000001], [23.6, 33.4, 6.800000000000001]]","[0.6531047831305085, 0.7076898115664684, 1.5334869185985252]",,uniform
sample_0712,2,shallow,uniform,irregular+sphere,2,1,1,1,0,1,0,0.5,1.0,0.2103488249552113,,w/o source-relative query cue,0.4589410158779661,0.3368487660838041,0.7198557583959435,False,2,5.2306787322488075,0.5440330798483055,"[[21.6, 32.800000000000004, 7.2], [21.200000000000003, 35.6, 11.600000000000001]]","[0.8381645075978714, 1.5406498954651426]",,uniform
sample_0751,3,shallow,uniform,irregular+sphere,3,3,3,0,0,0,0,1.0,1.0,0.6427478305470167,,w/o source-relative query cue,0.8094295717983148,0.8560257589697075,0.7676442684487202,True,3,11.513470371699405,0.7600561661062886,"[[11.4, 34.6, 10.4], [25.8, 34.2, 6.800000000000001], [25.0, 22.8, 8.200000000000001]]","[0.8917650674336657, 0.8407833506348595, 1.1062121302720698]",,uniform
sample_0761,1,deep,uniform,sphere,1,1,1,0,0,0,0,1.0,1.0,0.5766300583753834,,w/o source-relative query cue,0.7315634218290771,0.5769725769729958,0.9993141289437596,True,1,,1.0,"[[13.0, 28.0, 7.6000000000000005]]",[1.4544811746640263],,uniform
sample_0777,2,medium,uniform,ellipsoid+irregular,2,2,2,0,0,0,0,1.0,1.0,0.7749538683808126,,w/o source-relative query cue,0.8766653647528801,0.936488804413362,0.8240261064655011,True,2,18.24280680158621,0.9804225349188295,"[[29.6, 28.6, 10.200000000000001], [12.0, 33.4, 10.200000000000001]]","[0.7558336653382585, 0.7410363581479256]",,uniform
sample_0778,1,deep,uniform,ellipsoid,1,1,1,0,0,0,0,1.0,1.0,0.6135774846914743,,w/o source-relative query cue,0.7604276903989489,1.0,0.6134597268019233,True,1,,1.0,"[[25.6, 25.0, 9.8]]",[0.9667427477953602],,uniform
sample_0791,1,medium,uniform,sphere,1,1,1,0,0,0,0,1.0,1.0,0.8215586307356154,,w/o source-relative query cue,0.9020391843263674,0.9800173761946568,0.83555555555586,True,1,,1.0,"[[29.400000000000002, 33.2, 7.0]]",[1.2303316900155439],,uniform
sample_0796,1,deep,uniform,ellipsoid,1,1,1,0,0,0,0,1.0,1.0,0.8689271255060729,,w/o source-relative query cue,0.9299302687699345,0.9378669944012864,0.9221267454351206,True,1,,1.0,"[[26.400000000000002, 30.400000000000002, 11.600000000000001]]",[1.2987087946238862],,uniform
sample_0807,1,medium,uniform,ellipsoid,1,1,1,0,0,0,0,1.0,1.0,0.524846690632269,,w/o source-relative query cue,0.688488210818524,0.5296628254379752,0.9833597464342644,True,1,,1.0,"[[15.4, 26.8, 10.600000000000001]]",[1.477919646194513],,uniform
sample_0817,1,shallow,uniform,sphere,1,1,1,0,0,0,0,1.0,1.0,0.4578346402531297,,w/o source-relative query cue,0.6281615704042769,0.457897633462496,1.0,True,1,,1.0,"[[14.4, 29.200000000000003, 12.200000000000001]]",[1.5949407857857603],,uniform
sample_0823,1,deep,uniform,irregular,1,1,1,0,0,0,0,1.0,1.0,0.4990050988682999,,w/o source-relative query cue,0.6656710226095558,0.9926998267755596,0.5007177182802841,True,1,,1.0,"[[17.6, 21.0, 10.600000000000001]]",[1.542609753605651],,uniform
sample_0858,3,deep,uniform,ellipsoid+irregular,3,3,3,0,0,0,0,1.0,1.0,0.6156245632084713,,w/o source-relative query cue,0.7753471953828103,0.8169182321642866,0.7378021870250882,True,3,10.697663296253069,0.5182959251211388,"[[13.4, 24.200000000000003, 9.8], [26.400000000000002, 35.4, 10.200000000000001], [23.400000000000002, 24.200000000000003, 6.0]]","[1.3497783796590217, 0.7085422341395766, 0.6995846339938843]",,uniform
sample_0860,3,deep,uniform,ellipsoid+sphere,3,3,3,0,0,0,0,1.0,1.0,0.432288019240457,,w/o source-relative query cue,0.7656556615141785,0.7916281056454819,0.7413333333335058,True,3,7.6837490849194205,0.583160485068355,"[[28.8, 25.200000000000003, 6.800000000000001], [13.200000000000001, 25.8, 4.0], [12.0, 28.200000000000003, 11.200000000000001]]","[1.7730251444010348, 1.277099432899991, 1.0339582032472976]",,uniform
sample_0867,3,medium,uniform,ellipsoid+irregular,3,2,2,1,0,0,0,0.6666666666666666,1.0,0.5540493049594264,,w/o source-relative query cue,0.5399769655090199,0.922535211267686,0.3816950895537828,False,3,6.893475175845635,0.7780838606981993,"[[31.200000000000003, 33.4, 6.4], [13.4, 21.400000000000002, 7.6000000000000005], [24.400000000000002, 34.2, 5.6000000000000005]]","[1.0419523424969663, 0.9235560415081601, 1.186962084883015]",,uniform
sample_0870,3,shallow,uniform,ellipsoid+sphere,3,2,2,1,0,1,0,0.6666666666666666,1.0,0.4746089844205942,,w/o source-relative query cue,0.481706688653261,0.576325524044912,0.4137747875359296,False,3,5.858327406350721,0.734872152369636,"[[8.4, 26.400000000000002, 5.800000000000001], [21.200000000000003, 32.0, 5.0], [27.0, 31.8, 5.800000000000001]]","[0.8836205121635925, 0.6493481076516193, 0.8030625395100867]",,uniform
sample_0875,3,shallow,uniform,sphere,3,3,3,0,0,0,0,1.0,1.0,0.5808016513352267,,w/o source-relative query cue,0.7264187866929123,0.5981033054050289,0.9248291571755056,True,3,8.170679286326202,0.6128474432574942,"[[27.8, 35.0, 10.200000000000001], [12.8, 27.6, 11.0], [11.4, 34.800000000000004, 14.600000000000001]]","[1.6424426116046171, 1.086236963114267, 1.0065667552190511]",,uniform
sample_0881,3,deep,uniform,ellipsoid+irregular,1,1,1,0,0,0,0,1.0,1.0,0.582534509202454,,w/o source-relative query cue,0.7361873990307479,0.7821833161689915,0.6953005797987125,True,3,5.067543783727972,0.5214971605387212,"[[18.400000000000002, 26.400000000000002, 8.200000000000001], [13.4, 26.200000000000003, 9.0], [7.0, 26.8, 9.4]]","[0.6417652859255485, 1.23062086332855, 1.0014330933211562]",,uniform
sample_0895,2,deep,uniform,sphere,2,2,2,0,0,0,0,1.0,1.0,0.7700992504736018,,w/o source-relative query cue,0.8684326181629836,0.8551420253364898,0.8821428571429528,True,2,20.83266665599966,0.8431858821940668,"[[27.200000000000003, 26.0, 12.4], [6.6000000000000005, 25.200000000000003, 9.4]]","[1.4882628983832302, 1.765047221272964]",,uniform
sample_0911,2,medium,uniform,irregular+sphere,2,2,2,0,0,0,0,1.0,1.0,0.473823854774374,,w/o source-relative query cue,0.6895765836220111,0.9988995339202492,0.5265294980722945,True,2,16.24930767755968,0.9635631066224482,"[[13.600000000000001, 30.200000000000003, 9.600000000000001], [29.400000000000002, 31.400000000000002, 6.0]]","[0.7864767847524651, 0.7578200140025197]",,uniform
sample_0913,2,shallow,uniform,ellipsoid,2,2,2,0,0,0,0,1.0,1.0,0.3251866376266426,,w/o source-relative query cue,0.5010357012309608,0.3342545927496876,1.0,True,2,18.089776118017603,0.4596035070760091,"[[15.8, 21.6, 8.4], [26.8, 35.6, 5.2]]","[1.60760238749581, 0.7388596952768397]",,uniform
sample_0914,1,deep,uniform,ellipsoid,1,1,1,0,0,0,0,1.0,1.0,0.3428782560502494,,w/o source-relative query cue,0.5107671138634257,0.3429732976075552,1.0,True,1,,1.0,"[[16.0, 34.4, 8.6]]",[0.6772886503757445],,uniform
sample_0920,1,medium,uniform,sphere,1,1,1,0,0,0,0,1.0,1.0,0.5505705106901517,,w/o source-relative query cue,0.7102536620223578,0.5549972082640368,0.9861111111111388,True,1,,1.0,"[[17.6, 22.0, 10.0]]",[0.8429185829601086],,uniform
sample_0932,1,medium,uniform,irregular,1,1,1,0,0,0,0,1.0,1.0,0.2641040804257835,,w/o source-relative query cue,0.4178517964077302,0.2641040804266539,1.0,True,1,,1.0,"[[11.4, 22.0, 6.4]]",[1.1462573523403923],,uniform
sample_0942,2,deep,uniform,irregular+sphere,2,2,2,0,0,0,0,1.0,1.0,0.7415835666429818,,w/o source-relative query cue,0.8742945823928652,0.8948736462095381,0.8546407392085855,True,2,17.76063061943466,0.6373712577526622,"[[11.4, 31.0, 15.4], [26.0, 35.2, 6.2]]","[1.1964464781376187, 0.7625805966043171]",,uniform
sample_0953,1,medium,uniform,ellipsoid,1,1,1,0,0,0,0,1.0,1.0,0.7468989816110816,,w/o source-relative query cue,0.8551377338159714,0.837709088940704,0.8733069977427351,True,1,,1.0,"[[16.8, 25.8, 4.2]]",[1.0908375853517647],,uniform
sample_0960,1,medium,uniform,ellipsoid,1,1,1,0,0,0,0,1.0,1.0,0.7661943319838057,,w/o source-relative query cue,0.8676839315138135,0.7662912817920203,1.0,True,1,,1.0,"[[6.0, 29.8, 8.8]]",[1.4997221838954973],,uniform
sample_0974,2,medium,uniform,ellipsoid+sphere,2,2,2,0,0,0,0,1.0,1.0,0.5259821369592943,,w/o source-relative query cue,0.7174118090928905,0.5845373501389725,0.9284667968751746,True,2,11.46472851837321,0.8588533575388163,"[[29.400000000000002, 32.4, 10.200000000000001], [20.200000000000003, 27.0, 6.0]]","[1.167069153311541, 1.3588689420228466]",,uniform
sample_0977,3,shallow,uniform,ellipsoid+sphere,3,3,3,0,0,0,0,1.0,1.0,0.5033405767724083,,w/o source-relative query cue,0.6813125887939009,0.7649988327758424,0.6141304347828498,True,3,8.106787279804495,0.532594836902992,"[[15.0, 21.6, 9.8], [21.200000000000003, 28.0, 8.0], [29.0, 27.8, 10.200000000000001]]","[0.8733946874617959, 1.6398857573245267, 1.2709190065273968]",,uniform
sample_0979,1,medium,uniform,sphere,1,1,1,0,0,0,0,1.0,1.0,0.6140054127198917,,w/o source-relative query cue,0.7608133603523438,0.6192697076559899,0.986231884057996,True,1,,1.0,"[[21.200000000000003, 28.8, 6.6000000000000005]]",[0.9124639108806094],,uniform
sample_1000,3,medium,uniform,irregular+sphere,3,2,2,1,0,0,0,0.6666666666666666,1.0,0.6163507457073188,,w/o source-relative query cue,0.7827524184532678,0.7158353338670616,0.8634706134707598,False,3,5.574943945906542,0.5335892542941105,"[[13.8, 31.400000000000002, 8.4], [23.0, 25.400000000000002, 6.4], [16.0, 27.400000000000002, 5.2]]","[0.7145712178136691, 1.2927253932549585, 1.339178426220335]",,uniform
sample_1002,2,deep,uniform,irregular,1,1,1,0,0,0,0,1.0,1.0,0.6169573383418299,,w/o source-relative query cue,0.7631089871234027,0.9505580818520458,0.6374119864724526,True,2,4.237924020083422,0.9390239201939343,"[[25.0, 35.2, 9.200000000000001], [27.400000000000002, 32.0, 7.800000000000001]]","[1.363166654384997, 1.4516846962785201]",,uniform
sample_1003,3,medium,uniform,ellipsoid+sphere,3,2,2,1,0,1,0,0.6666666666666666,1.0,0.630544325156755,,w/o source-relative query cue,0.7590992038823753,0.7095407685099496,0.8161003794412659,False,3,6.876045375068432,0.5271914780273269,"[[6.6000000000000005, 32.6, 9.200000000000001], [24.400000000000002, 28.400000000000002, 12.200000000000001], [29.0, 31.0, 7.800000000000001]]","[0.942228445840742, 1.7872603885146674, 1.3835867340832535]",,uniform
sample_1015,3,medium,uniform,ellipsoid+irregular,3,2,2,1,0,0,0,0.6666666666666666,1.0,0.6943056674834467,,w/o source-relative query cue,0.8227604767397723,0.8839322593970234,0.7695073714492572,False,3,3.6110940170535586,0.47162250334534994,"[[6.6000000000000005, 26.6, 6.4], [20.8, 28.8, 9.4], [19.0, 31.6, 10.8]]","[1.166430793632752, 0.6166820702507989, 1.3075755840243013]",,uniform
sample_1018,1,medium,uniform,ellipsoid,1,1,1,0,0,0,0,1.0,1.0,0.5718282682103232,,w/o source-relative query cue,0.727596366314923,0.5785825849281739,0.9799933862434194,True,1,,1.0,"[[22.200000000000003, 35.6, 10.0]]",[1.4701907001862184],,uniform
sample_1028,2,shallow,uniform,ellipsoid+sphere,2,2,2,0,0,0,0,1.0,1.0,0.4891252544122603,,w/o source-relative query cue,0.7944889536296464,0.7522988505749972,0.8416923868314793,True,2,10.461357464497617,0.9245665860729793,"[[8.200000000000001, 22.6, 5.6000000000000005], [18.6, 23.400000000000002, 6.4]]","[1.605093338683937, 1.7360494775194497]",,uniform
sample_1068,3,shallow,uniform,ellipsoid+irregular+sphere,3,2,2,1,0,0,0,0.6666666666666666,1.0,0.5894789093745352,,w/o source-relative query cue,0.7880710659899438,0.9966754556918528,0.6516752867104028,False,3,8.901685233707155,0.4257236727131882,"[[7.800000000000001, 29.400000000000002, 11.0], [16.6, 30.0, 12.200000000000001], [28.8, 29.0, 5.0]]","[1.4606527663267703, 0.6218344602393109, 1.31408215424306]",,uniform
sample_1069,3,shallow,uniform,ellipsoid+sphere,3,3,3,0,0,0,0,1.0,1.0,0.4817969534730086,,w/o source-relative query cue,0.6850642307971163,0.7746225540961603,0.6140684410648055,True,3,11.15347479487895,0.7148932396706305,"[[24.400000000000002, 33.6, 14.8], [17.8, 22.400000000000002, 13.600000000000001], [16.0, 27.0, 3.6]]","[1.7345310460914067, 1.2400045188495734, 1.3225870886075557]",,uniform
sample_1072,3,medium,uniform,ellipsoid+irregular,3,2,2,1,0,1,0,0.6666666666666666,1.0,0.3838102253466734,,w/o source-relative query cue,0.6762740875712682,0.571215371700801,0.8286874154264835,False,3,6.764613810115106,0.8436671568817132,"[[10.0, 31.200000000000003, 5.2], [20.200000000000003, 18.400000000000002, 13.200000000000001], [15.200000000000001, 28.8, 8.8]]","[0.9566022075763236, 1.0989848409283705, 1.1338620921454745]",,uniform
sample_1078,2,medium,uniform,irregular+sphere,2,2,2,0,0,0,0,1.0,1.0,0.5874795878984713,,w/o source-relative query cue,0.7583453997574616,0.9746504375817576,0.620612349475006,True,2,8.54400374531753,0.8643636592448681,"[[26.0, 31.8, 8.200000000000001], [25.0, 23.400000000000002, 7.0]]","[1.1585976559323465, 1.3404053300257086]",,uniform
sample_1081,2,shallow,uniform,ellipsoid+sphere,1,1,1,0,0,0,0,1.0,1.0,0.5181535517818704,,w/o source-relative query cue,0.6826977623700968,0.6878572335833305,0.6776151151153168,True,2,5.223025942880238,0.5652438711088008,"[[22.200000000000003, 30.8, 10.8], [26.400000000000002, 31.6, 13.8]]","[1.5749403462725533, 0.8902253780925332]",,uniform
sample_1085,2,medium,uniform,irregular,2,2,2,0,0,0,0,1.0,1.0,0.7394380975364222,,w/o source-relative query cue,0.8498232224030952,0.7948664112121175,0.9129438717068108,True,2,15.596153371905524,0.35393235505974513,"[[26.400000000000002, 32.6, 9.0], [11.200000000000001, 29.200000000000003, 9.8]]","[1.7784677389309835, 0.629457275237623]",,uniform
sample_1086,2,deep,uniform,irregular+sphere,2,2,2,0,0,0,0,1.0,1.0,0.6364923122275428,,w/o source-relative query cue,0.8580399933896397,0.7897779129908887,0.939218523878547,True,2,16.615655268450894,0.7228169001016791,"[[6.800000000000001, 30.6, 6.800000000000001], [18.2, 19.0, 10.200000000000001]]","[1.770535551890894, 1.2797730191375916]",,uniform
sample_1092,3,deep,uniform,ellipsoid+irregular+sphere,3,3,3,0,0,0,0,1.0,1.0,0.5469518133266523,,w/o source-relative query cue,0.69306741733876,0.7671102661599417,0.6320598729443633,True,3,10.875660899458019,0.7695215405497813,"[[25.8, 23.8, 11.200000000000001], [13.0, 30.6, 5.2], [21.0, 16.8, 4.4]]","[0.739354994190476, 0.9607983080788708, 0.8543324310225366]",,uniform
sample_1093,2,deep,uniform,ellipsoid+sphere,2,2,2,0,0,0,0,1.0,1.0,0.7707332698573797,,w/o source-relative query cue,0.8741540676746313,0.9053086787951796,0.8450723830736045,True,2,17.805617091243988,0.6360987363983946,"[[28.200000000000003, 29.200000000000003, 12.200000000000001], [11.200000000000001, 30.200000000000003, 7.0]]","[1.3569647366871247, 0.8631635543438604]",,uniform
sample_1096,2,shallow,uniform,ellipsoid+irregular,2,2,2,0,0,0,0,1.0,1.0,0.5361752054717748,,w/o source-relative query cue,0.7427739892145568,0.7335850758046928,0.7521960240408274,True,2,10.943491216243563,0.4390098666794439,"[[21.200000000000003, 28.8, 5.2], [13.8, 20.8, 6.2]]","[0.6326103513383547, 1.4409934704275655]",,uniform
sample_1112,3,medium,uniform,ellipsoid+irregular+sphere,3,2,2,1,0,0,0,0.6666666666666666,1.0,0.6140102225054553,,w/o source-relative query cue,0.68869699454885,0.7577494692146944,0.6311787072246606,False,3,6.248199740725324,0.5018662836459203,"[[12.4, 25.200000000000003, 8.6], [8.0, 31.8, 10.600000000000001], [16.400000000000002, 25.200000000000003, 3.8000000000000003]]","[0.8656287439667854, 0.8184282882710069, 1.6307696192008572]",,uniform
sample_1126,1,medium,uniform,irregular,1,1,1,0,0,0,0,1.0,1.0,0.4562222222222222,,w/o source-relative query cue,0.626631056848816,0.4645847476810764,0.962268572767841,True,1,,1.0,"[[23.8, 26.6, 5.800000000000001]]",[1.4147925397548518],,uniform
sample_1133,1,shallow,uniform,irregular,1,1,1,0,0,0,0,1.0,1.0,0.634393434213901,,w/o source-relative query cue,0.7763044331111995,0.6351264603933302,0.9981840193704636,True,1,,1.0,"[[6.4, 28.0, 11.4]]",[1.7365698156179596],,uniform
sample_1135,3,deep,uniform,irregular+sphere,2,2,2,0,0,0,0,1.0,1.0,0.4833590325016572,,w/o source-relative query cue,0.6095784428427333,0.9907986750092126,0.4402049493080561,True,3,3.8418745424597103,0.8344160538504245,"[[12.0, 29.400000000000002, 15.600000000000001], [15.8, 22.0, 6.0], [18.400000000000002, 20.0, 8.0]]","[1.2019079958883991, 1.0028913270204702, 1.0271013272180367]",,uniform
sample_1139,1,medium,uniform,irregular,1,1,1,0,0,0,0,1.0,1.0,0.3018867924528302,,w/o source-relative query cue,0.4639252083195827,0.3020199347276157,1.0,True,1,,1.0,"[[21.6, 28.8, 9.4]]",[1.1027310245976345],,uniform
sample_1167,2,medium,uniform,ellipsoid+sphere,2,2,2,0,0,0,0,1.0,1.0,0.7128994054987289,,w/o source-relative query cue,0.8465330618369701,0.8305993690853516,0.8630900349651844,True,2,11.518680479985544,0.5634975639357582,"[[17.2, 28.400000000000002, 9.4], [26.400000000000002, 33.4, 14.200000000000001]]","[1.2398542292319294, 0.6986548378076394]",,uniform
sample_1175,1,deep,uniform,irregular,1,1,1,0,0,0,0,1.0,1.0,0.6879566641471403,,w/o source-relative query cue,0.8151962979550565,0.7192150665089961,0.9407407407408428,True,1,,1.0,"[[7.6000000000000005, 35.4, 6.6000000000000005]]",[0.8016991298114093],,uniform
sample_1185,2,medium,uniform,ellipsoid+irregular,2,2,2,0,0,0,0,1.0,1.0,0.4563210873227022,,w/o source-relative query cue,0.6389308366055279,0.4780790960457874,0.9629039599454644,True,2,10.64894360957931,0.5608410496496863,"[[16.400000000000002, 23.6, 5.4], [8.6, 26.6, 12.0]]","[1.7536854584893726, 0.9835387932945712]",,uniform
sample_1211,1,medium,uniform,irregular,1,1,1,0,0,0,0,1.0,1.0,0.5737854251012146,,w/o source-relative query cue,0.7292256238746275,0.5738435064282074,1.0,True,1,,1.0,"[[24.8, 34.0, 13.600000000000001]]",[1.6753562844522145],,uniform
sample_1215,2,shallow,uniform,ellipsoid+sphere,2,2,2,0,0,0,0,1.0,1.0,0.4778485746684879,,w/o source-relative query cue,0.8237260343088346,0.8829772850190083,0.7719267139481254,True,2,12.074767078498866,0.5088373692640419,"[[17.8, 23.0, 9.0], [24.200000000000003, 33.0, 6.800000000000001]]","[1.7075637540113062, 0.8688722484417446]",,uniform
sample_1230,3,deep,uniform,ellipsoid+sphere,3,3,3,0,0,0,0,1.0,1.0,0.4314452628473496,,w/o source-relative query cue,0.6256497401041455,0.4572618351844993,0.990348101265838,True,3,10.667708282475669,0.4035806482835489,"[[27.0, 25.400000000000002, 8.4], [11.4, 31.8, 12.0], [6.6000000000000005, 25.8, 4.6000000000000005]]","[0.7918321389229362, 1.5152620781023884, 0.6115304518000394]",,uniform
sample_1244,1,shallow,uniform,sphere,1,1,1,0,0,0,0,1.0,1.0,0.6658329708568943,,w/o source-relative query cue,0.799451625538713,0.6768737563567577,0.9762436224490176,True,1,,1.0,"[[10.600000000000001, 24.0, 7.4]]",[1.3809242989685004],,uniform
sample_1259,2,deep,uniform,irregular+sphere,2,2,2,0,0,0,0,1.0,1.0,0.4959514572356064,,w/o source-relative query cue,0.6733303044072361,0.5098039215689647,0.9913043478260986,True,2,15.942396306703706,0.7784204569611174,"[[19.8, 22.0, 6.800000000000001], [11.200000000000001, 35.4, 7.6000000000000005]]","[1.009748734685939, 1.2971765138700313]",,uniform
sample_1262,1,shallow,uniform,irregular,1,1,1,0,0,0,0,1.0,1.0,0.5699009900990099,,w/o source-relative query cue,0.7260343087792415,0.5796965220899963,0.971203599550121,True,1,,1.0,"[[15.8, 20.400000000000002, 9.0]]",[1.4004519630697825],,uniform
sample_1266,2,medium,uniform,ellipsoid+sphere,2,2,2,0,0,0,0,1.0,1.0,0.2682265104628062,,w/o source-relative query cue,0.4298953149138236,0.2788911155652651,0.937500000000234,True,2,8.260750571225355,0.5048381155286213,"[[25.400000000000002, 32.0, 13.4], [20.0, 32.800000000000004, 7.2]]","[1.6167091789050012, 0.8161764152362255]",,uniform
sample_1276,1,deep,uniform,irregular,1,1,1,0,0,0,0,1.0,1.0,0.7058246715042165,,w/o source-relative query cue,0.8275465624283426,0.7165040812269231,0.9793197278912128,True,1,,1.0,"[[6.2, 22.8, 11.0]]",[1.230667272405725],,uniform
sample_1285,2,medium,uniform,irregular+sphere,2,2,2,0,0,0,0,1.0,1.0,0.566104073284794,,w/o source-relative query cue,0.7358823945157001,0.5919272313819307,0.9723571161748742,True,2,14.051334456200237,0.8410111329475862,"[[27.6, 33.0, 10.600000000000001], [16.8, 25.400000000000002, 5.800000000000001]]","[0.6439873384768035, 0.7657298616485]",,uniform
sample_1286,1,medium,uniform,irregular,1,1,1,0,0,0,0,1.0,1.0,0.7372574978359387,,w/o source-relative query cue,0.8487264413635875,0.9889344262295158,0.7433382964523575,True,1,,1.0,"[[28.200000000000003, 32.0, 8.200000000000001]]",[1.1477152911044963],,uniform
sample_1288,1,shallow,uniform,irregular,1,1,1,0,0,0,0,1.0,1.0,0.4352038369304556,,w/o source-relative query cue,0.6065913496894133,0.4357053682901798,0.9980202375714958,True,1,,1.0,"[[9.200000000000001, 27.8, 5.2]]",[0.8860317384906653],,uniform
sample_1292,1,deep,uniform,irregular,1,1,1,0,0,0,0,1.0,1.0,0.6755652410787252,,w/o source-relative query cue,0.806308259267393,0.7065248361670562,0.9389120282721962,True,1,,1.0,"[[12.200000000000001, 26.6, 8.200000000000001]]",[0.777221002456576],,uniform
sample_1319,1,medium,uniform,ellipsoid,1,1,1,0,0,0,0,1.0,1.0,0.4827052713006962,,w/o source-relative query cue,0.6511627906979345,0.4827586206902268,1.0,True,1,,1.0,"[[18.6, 34.6, 9.200000000000001]]",[1.7261077533595919],,uniform
sample_1327,3,shallow,uniform,ellipsoid+irregular+sphere,3,3,3,0,0,0,0,1.0,1.0,0.5514927298637072,,w/o source-relative query cue,0.7894278877529587,0.851944596603919,0.7354590285754675,True,3,8.430895563343197,0.6339124810108131,"[[14.4, 31.0, 4.2], [29.0, 24.6, 7.800000000000001], [10.4, 32.800000000000004, 11.4]]","[1.521793471007765, 0.9646838747925892, 1.459696350782369]",,uniform
sample_1328,1,medium,uniform,irregular,1,1,1,0,0,0,0,1.0,1.0,0.4715782242830156,,w/o source-relative query cue,0.6409897292252329,0.4737341499185079,0.9907992062060422,True,1,,1.0,"[[12.0, 23.200000000000003, 9.0]]",[1.597827059725827],,uniform
sample_1366,2,shallow,uniform,sphere,2,2,2,0,0,0,0,1.0,1.0,0.3169429976419184,,w/o source-relative query cue,0.4658771822735527,0.3036765876179343,1.0,True,2,10.488088481701517,0.8686947261481086,"[[22.6, 33.2, 10.4], [12.4, 35.2, 11.8]]","[0.759994332709831, 0.8748692835741416]",,uniform
sample_1372,2,shallow,uniform,ellipsoid+irregular,2,2,2,0,0,0,0,1.0,1.0,0.3698157151273979,,w/o source-relative query cue,0.6379456307030026,0.5057419835950697,0.8637289862458897,True,2,15.67801007781281,0.806728720172337,"[[6.0, 29.0, 7.0], [21.200000000000003, 26.0, 4.6000000000000005]]","[1.01110421598755, 0.8156868101244905]",,uniform
sample_1378,3,shallow,uniform,ellipsoid+irregular+sphere,3,2,2,1,0,1,0,0.6666666666666666,1.0,0.3770799414086169,,w/o source-relative query cue,0.6440247003270454,0.6104531056331012,0.6815036900371453,False,3,7.161005515987264,0.8380373033091514,"[[19.0, 30.6, 5.0], [6.6000000000000005, 33.2, 4.800000000000001], [21.400000000000002, 32.0, 11.600000000000001]]","[0.9565794956114724, 1.141452166668756, 0.9821087853640864]",,uniform
sample_1384,2,shallow,uniform,irregular+sphere,2,2,2,0,0,0,0,1.0,1.0,0.396224486053639,,w/o source-relative query cue,0.5835996977976501,0.4158866893072012,0.9779898714453096,True,2,7.28285658241325,0.5956003137356721,"[[23.8, 28.400000000000002, 8.0], [16.8, 26.400000000000002, 7.800000000000001]]","[0.7654708243205687, 1.2852089004444098]",,uniform
sample_1389,2,medium,uniform,ellipsoid+irregular,2,1,1,1,0,1,0,0.5,1.0,0.4001367053998633,,w/o source-relative query cue,0.7579427190598463,0.7778278757821238,0.7390489450574387,False,2,7.318469785412796,0.7133893693654707,"[[25.200000000000003, 31.400000000000002, 8.0], [18.6, 33.2, 5.4]]","[1.606845559928217, 1.1463065406648973]",,uniform
sample_1404,3,shallow,uniform,ellipsoid+irregular,3,3,3,0,0,0,0,1.0,1.0,0.6142336973332481,,w/o source-relative query cue,0.7523781695400305,0.8647014925374145,0.6658812711915029,True,3,6.770524351924305,0.8538942715839237,"[[24.200000000000003, 30.200000000000003, 10.600000000000001], [8.0, 31.8, 10.8], [20.400000000000002, 35.800000000000004, 10.4]]","[1.154666689371325, 1.3404067503673502, 1.3522361348431184]",,uniform
sample_1429,2,shallow,uniform,irregular,2,2,2,0,0,0,0,1.0,1.0,0.6906209594228342,,w/o source-relative query cue,0.8459026431269283,0.8271629577888163,0.8655111203927477,True,2,15.02797391533536,0.9463119907101398,"[[14.200000000000001, 24.6, 5.800000000000001], [27.6, 31.400000000000002, 5.6000000000000005]]","[1.5433148980082683, 1.4604573934268208]",,uniform
sample_1432,2,medium,uniform,sphere,2,1,1,1,0,0,0,0.5,1.0,0.8212708773277021,,w/o source-relative query cue,0.8524459499852023,0.8439534424938964,0.8611111111113907,False,2,4.054626986542656,0.8730211389899424,"[[11.4, 35.0, 6.6000000000000005], [10.0, 31.200000000000003, 6.800000000000001]]","[1.0049153915870448, 0.8773123797518458]",,uniform
sample_1438,1,deep,uniform,irregular,1,1,1,0,0,0,0,1.0,1.0,0.410958904109589,,w/o source-relative query cue,0.5826112936964706,0.4142766093065343,0.9813789632612916,True,1,,1.0,"[[16.2, 22.8, 15.200000000000001]]",[1.7946110254679417],,uniform
sample_1455,2,shallow,uniform,ellipsoid,2,1,1,1,0,1,0,0.5,1.0,0.5028824239174152,,w/o source-relative query cue,0.7220759993421113,0.68650297153606,0.7615371269953491,False,2,5.6178287620752565,0.6019996244972017,"[[14.8, 28.6, 4.2], [9.8, 30.200000000000003, 6.2]]","[1.01942864898382, 1.693404127677423]",,uniform
sample_1470,3,medium,uniform,ellipsoid+irregular,2,1,1,1,0,0,0,0.5,1.0,0.7426632494675667,,w/o source-relative query cue,0.837724477745686,0.8725082704216335,0.805607769423635,False,3,4.014971979976947,0.39537838654862534,"[[14.4, 33.6, 10.4], [19.8, 32.0, 11.200000000000001], [19.200000000000003, 35.0, 8.6]]","[0.7050032900132693, 0.9384669844456643, 1.7831103418865437]",,uniform
sample_1482,3,medium,uniform,irregular+sphere,3,3,2,1,1,0,0,0.6666666666666666,0.6666666666666666,0.6256059496915534,,w/o source-relative query cue,0.6914887687421596,0.7784889558235711,0.6219793442297984,False,3,6.749814812274484,0.9018626267284662,"[[21.6, 25.400000000000002, 10.600000000000001], [10.4, 27.400000000000002, 6.0], [6.6000000000000005, 32.800000000000004, 4.6000000000000005]]","[1.3100074285699266, 1.4525576176961872, 1.4429474903555959]",,uniform
sample_1486,2,medium,uniform,ellipsoid+irregular,2,2,2,0,0,0,0,1.0,1.0,0.7651127399034499,,w/o source-relative query cue,0.8848537253206928,0.9347644058765816,0.8400027361653738,True,2,14.770240350109408,0.6794761724265708,"[[23.200000000000003, 30.8, 11.200000000000001], [8.6, 33.0, 11.600000000000001]]","[0.9833266361164453, 0.6681470189534976]",,uniform
sample_1513,3,shallow,uniform,ellipsoid+sphere,3,2,2,1,0,1,0,0.6666666666666666,1.0,0.4823568492220198,,w/o source-relative query cue,0.6827946584092884,0.8170449282077152,0.5864361702131097,False,3,4.770744176750624,0.5489695699684328,"[[14.200000000000001, 33.4, 7.2], [29.400000000000002, 35.6, 8.8], [12.8, 29.8, 4.4]]","[1.6867576138159146, 0.9259786018975025, 1.2958762607269034]",,uniform
sample_1516,3,deep,uniform,ellipsoid+sphere,3,2,2,1,0,0,0,0.6666666666666666,1.0,0.6738757817054684,,w/o source-relative query cue,0.8361117454518397,0.8505497909246937,0.8221556886228876,False,3,5.692099788303083,0.8266027235686912,"[[20.200000000000003, 33.800000000000004, 6.4], [11.200000000000001, 21.400000000000002, 6.4], [10.600000000000001, 26.200000000000003, 9.4]]","[1.3518120509593312, 1.4665929828535313, 1.6353830109864074]",,uniform
sample_1529,2,medium,uniform,ellipsoid,2,1,1,1,0,1,0,0.5,1.0,0.3702839037812148,,w/o source-relative query cue,0.6563187961544779,0.5424478326963276,0.8306997742664851,False,2,6.2545983084447565,0.6960720211155319,"[[12.4, 32.2, 8.200000000000001], [18.0, 33.2, 5.6000000000000005]]","[0.9726089995296625, 1.3972821346431217]",,uniform
sample_1566,3,medium,uniform,irregular+sphere,3,2,2,1,0,1,0,0.6666666666666666,1.0,0.3840267976390663,,w/o source-relative query cue,0.4176997901968226,0.3393244499541996,0.5431547619055173,False,3,5.418486873657627,0.36357357879154334,"[[16.8, 26.400000000000002, 5.6000000000000005], [12.200000000000001, 25.8, 8.4], [25.0, 10.8, 7.0]]","[1.6541504445372133, 1.6451886458924898, 0.6014053969800169]",,uniform
sample_1572,2,medium,uniform,irregular+sphere,2,2,2,0,0,0,0,1.0,1.0,0.6242845117845117,,w/o source-relative query cue,0.8179500254972984,0.9403335070349916,0.7237541361679296,True,2,23.03736095997109,0.47547708696522695,"[[25.0, 31.400000000000002, 8.4], [9.0, 15.0, 6.0]]","[0.6183019815147583, 1.300382286475934]",,uniform
sample_1599,3,medium,uniform,irregular+sphere,3,3,3,0,0,0,0,1.0,1.0,0.360279820941558,,w/o source-relative query cue,0.6340843752091769,0.5426250143042194,0.762624638147696,True,3,7.655063683601854,0.799283518665475,"[[20.6, 4.4, 14.8], [30.0, 30.6, 6.2], [28.200000000000003, 26.200000000000003, 12.200000000000001]]","[1.0717089474650674, 1.3408370402212821, 1.2859165362571743]",,uniform
sample_1620,2,medium,uniform,ellipsoid+irregular,2,1,1,1,0,1,0,0.5,1.0,0.2765666243034509,,w/o source-relative query cue,0.5579596412558532,0.7786295369214977,0.4347484276734497,False,2,6.199999999999999,0.5396368866411655,"[[22.200000000000003, 29.0, 7.0], [21.0, 34.4, 4.2]]","[0.7518963971141117, 1.3933376604295942]",,uniform
sample_1634,1,medium,uniform,irregular,1,1,1,0,0,0,0,1.0,1.0,0.4277836442567171,,w/o source-relative query cue,0.599375308236397,0.4279342723011409,1.0,True,1,,1.0,"[[13.600000000000001, 33.4, 4.2]]",[0.6014177869915914],,uniform
sample_1635,3,medium,uniform,ellipsoid+irregular,3,2,2,1,0,1,0,0.6666666666666666,1.0,0.6952260778018787,,w/o source-relative query cue,0.7717448952533241,0.7676228156941856,0.7759114843699421,False,3,4.48998886412873,0.896254756552243,"[[24.8, 34.2, 8.0], [21.6, 21.400000000000002, 9.8], [21.200000000000003, 23.400000000000002, 5.800000000000001]]","[1.0801156131732725, 1.1250482050721766, 1.205143521166141]",,uniform
sample_1642,2,medium,uniform,ellipsoid+irregular,2,2,2,0,0,0,0,1.0,1.0,0.6101068137553122,,w/o source-relative query cue,0.8578565728758777,0.773025698743342,0.9636009353079006,True,2,8.78179936004006,0.8561007961763093,"[[10.200000000000001, 32.800000000000004, 9.8], [16.2, 26.400000000000002, 9.4]]","[1.193110305034192, 1.3936563432286277]",,uniform
sample_1643,3,shallow,uniform,ellipsoid+sphere,3,2,2,1,0,1,0,0.6666666666666666,1.0,0.6143787070182392,,w/o source-relative query cue,0.7710133794252061,0.7815704088255798,0.7607377463366848,False,3,4.242640687119284,0.7941970825011716,"[[6.2, 30.400000000000002, 7.6000000000000005], [16.8, 26.6, 9.600000000000001], [16.8, 30.8, 10.200000000000001]]","[1.3789646875303727, 1.3960809804115633, 1.7363003691572216]",,uniform
sample_1683,1,medium,uniform,ellipsoid,1,1,1,0,0,0,0,1.0,1.0,0.4874434957307885,,w/o source-relative query cue,0.6554111092354757,0.4874434957314321,1.0,True,1,,1.0,"[[25.0, 33.4, 4.6000000000000005]]",[1.032951057111811],,uniform
sample_1686,2,deep,uniform,ellipsoid,2,2,2,0,0,0,0,1.0,1.0,0.6606031096029419,,w/o source-relative query cue,0.790293542074446,0.7106856257921226,0.8899858956277416,True,2,15.327100182356743,0.9228164543355118,"[[7.800000000000001, 27.400000000000002, 7.2], [21.400000000000002, 33.800000000000004, 4.2]]","[1.5326039332747616, 1.660789560128007]",,uniform
sample_1688,3,deep,uniform,ellipsoid+irregular+sphere,3,3,3,0,0,0,0,1.0,1.0,0.6203203280507386,,w/o source-relative query cue,0.7401089219927358,0.8516265781956948,0.6544154096737806,True,3,10.295630140987,0.5776672536843172,"[[6.800000000000001, 26.6, 6.2], [14.0, 31.6, 11.600000000000001], [31.0, 31.0, 6.4]]","[0.602292188297032, 1.042628233564667, 0.662862872981692]",,uniform
sample_1697,2,shallow,uniform,ellipsoid+sphere,2,2,2,0,0,0,0,1.0,1.0,0.3796486853766708,,w/o source-relative query cue,0.5183941382997413,0.350319785434736,0.9964788732394436,True,2,12.655433615645101,0.8901387732095972,"[[15.8, 20.8, 8.200000000000001], [26.200000000000003, 28.0, 8.6]]","[0.761395480685521, 0.8553671670094056]",,uniform
sample_1717,3,medium,uniform,ellipsoid+irregular,3,3,3,0,0,0,0,1.0,1.0,0.429816165636463,,w/o source-relative query cue,0.7200144074919799,0.7801990502831067,0.6684500919580514,True,3,11.953242237987148,0.45198792791491155,"[[28.8, 23.8, 6.2], [10.600000000000001, 34.6, 6.6000000000000005], [20.8, 15.0, 5.0]]","[1.4746636239480428, 0.6665301557597703, 1.0822464492461146]",,uniform
sample_1718,3,medium,uniform,ellipsoid+irregular,3,2,2,1,0,1,0,0.6666666666666666,1.0,0.5111564927417923,,w/o source-relative query cue,0.6309446152891527,0.7130019657401622,0.5658253941726192,False,3,6.805879810869421,0.6669860748031634,"[[29.0, 31.8, 10.600000000000001], [8.200000000000001, 24.400000000000002, 10.4], [13.4, 26.6, 6.6000000000000005]]","[1.218692713464038, 1.4732807772943888, 0.982657762730538]",,uniform
sample_1729,2,deep,uniform,ellipsoid,2,2,2,0,0,0,0,1.0,1.0,0.6432109853895568,,w/o source-relative query cue,0.7857482831306277,0.6895810955965036,0.9130847029078492,True,2,17.62498226949463,0.5207596662815704,"[[9.4, 34.4, 6.800000000000001], [25.200000000000003, 26.6, 6.4]]","[1.3729027946325287, 0.7149524011698711]",,uniform
sample_1731,2,shallow,uniform,sphere,2,2,2,0,0,0,0,1.0,1.0,0.4716042059715744,,w/o source-relative query cue,0.7240298867199132,0.6204047914090315,0.8692129629632153,True,2,8.027452896155792,0.69130054445513,"[[19.6, 30.400000000000002, 12.8], [17.8, 22.6, 13.4]]","[1.4825683146009276, 1.0249002830755458]",,uniform
sample_1734,2,deep,uniform,ellipsoid+irregular,2,2,2,0,0,0,0,1.0,1.0,0.4831086740138975,,w/o source-relative query cue,0.7658587155058667,0.7594478167223815,0.7723787712837076,True,2,7.531268153505093,0.8343735085691213,"[[21.0, 32.800000000000004, 3.8000000000000003], [22.400000000000002, 30.400000000000002, 10.8]]","[0.8745086006510592, 0.7296668093990968]",,uniform
sample_1741,3,deep,uniform,irregular,3,3,3,0,0,0,0,1.0,1.0,0.4080499061718435,,w/o source-relative query cue,0.5914018477733499,0.9446271929825067,0.430445101386755,True,3,6.624198064671676,0.5622079859326863,"[[17.0, 24.400000000000002, 10.200000000000001], [29.6, 35.0, 7.4], [17.400000000000002, 31.0, 10.600000000000001]]","[1.5082777616550225, 0.8479658026071304, 0.9678324023151414]",,uniform
sample_1760,3,shallow,uniform,ellipsoid+irregular,3,3,3,0,0,0,0,1.0,1.0,0.5685927031595123,,w/o source-relative query cue,0.7823417705055066,0.875720691864262,0.7069581570288167,True,3,11.023611023616537,0.7831997127421805,"[[25.400000000000002, 26.400000000000002, 7.6000000000000005], [18.400000000000002, 34.800000000000004, 9.0], [9.4, 26.200000000000003, 5.800000000000001]]","[1.5426168065573536, 1.3474983254573587, 1.7205041109366932]",,uniform
sample_1765,1,medium,uniform,ellipsoid,1,1,1,0,0,0,0,1.0,1.0,0.59607783520827,,w/o source-relative query cue,0.7468089159841176,0.9974554707379168,0.5968331303291741,True,1,,1.0,"[[18.400000000000002, 25.6, 13.200000000000001]]",[0.7871770905043158],,uniform
sample_1787,2,deep,uniform,sphere,2,1,1,1,0,0,0,0.5,1.0,0.8480291638186375,,w/o source-relative query cue,0.8522037779051491,0.9695233133629344,0.7602124183011434,False,2,24.358981916328116,0.8121512189182276,"[[21.200000000000003, 7.2, 4.800000000000001], [6.6000000000000005, 26.400000000000002, 8.200000000000001]]","[0.7033162733467372, 0.8659917721770376]",,uniform
sample_1809,1,medium,uniform,ellipsoid,1,1,1,0,0,0,0,1.0,1.0,0.7387783433595557,,w/o source-relative query cue,0.8497671324019629,0.8558027338517076,0.8438160676534834,True,1,,1.0,"[[20.0, 19.6, 9.600000000000001]]",[1.4780278447684223],,uniform
sample_1811,2,shallow,uniform,sphere,2,2,2,0,0,0,0,1.0,1.0,0.5162812098792545,,w/o source-relative query cue,0.6924897247479808,0.5653853976006046,0.8933161953729221,True,2,12.671227249165726,0.8624015812725802,"[[25.400000000000002, 32.6, 4.6000000000000005], [18.6, 22.0, 6.0]]","[1.7865028414124633, 1.5406828753820658]",,uniform
sample_1812,1,shallow,uniform,ellipsoid,1,1,1,0,0,0,0,1.0,1.0,0.6559291772057729,,w/o source-relative query cue,0.791947515053567,0.9408498825539816,0.6837368094353788,True,1,,1.0,"[[23.8, 24.0, 9.200000000000001]]",[1.1777911011485207],,uniform
sample_1815,3,medium,uniform,ellipsoid+irregular+sphere,3,2,2,1,0,1,0,0.6666666666666666,1.0,0.1994278854827003,,w/o source-relative query cue,0.3324858649871618,0.1999543587406663,0.9860454647760836,False,3,6.131883886702357,0.8790388477208405,"[[17.8, 35.6, 9.0], [18.6, 19.0, 9.600000000000001], [11.8, 34.4, 9.4]]","[1.435930504548855, 1.5035710909714557, 1.6335233741624906]",,uniform
sample_1826,2,shallow,uniform,sphere,2,2,2,0,0,0,0,1.0,1.0,0.677471968779543,,w/o source-relative query cue,0.8075224686997727,0.7342465753427168,0.8970452446907928,True,2,14.05560386465128,0.3831943711865958,"[[15.200000000000001, 29.0, 8.200000000000001], [28.6, 32.0, 5.2]]","[0.6184797090265906, 1.6140104227298866]",,uniform
sample_1837,2,shallow,uniform,irregular+sphere,2,2,2,0,0,0,0,1.0,1.0,0.6711744110018765,,w/o source-relative query cue,0.8362690322856501,0.7346021279786193,0.9705969705969996,True,2,20.631044568804555,0.48347632700912585,"[[28.400000000000002, 27.400000000000002, 7.4], [8.4, 26.6, 12.4]]","[1.5825776531738274, 0.7651388309632043]",,uniform
sample_1839,1,deep,uniform,irregular,1,1,1,0,0,0,0,1.0,1.0,0.8039028529006257,,w/o source-relative query cue,0.8912928449644945,0.8376616200686952,0.9522613065327232,True,1,,1.0,"[[6.4, 26.6, 8.200000000000001]]",[1.586155194203797],,uniform
sample_1843,1,medium,uniform,ellipsoid,1,1,1,0,0,0,0,1.0,1.0,0.5553701772679875,,w/o source-relative query cue,0.7141803553471577,0.5602187861580307,0.9848372781065368,True,1,,1.0,"[[20.8, 30.6, 4.800000000000001]]",[1.7749462630664552],,uniform
sample_1858,3,medium,uniform,ellipsoid+irregular,3,3,2,1,1,1,0,0.6666666666666666,0.6666666666666666,0.5375126442354807,,w/o source-relative query cue,0.6800406831971942,0.5425901052161567,0.9107562235791872,False,3,7.194442299441978,0.6344538156634492,"[[27.200000000000003, 28.0, 6.4], [20.400000000000002, 29.6, 11.4], [25.8, 34.0, 13.200000000000001]]","[0.7484512751223317, 0.8532956845164261, 1.1796781052371403]",,uniform
sample_1863,2,shallow,uniform,ellipsoid+sphere,2,2,2,0,0,0,0,1.0,1.0,0.4443208013840156,,w/o source-relative query cue,0.5394134135505986,0.3809753742159527,0.9234550561799544,True,2,11.016351483136331,0.5217782047181909,"[[22.6, 29.6, 3.6], [15.200000000000001, 23.0, 8.4]]","[0.8663435665337733, 1.6603674869893807]",,uniform
sample_1865,2,deep,uniform,ellipsoid+sphere,2,2,2,0,0,0,0,1.0,1.0,0.7255470604004245,,w/o source-relative query cue,0.8230485422846622,0.729014481609811,0.9449335548173214,True,2,14.601369798755183,0.6539346467752807,"[[13.0, 34.4, 10.200000000000001], [26.8, 30.400000000000002, 7.6000000000000005]]","[0.9955064435263994, 0.6509961545099519]",,uniform
sample_1869,3,deep,uniform,ellipsoid+irregular+sphere,2,1,1,1,0,1,0,0.5,1.0,0.5629723560740553,,w/o source-relative query cue,0.7528426802838961,0.7756637709532757,0.7313260656401157,False,3,3.2124756808418033,0.8561473285375342,"[[22.6, 24.0, 10.8], [22.8, 26.0, 4.4], [25.200000000000003, 23.0, 9.200000000000001]]","[1.2653667317544226, 1.0833403470118195, 1.2191178963587306]",,uniform
sample_1881,2,deep,uniform,ellipsoid+sphere,2,2,2,0,0,0,0,1.0,1.0,0.2576290828473175,,w/o source-relative query cue,0.4295957284519987,0.2735574120854152,1.0,True,2,14.328991590478376,0.8418388597940771,"[[25.6, 12.4, 7.4], [24.6, 26.0, 11.8]]","[0.9263453015044815, 0.7798334723941333]",,uniform
sample_1885,3,shallow,uniform,ellipsoid+sphere,3,3,3,0,0,0,0,1.0,1.0,0.4804127628923141,,w/o source-relative query cue,0.627280885432358,0.9015477214102308,0.4809633027525317,True,3,6.289674077406554,0.622173536031906,"[[10.200000000000001, 30.200000000000003, 15.200000000000001], [25.0, 31.6, 6.4], [13.0, 29.6, 9.600000000000001]]","[0.8548102284093998, 1.3739096552727115, 1.0958587549634293]",,uniform
sample_1893,1,medium,uniform,irregular,1,1,1,0,0,0,0,1.0,1.0,0.4232145635599813,,w/o source-relative query cue,0.5947955390336788,0.423280423280872,1.0,True,1,,1.0,"[[15.200000000000001, 29.8, 9.200000000000001]]",[1.585495280331956],,uniform
sample_1894,1,medium,uniform,ellipsoid,1,1,1,0,0,0,0,1.0,1.0,0.315310763011622,,w/o source-relative query cue,0.4794467921632889,0.315310763012314,1.0,True,1,,1.0,"[[22.200000000000003, 24.0, 5.800000000000001]]",[1.6732339554886937],,uniform
sample_1904,1,deep,uniform,sphere,1,1,1,0,0,0,0,1.0,1.0,0.5613202981318363,,w/o source-relative query cue,0.7190774381550505,0.5631737399246739,0.994341563786018,True,1,,1.0,"[[18.2, 25.8, 4.800000000000001]]",[0.9033663754969741],,uniform
sample_1927,3,medium,uniform,irregular+sphere,3,2,2,1,0,1,0,0.6666666666666666,1.0,0.2922439269624148,,w/o source-relative query cue,0.4429263992951504,0.2867127879614244,0.9731299927379008,False,3,4.166533331199932,0.4581275322371762,"[[10.4, 34.800000000000004, 8.200000000000001], [14.4, 35.800000000000004, 8.8], [21.200000000000003, 22.0, 6.800000000000001]]","[1.476998009572352, 1.2903902592137755, 0.6766534532446028]",,uniform
sample_1944,2,medium,uniform,irregular+sphere,2,2,2,0,0,0,0,1.0,1.0,0.5584643456244467,,w/o source-relative query cue,0.7493542393620568,0.7035398230091019,0.801551139117982,True,2,11.074294559925704,0.8652735517941249,"[[23.6, 28.0, 4.4], [13.0, 31.200000000000003, 4.6000000000000005]]","[0.9637592747552945, 1.113820332029058]",,uniform
sample_1989,2,medium,uniform,ellipsoid+sphere,2,2,2,0,0,0,0,1.0,1.0,0.5901416322900803,,w/o source-relative query cue,0.7141667297647353,0.9314635591547868,0.5790766208256642,True,2,22.02362368003958,0.8034103913921298,"[[10.600000000000001, 25.0, 6.4], [30.200000000000003, 34.800000000000004, 8.6]]","[1.031949535270025, 1.2844612744949542]",,uniform
sample_1993,3,deep,uniform,ellipsoid+sphere,3,2,2,1,0,1,0,0.6666666666666666,1.0,0.457003088026715,,w/o source-relative query cue,0.6747815443202629,0.6408964670931726,0.7124497415280641,False,3,6.251399843235115,0.5848849697653535,"[[14.200000000000001, 26.8, 11.600000000000001], [29.200000000000003, 29.400000000000002, 10.600000000000001], [13.4, 26.8, 5.4]]","[0.9900800953124718, 0.8232294697208896, 1.4075066248516457]",,uniform
sample_2021,3,shallow,uniform,ellipsoid+irregular,3,2,2,1,0,1,0,0.6666666666666666,1.0,0.53434734585047,,w/o source-relative query cue,0.6858325801091392,0.8305204434716259,0.5840782677793087,False,3,6.660330322138685,0.47573478459760465,"[[15.600000000000001, 21.400000000000002, 6.0], [20.0, 29.200000000000003, 7.4], [13.4, 29.6, 8.200000000000001]]","[0.6397838985848951, 0.6731947902467124, 1.3448331282440273]",,uniform
sample_2024,2,deep,uniform,irregular,2,1,1,1,0,1,0,0.5,1.0,0.3311238324796625,,w/o source-relative query cue,0.7162225338944537,0.7280792079210074,0.7047458406810514,False,2,5.868560300448484,0.6308049372547393,"[[15.8, 25.400000000000002, 9.200000000000001], [21.0, 23.8, 7.0]]","[1.5593161266153333, 0.9836243114098884]",,uniform
sample_2044,2,medium,uniform,ellipsoid+sphere,2,2,2,0,0,0,0,1.0,1.0,0.4327983188943894,,w/o source-relative query cue,0.6887105403962667,0.8818854480682875,0.5649578651693031,True,2,29.697811367169802,0.4073552397960525,"[[15.600000000000001, 4.800000000000001, 15.4], [12.8, 32.4, 4.800000000000001]]","[1.613387480306622, 0.6572218439242529]",,uniform
sample_2059,3,shallow,uniform,ellipsoid+irregular,3,3,3,0,0,0,0,1.0,1.0,0.5504840058639887,,w/o source-relative query cue,0.7623200280932454,0.9694105388508713,0.6281346450619077,True,3,11.766052864066184,0.5494612196253774,"[[29.8, 26.0, 11.8], [17.0, 24.0, 8.200000000000001], [15.200000000000001, 35.6, 7.4]]","[0.9490864367034164, 0.6502297873175711, 1.1833952317160756]",,uniform
sample_2067,3,medium,uniform,ellipsoid+irregular,3,3,3,0,0,0,0,1.0,1.0,0.4904289073403269,,w/o source-relative query cue,0.6421093803926001,0.8019540229886196,0.5353950044125636,True,3,10.669582934679314,0.7274754645132535,"[[28.6, 33.800000000000004, 8.8], [7.4, 35.800000000000004, 6.4], [15.8, 29.6, 8.6]]","[1.5975235899943905, 1.1621592157020495, 1.1798135910300105]",,uniform
sample_2069,2,shallow,uniform,ellipsoid+sphere,2,2,2,0,0,0,0,1.0,1.0,0.4325351814823297,,w/o source-relative query cue,0.6439723844930196,0.5703668861716177,0.7393902439027568,True,2,16.773789077009408,0.8690555929410789,"[[18.8, 19.0, 9.0], [9.0, 32.6, 8.4]]","[0.8983600403727567, 1.0337198766910929]",,uniform
sample_2070,2,deep,uniform,irregular+sphere,2,2,2,0,0,0,0,1.0,1.0,0.582841101452519,,w/o source-relative query cue,0.8304107711533719,0.7279666407521889,0.9664102082942706,True,2,10.495713410721539,0.7615384332518227,"[[24.0, 33.4, 14.0], [16.2, 26.8, 11.600000000000001]]","[1.3039984698388514, 0.993044951683853]",,uniform
sample_2072,3,shallow,uniform,ellipsoid+sphere,3,2,2,1,0,1,0,0.6666666666666666,1.0,0.5610925097884137,,w/o source-relative query cue,0.6839876310837308,0.7202010192527462,0.6512416794677092,False,3,4.690415759823431,0.6578092328373906,"[[21.8, 34.0, 4.2], [24.8, 35.2, 7.6000000000000005], [14.0, 30.400000000000002, 4.6000000000000005]]","[1.3531917858208564, 1.1218199042314079, 0.890142050512676]",,uniform
sample_2077,3,medium,uniform,ellipsoid+irregular+sphere,3,3,3,0,0,0,0,1.0,1.0,0.4758347256581823,,w/o source-relative query cue,0.605841276313878,0.6373873873875818,0.5772705196699479,True,3,7.9548727205405365,0.6505902502542552,"[[24.400000000000002, 34.800000000000004, 12.0], [18.0, 24.6, 9.4], [17.8, 35.4, 7.6000000000000005]]","[1.7702803120676727, 1.6612309316711555, 1.151727111248288]",,uniform
sample_2079,2,medium,uniform,ellipsoid+sphere,2,2,2,0,0,0,0,1.0,1.0,0.3442524315403227,,w/o source-relative query cue,0.5009214273751876,0.3518474935286516,0.8691860465120081,True,2,18.58709229546138,0.3471666397797968,"[[11.600000000000001, 31.200000000000003, 15.0], [27.0, 30.8, 4.6000000000000005]]","[1.7492428154942115, 0.6072787504140764]",,uniform
sample_2086,1,medium,uniform,sphere,1,1,1,0,0,0,0,1.0,1.0,0.7321639150943396,,w/o source-relative query cue,0.8453748617140283,0.9841489994056188,0.7409009546543244,True,1,,1.0,"[[10.0, 31.400000000000002, 13.600000000000001]]",[1.1524756221848498],,uniform
sample_2087,2,shallow,uniform,ellipsoid+irregular,2,2,2,0,0,0,0,1.0,1.0,0.3956062061751327,,w/o source-relative query cue,0.5933117583605458,0.4322011699996226,0.9459201223008868,True,2,7.769169839822015,0.8546772608723772,"[[20.0, 28.6, 3.8000000000000003], [24.6, 23.0, 6.6000000000000005]]","[1.2364115989148057, 1.0567328786713424]",,uniform
sample_2111,2,medium,uniform,ellipsoid+sphere,2,1,1,1,0,0,0,0.5,1.0,0.7859277809192988,,w/o source-relative query cue,0.868350589075389,0.805914512922626,0.9412732198142983,False,2,5.495452665613634,0.901282071088409,"[[18.8, 24.200000000000003, 10.600000000000001], [15.4, 28.400000000000002, 9.600000000000001]]","[0.7495917486651118, 0.8316949517922703]",,uniform
sample_2119,2,shallow,uniform,ellipsoid+sphere,2,2,2,0,0,0,0,1.0,1.0,0.7002175160336931,,w/o source-relative query cue,0.8428295965821608,0.94003542211357,0.7638432017545478,True,2,14.715977711317722,0.5823731681258241,"[[9.8, 32.4, 11.4], [22.8, 25.8, 9.4]]","[0.7796606904284455, 1.3387647870823554]",,uniform
sample_2121,2,shallow,uniform,ellipsoid,2,3,2,0,1,0,0,1.0,0.6666666666666666,0.6106438224196439,,w/o source-relative query cue,0.7582722255331905,0.9666380392416156,0.6238062755799694,False,2,13.125547607623844,0.8818858815143926,"[[27.8, 26.0, 8.4], [14.8, 25.8, 6.6000000000000005]]","[0.8807627587763427, 0.9987264534316829]",,uniform
sample_2129,3,medium,uniform,ellipsoid+irregular+sphere,2,2,2,0,0,0,0,1.0,1.0,0.4639380902850772,,w/o source-relative query cue,0.7045914648960626,0.9063541666667644,0.5763014968872856,True,3,3.2186953878862177,0.7661480639500602,"[[8.6, 33.4, 7.6000000000000005], [11.200000000000001, 34.0, 5.800000000000001], [18.400000000000002, 34.6, 4.0]]","[1.264770292274958, 1.4724340501610187, 1.6508170571548941]",,uniform
sample_2166,3,medium,uniform,ellipsoid+irregular+sphere,3,2,2,1,0,1,0,0.6666666666666666,1.0,0.3516157150350273,,w/o source-relative query cue,0.5888105726874058,0.5729595336080479,0.6055636100039818,False,3,4.1999999999999975,0.5220395296252011,"[[21.400000000000002, 24.0, 8.8], [18.400000000000002, 34.0, 6.800000000000001], [19.8, 31.200000000000003, 4.0]]","[0.7916137385309312, 0.7953972604542314, 1.5163865830223073]",,uniform
sample_2167,1,shallow,uniform,ellipsoid,1,1,1,0,0,0,0,1.0,1.0,0.4607788924875582,,w/o source-relative query cue,0.6309015196584117,0.4613620185086914,0.9974350205198402,True,1,,1.0,"[[20.400000000000002, 29.0, 8.200000000000001]]",[1.0937482882763123],,uniform
sample_2172,1,shallow,uniform,ellipsoid,1,1,1,0,0,0,0,1.0,1.0,0.6943897637795275,,w/o source-relative query cue,0.8197768998374275,0.6996231654108491,0.9897586980920458,True,1,,1.0,"[[15.0, 25.6, 8.8]]",[1.1509062964318826],,uniform
sample_2175,2,shallow,uniform,irregular+sphere,2,1,1,1,0,1,0,0.5,1.0,0.3582042364843503,,w/o source-relative query cue,0.6736385161801673,0.5619444749264106,0.8407486455428653,False,2,6.572670690061991,0.8488627094381835,"[[18.2, 26.0, 5.800000000000001], [12.200000000000001, 23.6, 4.6000000000000005]]","[1.5970936105864684, 1.3557132095088407]",,uniform
sample_2196,3,shallow,uniform,ellipsoid+sphere,3,3,3,0,0,0,0,1.0,1.0,0.610788654462988,,w/o source-relative query cue,0.7046998098344848,0.5919671382934824,0.8704697986579355,True,3,10.892199043352083,0.5291334153045232,"[[28.200000000000003, 32.6, 13.0], [8.200000000000001, 33.2, 10.0], [22.200000000000003, 26.8, 6.0]]","[0.6491210485068806, 0.9389026081297526, 1.2267625323441402]",,uniform
sample_2199,2,medium,uniform,irregular+sphere,2,2,2,0,0,0,0,1.0,1.0,0.696091122119797,,w/o source-relative query cue,0.8331868959458287,0.8150285468722358,0.8521727967136196,True,2,13.770983988081609,0.6407698019377251,"[[21.0, 25.0, 12.200000000000001], [9.4, 32.2, 14.0]]","[1.3924090915391287, 0.8922136978018154]",,uniform
sample_2202,2,medium,uniform,irregular+sphere,2,2,2,0,0,0,0,1.0,1.0,0.4181210958079325,,w/o source-relative query cue,0.6057344915061835,0.4544405997699486,0.908043327955962,True,2,13.093509842666327,0.8760511989490445,"[[28.0, 30.200000000000003, 11.600000000000001], [18.2, 35.6, 4.800000000000001]]","[0.8670777821756374, 0.9897569722132997]",,uniform
sample_2207,2,deep,uniform,ellipsoid+sphere,2,2,2,0,0,0,0,1.0,1.0,0.7412626383991077,,w/o source-relative query cue,0.8163028577455361,0.8243876464325618,0.808375104427936,True,2,12.247448713915894,0.5821646830866765,"[[16.2, 29.0, 8.4], [23.6, 35.800000000000004, 15.4]]","[0.8546195609856395, 1.4680031025832567]",,uniform
sample_2208,3,medium,uniform,ellipsoid+irregular,3,2,1,2,1,1,0,0.3333333333333333,0.5,0.3947100020398449,,w/o source-relative query cue,0.6651081239042648,0.795411561549383,0.5714876521330666,False,3,8.390470785361213,0.39256892676374794,"[[21.0, 23.400000000000002, 9.200000000000001], [18.8, 34.2, 6.4], [26.8, 31.8, 5.6000000000000005]]","[1.457104949785898, 0.6155164164897325, 1.5679193500206825]",,uniform
sample_2209,1,deep,uniform,sphere,1,1,1,0,0,0,0,1.0,1.0,0.5175654508838666,,w/o source-relative query cue,0.6820996756121482,0.5179131213619369,0.998704663212438,True,1,,1.0,"[[18.8, 27.8, 11.8]]",[1.0517264260892725],,uniform
sample_2225,3,shallow,uniform,ellipsoid+sphere,3,3,3,0,0,0,0,1.0,1.0,0.6456889482523894,,w/o source-relative query cue,0.8074808127738974,0.87435521874809,0.7501092657344023,True,3,9.99599919967984,0.5663287734850372,"[[11.4, 5.0, 7.4], [15.200000000000001, 26.6, 7.4], [22.6, 30.6, 12.8]]","[1.6198329410863086, 1.762301602492303, 0.9980421050501815]",,uniform
sample_2234,2,deep,uniform,ellipsoid+sphere,2,2,2,0,0,0,0,1.0,1.0,0.7944364045053951,,w/o source-relative query cue,0.878747840227727,0.8103092783506932,0.9598134991119452,True,2,5.7965506984757775,0.9853373014514328,"[[29.400000000000002, 34.2, 6.2], [27.400000000000002, 29.8, 9.4]]","[0.9316993771825679, 0.9180381500770521]",,uniform
sample_2259,2,medium,uniform,ellipsoid+sphere,2,2,2,0,0,0,0,1.0,1.0,0.6542248682729761,,w/o source-relative query cue,0.8829975554244782,0.8330682360427604,0.9392934002869984,True,2,13.69379421489895,0.9945712152642139,"[[12.200000000000001, 27.6, 6.0], [25.0, 28.400000000000002, 10.8]]","[0.7460993090231187, 0.7501718304052394]",,uniform
sample_2263,2,medium,uniform,irregular+sphere,2,2,2,0,0,0,0,1.0,1.0,0.5529006517941678,,w/o source-relative query cue,0.698166605143535,0.5363962941959383,0.9996476391825236,True,2,8.802272433866154,0.6849581987347181,"[[28.0, 28.8, 7.0], [26.8, 34.0, 14.0]]","[1.5876657320417116, 1.0874846600121284]",,uniform
sample_2266,2,deep,uniform,ellipsoid+sphere,2,2,2,0,0,0,0,1.0,1.0,0.3619031216910967,,w/o source-relative query cue,0.5303738317760057,0.3609540636048047,0.9995107632093946,True,2,8.930845424706442,0.3863287899029743,"[[21.200000000000003, 28.400000000000002, 10.4], [16.2, 35.4, 8.0]]","[0.6308638882859036, 1.6329714605125436]",,uniform
sample_2270,3,deep,uniform,irregular+sphere,3,2,2,1,0,1,0,0.6666666666666666,1.0,0.2902398899380266,,w/o source-relative query cue,0.5015494636475951,0.5302419354846603,0.4758028041618033,False,3,4.064480286580315,0.41730383770842294,"[[21.8, 30.0, 5.800000000000001], [11.8, 25.200000000000003, 5.800000000000001], [22.200000000000003, 26.0, 5.2]]","[1.6321230494017165, 0.6810912121277103, 1.3016803739251026]",,uniform
sample_2271,3,shallow,uniform,ellipsoid+irregular,3,3,2,1,1,1,0,0.6666666666666666,0.6666666666666666,0.4335163328041802,,w/o source-relative query cue,0.6759358288771291,0.7088039734040625,0.6459808717239937,False,3,4.45869936192159,0.39515756437490585,"[[25.200000000000003, 25.6, 9.4], [15.0, 25.6, 7.0], [16.6, 28.0, 3.6]]","[0.6334413120170943, 1.6030094552767227, 1.3230042930518051]",,uniform
sample_2281,2,deep,uniform,ellipsoid+sphere,2,3,2,0,1,0,1,1.0,0.6666666666666666,0.4874012394936656,,w/o source-relative query cue,0.6576064798457075,0.95802645125528,0.5006207581528305,False,2,13.001538370516009,0.42742123405132265,"[[15.600000000000001, 30.6, 4.0], [24.400000000000002, 34.800000000000004, 12.600000000000001]]","[0.6903675512310186, 1.61519245239024]",,uniform
sample_2293,1,deep,uniform,ellipsoid,1,1,1,0,0,0,0,1.0,1.0,0.8296189244694607,,w/o source-relative query cue,0.9067852985199124,0.921341669483,0.892681728880245,True,1,,1.0,"[[24.6, 32.2, 9.0]]",[1.262710825695367],,uniform
sample_2299,1,medium,uniform,irregular,1,1,1,0,0,0,0,1.0,1.0,0.4084455324357405,,w/o source-relative query cue,0.5799947857829321,0.4084955318895721,0.999700419412823,True,1,,1.0,"[[23.0, 35.800000000000004, 13.200000000000001]]",[1.1278463696106746],,uniform
sample_2306,3,shallow,uniform,irregular+sphere,3,3,3,0,0,0,0,1.0,1.0,0.3833036817855892,,w/o source-relative query cue,0.5508884625011365,0.9131577127844064,0.394415409885204,True,3,6.529931086925802,0.8493920031609223,"[[20.0, 33.4, 9.0], [6.4, 35.4, 6.4], [21.8, 28.0, 5.800000000000001]]","[1.2866201587052246, 1.3547803578998643, 1.150739602039637]",,uniform
sample_2323,3,shallow,uniform,ellipsoid+irregular,3,3,3,0,0,0,0,1.0,1.0,0.5965512929977536,,w/o source-relative query cue,0.76375525068807,0.939472612502576,0.6434124742880301,True,3,5.830951894845299,0.6242537401920346,"[[23.200000000000003, 33.2, 5.2], [6.4, 32.6, 7.2], [6.4, 27.200000000000003, 5.0]]","[1.6121257714487371, 1.1168038959827902, 1.7890223543382149]",,uniform
sample_2357,3,medium,uniform,ellipsoid+irregular+sphere,3,2,2,1,0,1,0,0.6666666666666666,1.0,0.5129568024646849,,w/o source-relative query cue,0.7637247619691526,0.7586530721761748,0.768864717879151,False,3,5.429548784199289,0.47135777950986685,"[[6.4, 35.4, 6.0], [8.200000000000001, 32.2, 10.0], [25.200000000000003, 27.0, 12.4]]","[1.1114354251994143, 1.6505343344256103, 0.7779921988796517]",,uniform
sample_2361,2,shallow,uniform,ellipsoid+sphere,2,2,2,0,0,0,0,1.0,1.0,0.6641951820652243,,w/o source-relative query cue,0.8731692115924458,0.8265486725664996,0.92536327608989,True,2,10.091580649234293,0.9192623350611916,"[[23.200000000000003, 29.8, 6.0], [13.4, 27.400000000000002, 5.800000000000001]]","[1.4423550541013457, 1.5690353004676667]",,uniform
sample_2372,3,deep,uniform,ellipsoid+sphere,2,2,2,0,0,0,0,1.0,1.0,0.3513677144553668,,w/o source-relative query cue,0.5210295673200418,0.3671991480302682,0.8966712898753525,True,3,2.891366458960192,0.526465860539217,"[[27.8, 24.6, 8.0], [21.0, 31.8, 13.0], [23.0, 29.8, 12.4]]","[0.7334812279904681, 1.2341888229673263, 1.393217078196147]",,uniform
sample_2375,2,medium,uniform,ellipsoid+irregular,2,2,2,0,0,0,0,1.0,1.0,0.5078609331935596,,w/o source-relative query cue,0.6840686622217038,0.5537754809075202,0.8945366849087334,True,2,10.303397497913005,0.9003802748308155,"[[12.600000000000001, 29.6, 11.4], [21.6, 29.200000000000003, 6.4]]","[1.5948241180084195, 1.7712783838007695]",,uniform
sample_2378,3,shallow,uniform,ellipsoid+sphere,3,3,3,0,0,0,0,1.0,1.0,0.5558529721804498,,w/o source-relative query cue,0.7073577946031033,0.8119261966308834,0.6266510731978353,True,3,6.203224967708327,0.38978078901902924,"[[16.0, 29.0, 6.4], [14.200000000000001, 32.0, 15.0], [20.8, 25.200000000000003, 7.4]]","[1.5812886341788333, 0.6163559314970487, 1.0173485551469734]",,uniform
sample_2385,2,deep,uniform,irregular,2,2,2,0,0,0,0,1.0,1.0,0.4388202714576192,,w/o source-relative query cue,0.6207082995407581,0.5309079697864484,0.7470715835146484,True,2,29.21095684841563,0.873650350820992,"[[20.200000000000003, 4.6000000000000005, 15.200000000000001], [26.6, 33.0, 12.8]]","[1.755810975672818, 1.5339648748719057]",,uniform
sample_2409,2,shallow,uniform,ellipsoid+sphere,2,2,2,0,0,0,0,1.0,1.0,0.3663393008301115,,w/o source-relative query cue,0.5399667613791134,0.3699404980537942,0.9992063492063508,True,2,14.963956696007914,0.5379342174743773,"[[25.200000000000003, 32.800000000000004, 6.4], [11.200000000000001, 28.200000000000003, 9.0]]","[0.8049422974148364, 1.496358237247061]",,uniform
sample_2413,3,shallow,uniform,ellipsoid+irregular,3,3,3,0,0,0,0,1.0,1.0,0.4006485962050043,,w/o source-relative query cue,0.5340724316335794,0.6345275728840581,0.4610770801432739,True,3,5.560575509783139,0.46390596614451124,"[[18.400000000000002, 26.200000000000003, 7.800000000000001], [22.0, 31.200000000000003, 12.0], [16.0, 21.6, 5.800000000000001]]","[1.0668151099098018, 0.8196449336975191, 1.7668342153681027]",,uniform
sample_2418,1,deep,uniform,sphere,1,1,1,0,0,0,0,1.0,1.0,0.6328593455542231,,w/o source-relative query cue,0.7752360965374866,0.65752936988313,0.9442740286299992,True,1,,1.0,"[[16.400000000000002, 18.8, 9.600000000000001]]",[1.3868993262533207],,uniform
sample_2435,1,shallow,uniform,irregular,1,1,1,0,0,0,0,1.0,1.0,0.4358892777601018,,w/o source-relative query cue,0.6072695035463894,0.4360280076390451,1.0,True,1,,1.0,"[[13.4, 35.2, 6.2]]",[1.3183757334028874],,uniform
sample_2440,2,deep,uniform,ellipsoid,2,1,1,1,0,1,0,0.5,1.0,0.5803578404562857,,w/o source-relative query cue,0.7577063618477665,0.6951177582949156,0.8326812191105512,False,2,8.084553172563094,0.4982514557972689,"[[22.0, 27.400000000000002, 6.4], [14.8, 24.8, 9.0]]","[1.4110467976205143, 0.7030561211124956]",,uniform
sample_2442,3,medium,uniform,ellipsoid+irregular+sphere,3,3,2,1,1,0,0,0.6666666666666666,0.6666666666666666,0.458522999487898,,w/o source-relative query cue,0.6796349844156072,0.5941952853111865,0.7937719298247423,False,3,8.2,0.7151489859736667,"[[6.6000000000000005, 32.4, 6.2], [24.0, 34.2, 10.600000000000001], [14.4, 30.0, 5.4]]","[1.3712870500189656, 1.0421837479808127, 1.4572959878589384]",,uniform
sample_2453,1,medium,uniform,ellipsoid,1,1,1,0,0,0,0,1.0,1.0,0.6850669670797347,,w/o source-relative query cue,0.8130153777581064,0.999087091473436,0.68537074148336,True,1,,1.0,"[[7.2, 22.400000000000002, 8.6]]",[0.9371360234283901],,uniform
sample_2472,2,medium,uniform,ellipsoid+sphere,2,2,2,0,0,0,0,1.0,1.0,0.645950349880265,,w/o source-relative query cue,0.7745210973165346,0.7549696415206231,0.7951121233358487,True,2,11.532562594670797,0.6407062497624233,"[[11.600000000000001, 30.6, 13.0], [16.400000000000002, 24.6, 4.4]]","[0.987369448587723, 1.541064175593486]",,uniform
sample_2477,2,medium,uniform,ellipsoid+irregular,2,1,1,1,0,1,0,0.5,1.0,0.4704112337011033,,w/o source-relative query cue,0.7145818935729884,0.7736741290555647,0.663875905285498,False,2,9.4424573072903,0.7057348693024033,"[[17.8, 20.6, 9.0], [9.0, 21.0, 5.6000000000000005]]","[1.4515590632036188, 1.0244158457547248]",,uniform
sample_2478,3,medium,uniform,ellipsoid+irregular+sphere,3,2,2,1,0,0,0,0.6666666666666666,1.0,0.5921569225397263,,w/o source-relative query cue,0.7515592239709782,0.9601925946019528,0.6174072297564133,False,3,5.145872132107444,0.542759220973009,"[[18.2, 22.8, 14.200000000000001], [24.400000000000002, 35.800000000000004, 11.4], [19.400000000000002, 27.8, 14.0]]","[1.4355853405728738, 0.7791771810896048, 1.2456556535905239]",,uniform
sample_2483,3,medium,uniform,ellipsoid+irregular+sphere,3,3,3,0,0,0,0,1.0,1.0,0.5917716587552243,,w/o source-relative query cue,0.7809036193796725,0.8770953138383231,0.703725519069502,True,3,14.195774019052289,0.607999962230681,"[[14.8, 34.0, 5.4], [7.2, 22.400000000000002, 9.200000000000001], [23.0, 23.200000000000003, 9.600000000000001]]","[1.1952381542861819, 0.7267047526626674, 1.0093453847935634]",,uniform
sample_2494,3,deep,uniform,irregular+sphere,1,1,1,0,0,0,0,1.0,1.0,0.34962689121654,,w/o source-relative query cue,0.5179586038963485,0.725039056952528,0.4028884855185834,True,3,3.7788887255382364,0.5931558129448137,"[[24.200000000000003, 27.200000000000003, 5.4], [20.0, 28.0, 5.6000000000000005], [24.0, 25.200000000000003, 8.6]]","[1.2036883194234727, 1.170764634686452, 0.7139747236398065]",,uniform
sample_2505,3,medium,uniform,ellipsoid+sphere,3,1,1,2,0,1,0,0.3333333333333333,1.0,0.3266846007479824,,w/o source-relative query cue,0.6780821917809392,0.6673838209985173,0.6891291469196615,False,3,4.586937976471885,0.4707189005964269,"[[23.200000000000003, 26.6, 9.4], [24.400000000000002, 25.200000000000003, 5.2], [15.0, 26.8, 4.2]]","[1.11866449047251, 1.5484092666235312, 0.7288655076583482]",,uniform
sample_2533,1,deep,uniform,irregular,1,1,1,0,0,0,0,1.0,1.0,0.7074709742554266,,w/o source-relative query cue,0.8286770140429943,0.7094406479375988,0.996090973702921,True,1,,1.0,"[[30.200000000000003, 26.400000000000002, 7.800000000000001]]",[1.136857211087526],,uniform
sample_2536,3,shallow,uniform,ellipsoid+irregular,3,3,3,0,0,0,0,1.0,1.0,0.4220392488664211,,w/o source-relative query cue,0.7360682022604763,0.9245505452402746,0.6114215176717701,True,3,4.770744176750624,0.5770324008746088,"[[10.8, 23.400000000000002, 8.8], [9.4, 27.8, 10.0], [29.6, 30.400000000000002, 10.0]]","[0.9914327464911183, 1.5200446746231375, 1.7181578451892863]",,uniform
sample_2584,1,deep,uniform,irregular,1,1,1,0,0,0,0,1.0,1.0,0.7174938667673146,,w/o source-relative query cue,0.835604395604486,0.7291207210665173,0.9785098442929114,True,1,,1.0,"[[10.200000000000001, 23.8, 9.8]]",[1.617970915881631],,uniform
sample_2589,3,shallow,uniform,ellipsoid+sphere,3,3,3,0,0,0,0,1.0,1.0,0.6327733610506815,,w/o source-relative query cue,0.7834263277537427,0.7520830577967517,0.8174956871766694,True,3,7.238784428341543,0.6383940428614563,"[[13.200000000000001, 28.200000000000003, 11.4], [10.4, 31.200000000000003, 5.2], [12.200000000000001, 24.200000000000003, 4.800000000000001]]","[1.617602334350174, 1.046129085823935, 1.0326676939679367]",,uniform
sample_2600,1,shallow,uniform,sphere,1,1,1,0,0,0,0,1.0,1.0,0.6368576491435322,,w/o source-relative query cue,0.7782028148684387,0.6376108811358514,0.9983333333333364,True,1,,1.0,"[[11.4, 26.200000000000003, 5.800000000000001]]",[1.0237991573172958],,uniform
sample_2603,1,deep,uniform,ellipsoid,1,1,1,0,0,0,0,1.0,1.0,0.7833220441032588,,w/o source-relative query cue,0.8785243964207841,0.8406300484653954,0.9199964639321784,True,1,,1.0,"[[25.400000000000002, 27.8, 8.6]]",[1.6478760640125079],,uniform
sample_2614,3,medium,uniform,sphere,3,3,3,0,0,0,0,1.0,1.0,0.5802143575050182,,w/o source-relative query cue,0.5611653699721011,0.5075356822043042,0.6274679170784458,True,3,12.504399225872472,0.7058631577808646,"[[6.2, 26.400000000000002, 12.600000000000001], [17.400000000000002, 23.0, 8.200000000000001], [27.8, 33.2, 9.0]]","[1.2446562483738703, 1.446950234457336, 1.7633109684983364]",,uniform
sample_2643,1,deep,uniform,ellipsoid,1,1,1,0,0,0,0,1.0,1.0,0.7816484395838891,,w/o source-relative query cue,0.8774703557312621,0.8803172314348232,0.874641833810963,True,1,,1.0,"[[12.600000000000001, 24.0, 8.6]]",[0.7008361408932688],,uniform
sample_2650,3,medium,uniform,ellipsoid+sphere,3,3,3,0,0,0,0,1.0,1.0,0.3697364961220526,,w/o source-relative query cue,0.5466802463749229,0.377469693925807,0.9908579465541651,True,3,11.803389343743602,0.474045818272544,"[[7.0, 24.6, 10.8], [17.2, 28.8, 6.6000000000000005], [28.6, 35.6, 8.4]]","[0.7395872304864053, 1.4413908613330386, 1.5601598030787671]",,uniform
sample_2655,1,shallow,uniform,ellipsoid,1,1,1,0,0,0,0,1.0,1.0,0.4712041884816754,,w/o source-relative query cue,0.640569395018022,0.4712041884821697,1.0,True,1,,1.0,"[[8.0, 23.8, 10.4]]",[1.2449382698480764],,uniform
sample_2676,3,shallow,uniform,ellipsoid+sphere,3,4,2,1,2,0,0,0.6666666666666666,0.5,0.5423915453327304,,w/o source-relative query cue,0.5402594367187448,0.5305255910035224,0.5503571428576781,False,3,7.984985911070852,0.5186445584447641,"[[6.6000000000000005, 21.8, 8.4], [14.4, 23.400000000000002, 7.800000000000001], [26.0, 30.8, 7.2]]","[0.9742125822535426, 1.579228533910304, 0.8190582856532818]",,uniform
sample_2682,2,medium,uniform,irregular,2,2,2,0,0,0,0,1.0,1.0,0.7244683020698476,,w/o source-relative query cue,0.8588995349708627,0.9128300384769054,0.8109860317087222,True,2,12.796874618437114,0.7473162113671269,"[[16.8, 22.6, 7.6000000000000005], [20.200000000000003, 34.2, 11.8]]","[1.2881258006349108, 1.7236690186051717]",,uniform
sample_2684,3,medium,uniform,ellipsoid+irregular,3,3,3,0,0,0,0,1.0,1.0,0.7104114823345262,,w/o source-relative query cue,0.8442186447940735,0.8737408932531684,0.8166262064066454,True,3,8.260750571225357,0.7182451389144682,"[[28.0, 34.800000000000004, 8.8], [26.200000000000003, 26.8, 7.800000000000001], [7.2, 33.6, 6.800000000000001]]","[1.487671331372563, 1.0689265394202758, 1.4882475098067713]",,uniform
sample_2698,2,deep,uniform,ellipsoid,2,2,2,0,0,0,0,1.0,1.0,0.7674031602962896,,w/o source-relative query cue,0.8866746307558954,0.9185981098110269,0.8568954659950373,True,2,14.97464523786791,0.682784449003112,"[[9.0, 30.0, 7.0], [22.8, 35.2, 4.4]]","[1.1242284667285865, 0.7676057142088913]",,uniform
sample_2702,2,deep,uniform,ellipsoid+irregular,2,2,2,0,0,0,0,1.0,1.0,0.4129991735624755,,w/o source-relative query cue,0.5914321632341248,0.4871754022630442,0.7524606299218689,True,2,11.095945205344158,0.34728070044301773,"[[15.8, 25.0, 15.0], [12.4, 28.400000000000002, 5.0]]","[0.605862638390845, 1.7445905793727103]",,uniform
sample_2711,3,deep,uniform,ellipsoid+sphere,3,2,2,1,0,1,0,0.6666666666666666,1.0,0.5451381175933312,,w/o source-relative query cue,0.7885368009090429,0.7825106489602967,0.7946564885497489,False,3,7.0823724838503095,0.7637034517445336,"[[20.400000000000002, 33.2, 11.200000000000001], [21.6, 25.6, 8.200000000000001], [16.400000000000002, 21.0, 9.600000000000001]]","[1.6237396084358537, 1.2414769922919673, 1.6256008656973489]",,uniform
sample_2719,1,shallow,uniform,ellipsoid,1,1,1,0,0,0,0,1.0,1.0,0.6746658328773548,,w/o source-relative query cue,0.8058071141817731,0.6859799713879463,0.9763574660633751,True,1,,1.0,"[[15.8, 26.200000000000003, 3.4000000000000004]]",[0.830306660706991],,uniform
sample_2741,3,medium,uniform,ellipsoid+sphere,3,6,3,0,3,0,0,1.0,0.5,0.4300837668788351,,w/o source-relative query cue,0.7444602561497278,0.8320458056895101,0.6735579752798164,False,3,7.8204859184068605,0.6661423674744077,"[[24.0, 35.6, 13.8], [30.0, 35.2, 8.8], [11.200000000000001, 25.6, 10.0]]","[0.8991963851129259, 1.3498561704191137, 0.9442371962907601]",,uniform
sample_2745,2,medium,uniform,irregular+sphere,2,2,2,0,0,0,0,1.0,1.0,0.5639105450985645,,w/o source-relative query cue,0.8064913090295289,0.9774422073080212,0.6864362398537753,True,2,16.70449041425688,0.6627060517469979,"[[23.8, 27.200000000000003, 4.2], [11.0, 32.0, 13.8]]","[1.731514492215109, 1.1474851326785829]",,uniform
sample_2747,2,shallow,uniform,irregular+sphere,2,2,2,0,0,0,0,1.0,1.0,0.589613679581444,,w/o source-relative query cue,0.7451590325842814,0.8613033707866415,0.6566161858427626,True,2,11.649892703368558,0.5104570300145019,"[[10.8, 31.0, 10.200000000000001], [14.200000000000001, 20.6, 6.2]]","[0.8737943867754308, 1.7117883296672525]",,uniform
sample_2751,2,medium,uniform,sphere,2,2,2,0,0,0,0,1.0,1.0,0.6126236439770563,,w/o source-relative query cue,0.774806024646383,0.6350441418527345,0.9934456928839028,True,2,12.014990636700473,0.7769923590898792,"[[10.4, 29.6, 10.8], [21.8, 33.2, 9.600000000000001]]","[1.1165397144954536, 0.8675428267833627]",,uniform
sample_2759,1,medium,uniform,irregular,1,1,1,0,0,0,0,1.0,1.0,0.7428870919436957,,w/o source-relative query cue,0.852588614393189,0.7505295007566184,0.9867727498756969,True,1,,1.0,"[[9.0, 28.6, 10.0]]",[1.2875864257193264],,uniform
sample_2769,3,shallow,uniform,ellipsoid+sphere,3,2,2,1,0,1,0,0.6666666666666666,1.0,0.415718998260516,,w/o source-relative query cue,0.6032094466733771,0.7519343272317871,0.5036021233572399,False,3,5.986651818838307,0.36383801626970225,"[[24.0, 34.2, 6.2], [18.400000000000002, 25.200000000000003, 14.4], [23.200000000000003, 23.6, 11.200000000000001]]","[0.6536902484476546, 1.7966518593897938, 1.5569033473640652]",,uniform
sample_2771,1,shallow,uniform,ellipsoid,1,1,1,0,0,0,0,1.0,1.0,0.8770272848692997,,w/o source-relative query cue,0.9344312290332584,0.9253070263741064,0.9437371663244642,True,1,,1.0,"[[8.200000000000001, 33.6, 11.4]]",[1.4984542278582929],,uniform
sample_2784,1,deep,uniform,sphere,1,1,1,0,0,0,0,1.0,1.0,0.5041322314049587,,w/o source-relative query cue,0.6704279015242743,0.5074312333634566,0.9876943005181612,True,1,,1.0,"[[20.200000000000003, 28.6, 7.0]]",[1.664776590578517],,uniform
sample_2799,3,medium,uniform,ellipsoid+sphere,3,2,2,1,0,1,0,0.6666666666666666,1.0,0.6914386643685642,,w/o source-relative query cue,0.8412729175550056,0.8814881000732017,0.8045670225386977,False,3,5.3404119691274765,0.492952028010857,"[[25.8, 32.2, 11.600000000000001], [8.0, 30.0, 6.0], [12.8, 29.200000000000003, 8.200000000000001]]","[1.586268383361978, 0.7819542165477906, 0.8521199138159894]",,uniform
sample_2804,2,medium,uniform,irregular+sphere,2,2,2,0,0,0,0,1.0,1.0,0.5521611242500926,,w/o source-relative query cue,0.7344241326015379,0.9656622284513444,0.5925352597182726,True,2,13.056798995159573,0.4763147602099538,"[[25.6, 31.6, 12.8], [14.8, 29.400000000000002, 5.800000000000001]]","[1.7251081247899092, 0.8216944627955486]",,uniform
sample_2833,3,medium,uniform,irregular+sphere,3,3,2,1,1,0,0,0.6666666666666666,0.6666666666666666,0.6362705364372948,,w/o source-relative query cue,0.7446985713372127,0.7080034108908416,0.7854054054056954,False,3,4.967896939349688,0.671006650800728,"[[25.6, 31.0, 6.800000000000001], [8.8, 31.400000000000002, 4.6000000000000005], [7.800000000000001, 30.6, 9.4]]","[1.0909819322349088, 1.075593494205639, 0.7320561324330529]",,uniform
sample_2844,2,medium,uniform,ellipsoid+irregular,2,2,2,0,0,0,0,1.0,1.0,0.6760063885680867,,w/o source-relative query cue,0.8032145960035465,0.813701041513999,0.7929949964261666,True,2,11.694443124834976,0.8416627704434195,"[[10.8, 26.8, 10.200000000000001], [19.8, 33.800000000000004, 7.6000000000000005]]","[1.1088403880269935, 0.9332696729663557]",,uniform
sample_2850,3,deep,uniform,ellipsoid+irregular,2,2,2,0,0,0,0,1.0,1.0,0.6602254079425414,,w/o source-relative query cue,0.7761774280428637,0.7169248074761111,0.8461067143222639,True,3,5.051732376126036,0.5250410669393165,"[[17.400000000000002, 30.6, 4.6000000000000005], [19.400000000000002, 30.0, 9.200000000000001], [8.4, 35.0, 10.0]]","[1.467141564408056, 0.7703095723278237, 1.1581705147691306]",,uniform
sample_2872,1,medium,uniform,irregular,1,1,1,0,0,0,0,1.0,1.0,0.5366838487972508,,w/o source-relative query cue,0.6984961144967303,0.5370991316313841,0.9985613810741713,True,1,,1.0,"[[24.8, 35.800000000000004, 6.0]]",[1.003467328222372],,uniform
sample_2873,2,shallow,uniform,irregular,2,2,2,0,0,0,0,1.0,1.0,0.3839110962566845,,w/o source-relative query cue,0.4914207275227424,0.3323662527569543,0.942415268180512,True,2,21.723719755143225,0.6321625876787,"[[16.6, 5.4, 14.8], [23.6, 25.8, 12.200000000000001]]","[0.8112719145823291, 1.2833279450486277]",,uniform
sample_2874,1,medium,uniform,irregular,1,1,1,0,0,0,0,1.0,1.0,0.5464147400539843,,w/o source-relative query cue,0.7066858920849156,0.5464788732399689,0.9997852694867946,True,1,,1.0,"[[28.400000000000002, 35.6, 9.600000000000001]]",[0.9021430520182152],,uniform
sample_2887,2,shallow,uniform,ellipsoid+irregular,2,2,2,0,0,0,0,1.0,1.0,0.698286737840323,,w/o source-relative query cue,0.8245867515612038,0.8372370580337972,0.812313036765506,True,2,14.330387294138287,0.47945054893229655,"[[10.0, 24.6, 10.0], [23.8, 23.200000000000003, 6.4]]","[1.3744918176273966, 0.6590008564644053]",,uniform
sample_2909,2,deep,uniform,irregular,2,2,2,0,0,0,0,1.0,1.0,0.5498818673777499,,w/o source-relative query cue,0.7008091572923573,0.968498568116754,0.5490529570933325,True,2,10.592450141492291,0.535926810894824,"[[20.200000000000003, 30.200000000000003, 6.4], [20.400000000000002, 19.8, 8.4]]","[0.8120645688851269, 1.5152527404427527]",,uniform
sample_2932,2,medium,uniform,ellipsoid+sphere,2,2,2,0,0,0,0,1.0,1.0,0.5572836026942953,,w/o source-relative query cue,0.7572549808815628,0.9737087258048094,0.6195337197052032,True,2,18.85099466871709,0.5091572528659022,"[[10.200000000000001, 26.8, 5.800000000000001], [24.6, 35.2, 14.600000000000001]]","[1.4343350597743336, 0.7303020987239492]",,uniform
sample_2934,1,deep,uniform,irregular,1,1,1,0,0,0,0,1.0,1.0,0.4600312895775907,,w/o source-relative query cue,0.630166343504628,0.999514405956621,0.4601341281673173,True,1,,1.0,"[[9.8, 31.8, 13.600000000000001]]",[1.7996255159731653],,uniform
sample_2936,1,deep,uniform,ellipsoid,1,1,1,0,0,0,0,1.0,1.0,0.2491667624410987,,w/o source-relative query cue,0.3989327445032671,0.2491667624419616,1.0,True,1,,1.0,"[[15.600000000000001, 20.200000000000003, 9.200000000000001]]",[1.6880940566239442],,uniform
sample_2945,3,deep,uniform,ellipsoid+sphere,3,3,3,0,0,0,0,1.0,1.0,0.6140648870564176,,w/o source-relative query cue,0.7773391812867125,0.6490478515629283,0.9688411078717768,True,3,6.1546730213716465,0.8045936253157889,"[[8.0, 33.0, 11.8], [6.6000000000000005, 30.400000000000002, 6.4], [24.400000000000002, 25.6, 11.200000000000001]]","[1.522715026877869, 1.6462604381270443, 1.3245706541265976]",,uniform
sample_2948,2,deep,uniform,ellipsoid+sphere,2,2,2,0,0,0,0,1.0,1.0,0.7348567670553587,,w/o source-relative query cue,0.8297257613793256,0.7467814817974706,0.93339727195233,True,2,16.830923919975397,0.65862136935213,"[[28.400000000000002, 26.400000000000002, 13.0], [12.600000000000001, 32.2, 13.0]]","[1.090465063684906, 1.6556782309653424]",,uniform
sample_2951,1,shallow,uniform,irregular,1,1,1,0,0,0,0,1.0,1.0,0.3562630117973629,,w/o source-relative query cue,0.5253933734172155,0.3562939186263933,1.0,True,1,,1.0,"[[27.400000000000002, 28.400000000000002, 9.200000000000001]]",[1.3267852644454674],,uniform
sample_2956,2,deep,uniform,ellipsoid+irregular,2,2,2,0,0,0,0,1.0,1.0,0.4575825338699848,,w/o source-relative query cue,0.6502380285636725,0.5061580381476771,0.9089841456255452,True,2,17.590906741836815,0.8606003253399439,"[[22.200000000000003, 28.8, 6.800000000000001], [25.8, 11.600000000000001, 7.6000000000000005]]","[1.0330194219914623, 0.8890168506483332]",,uniform
sample_2961,2,medium,uniform,irregular,2,1,1,1,0,1,0,0.5,1.0,0.2493504083147735,,w/o source-relative query cue,0.5483288606979515,0.5683220390416017,0.5296945701361899,False,2,6.6992536897776915,0.9313310731596424,"[[13.8, 28.400000000000002, 15.8], [15.200000000000001, 27.0, 9.4]]","[1.1343033265643547, 1.2179378088568513]",,uniform
sample_2977,1,medium,uniform,irregular,1,1,1,0,0,0,0,1.0,1.0,0.5754470354491269,,w/o source-relative query cue,0.7305190495156442,0.8754374801147384,0.6267653758546391,True,1,,1.0,"[[7.0, 25.6, 9.0]]",[1.04808546513789],,uniform
sample_2987,3,deep,uniform,ellipsoid+sphere,3,1,1,2,0,1,0,0.3333333333333333,1.0,0.1871091871091871,,w/o source-relative query cue,0.489399643352689,0.3713838936673053,0.7173559479557186,False,3,4.935585071701225,0.5179209750973441,"[[7.6000000000000005, 27.400000000000002, 7.0], [10.8, 30.8, 8.6], [12.600000000000001, 27.0, 4.0]]","[1.262598714383567, 0.6539263573101901, 1.029631156111859]",,uniform
sample_2993,3,deep,uniform,irregular+sphere,3,3,3,0,0,0,0,1.0,1.0,0.593272115686816,,w/o source-relative query cue,0.7405374499715606,0.765303710706966,0.7173238812586206,True,3,5.9497899122574065,0.747183922268748,"[[28.6, 32.6, 6.6000000000000005], [15.0, 30.8, 9.8], [13.0, 34.0, 5.2]]","[1.2070833939683512, 1.2225851641135126, 0.9134959782299152]",,uniform
