sample_id,num_foci,depth_tier,source_type,shape_set,shape_class,has_sphere,has_ellipsoid,has_irregular,dice,iou,precision,recall,nrmse,psnr,ssim,cle,ple,cnr,flops_g,volume_error,assd,hd95,inference_time_ms,peak_gpu_memory_mb,pred_positive_count,gt_positive_count,method
sample_0002,1,shallow,uniform,ellipsoid,ellipsoid,0,1,0,0.8898951616873112,0.8016316396206423,0.8576036429182643,0.9247135842881294,0.0207648687064647,33.65341671857551,0.9962921920256708,0.3024771863751271,3.5496478698597698,3.8500010640226585,,0.0782528641571194,0.1438348294509964,0.4354101966249685,32351.557097004843,3734.8515625,10541,9776,SSQ-FMT
sample_0006,1,deep,uniform,sphere,sphere,1,0,0,0.916049030786833,0.8451019066405718,0.9418229777257592,0.8916481687015931,0.0146128982305526,36.70527272355231,0.997918310401768,0.1593422983508171,2.209072203437452,3.4524073635187484,,0.053274139844617,0.0927868000392656,0.282842712474619,3523.700658995949,3734.6015625,6824,7208,SSQ-FMT
sample_0022,2,shallow,uniform,irregular,irregular,0,0,1,0.6420919974797467,0.4728538283067537,0.4743064606223474,0.9935647425897162,0.0349418744444847,29.133076203642165,0.9925118297348016,0.5926967104820225,1.3416407864998738,13.3761377581449,,1.094773790951638,0.3873288248131313,0.8246211251235323,3613.878336000198,3734.9765625,10742,5128,SSQ-FMT
sample_0032,1,shallow,uniform,irregular,irregular,0,0,1,0.904883081155466,0.8262890158890748,0.9310735262897664,0.8801257609205431,0.0239981599152088,32.39644082088799,0.9957922224083748,0.2718078236107716,1.019803902718557,2.91618403570639,,0.0547193792226904,0.1353864563288351,0.4898979485566356,3334.7165989980567,3735.3515625,14131,14949,SSQ-FMT
sample_0038,2,deep,uniform,irregular+sphere,mixed_two_shape,1,0,1,0.8499488551420844,0.7390530925015469,0.8350985697720641,0.8653368581271607,0.0275758486241102,31.18942222716539,0.9938634485713878,0.5871445466159162,17.075128110793194,2.9061856926189398,,0.0362092445726187,0.2011857343362238,0.6000000000000001,3447.3068670049543,3734.1640625,12935,12483,SSQ-FMT
sample_0079,2,medium,uniform,ellipsoid,ellipsoid,0,1,0,0.6839412565793058,0.5196890032444794,0.5496007098494236,0.9052026500390636,0.0400931499898433,27.938596035789097,0.9882281201155106,0.4255001881618254,4.33589667773576,3.7658135643712938,,0.6470187061574435,0.4123482457341059,0.938083151964686,3448.896134999813,3735.1015625,16905,10264,SSQ-FMT
sample_0096,2,medium,uniform,ellipsoid+sphere,mixed_two_shape,1,1,0,0.8356892457311796,0.7177544677547418,0.9476788920236628,0.7473705501620678,0.0214077606797218,33.388574802648165,0.9954245845229194,1.1202869049997095,11.113955191559846,2.0675905130006846,,0.2113673139158576,0.1716457042890155,0.4898979485566356,3392.5934479993884,3734.6015625,7798,9888,SSQ-FMT
sample_0100,2,shallow,uniform,sphere,sphere,1,0,0,0.4234596654674746,0.2686005909222823,0.2686005909222823,1.0,0.034645278006792,29.207118942413903,0.9935537467093094,0.4746653598861098,1.7663521732655696,26.150187835809096,,2.723,0.6088520265442596,1.0392304845413265,3418.642835997161,3734.9765625,7446,2000,SSQ-FMT
sample_0108,1,deep,uniform,ellipsoid,ellipsoid,0,1,0,0.634927901121747,0.4651240778005825,1.0,0.4651240778005825,0.037946630269289,28.416534868282326,0.9931291793741543,0.0677710626960679,3.111269837220809,1.0648960078569532,,0.5348759221998659,0.5299387817889808,0.8246211251235323,3301.032406001468,3735.3515625,5548,11928,SSQ-FMT
sample_0113,3,medium,uniform,ellipsoid,ellipsoid,0,1,0,0.6857579877636932,0.5217897323166665,0.6047661870509521,0.7917974882264682,0.0242556855082511,32.303728583713195,0.9921987260059452,1.4025456864589427,2.078460969082653,2.559842735686434,,0.3092621664050236,0.2526698986925972,0.632455532033676,3285.138108003593,3734.1640625,6672,5096,SSQ-FMT
sample_0122,3,deep,uniform,ellipsoid+sphere,mixed_two_shape,1,1,0,0.6915035762007029,0.5284718885154203,0.6214154541604595,0.7794117647060778,0.042914755642414,27.34786762812085,0.9901428516487129,1.0507969857122696,4.147288270665545,2.0463128015746177,,0.2542523033309709,0.3623986246518108,1.0,3404.963162000058,3735.1015625,14158,11288,SSQ-FMT
sample_0128,3,deep,uniform,ellipsoid+sphere,mixed_two_shape,1,1,0,0.8573063352300272,0.7502503616336095,0.9065546218488024,0.813133140376379,0.0251017771661281,32.0059105129678,0.9921855101549288,0.7377429813849455,7.597367965289032,2.4594613109580648,,0.1030511336227689,0.1528694177852157,0.447213595499958,3345.582050998928,3734.6015625,14875,16584,SSQ-FMT
sample_0130,2,shallow,uniform,ellipsoid+sphere,mixed_two_shape,1,1,0,0.9066380133715934,0.8292203537892233,0.9578708375378936,0.8606074342703302,0.015619670972228,36.126562931220654,0.9971387220787332,0.2306901289308655,0.916515138991168,2.7275908546732786,,0.1015412511332728,0.2299110215140017,2.1633307652783937,3391.742861997045,3734.9765625,7928,8824,SSQ-FMT
sample_0158,1,medium,uniform,irregular,irregular,0,0,1,0.8821954484606214,0.7892215568865881,0.8308717579253767,0.9402772115777818,0.0157589204609394,36.04947019089825,0.9979558176330944,0.3019774778082355,1.077032961426901,4.587376224809406,,0.1316754993885038,0.1258556277551458,0.447213595499958,3344.202309999673,3735.3515625,5552,4906,SSQ-FMT
sample_0163,3,deep,uniform,ellipsoid+sphere,mixed_two_shape,1,1,0,0.7785094992183738,0.637343883329736,0.6849520633599959,0.9016681299386504,0.0284593719989061,30.91549387118605,0.9918123150430668,1.797698318085736,16.71645895517349,3.359187490923057,,0.3163959613696225,0.2263265088438527,0.5656854249492381,3291.617976996349,3734.1640625,11995,9112,SSQ-FMT
sample_0180,1,medium,uniform,sphere,sphere,1,0,0,0.6212534059948729,0.4505928853761727,0.4505928853761727,1.0,0.0313609726727008,30.07220923042944,0.9946765249293762,0.1561523455298244,0.8717797887081349,31.81352683350999,,1.219298245614035,0.4890175623051918,0.8246211251235323,3426.7706419996102,3735.1015625,8096,3648,SSQ-FMT
sample_0187,3,medium,uniform,ellipsoid+sphere,mixed_two_shape,1,1,0,0.8387824126268608,0.7223300970874642,0.9793973839274608,0.7334752128193123,0.0429681912064552,27.33705817333967,0.9877123450918291,2.371742275694124,12.734205903785286,1.9158130602217531,,0.2510953930896344,0.2547437035685421,0.916515138991168,3278.741349000484,3734.6015625,23929,31952,SSQ-FMT
sample_0189,3,shallow,uniform,irregular+sphere,mixed_two_shape,1,0,1,0.8265684715597327,0.7044028147586039,0.7918225547836495,0.8645037054327686,0.0332432724535465,29.565924452239297,0.9884805987052352,1.064289230167211,12.497999839974396,2.993344576216157,,0.0917896948123942,0.279995582442393,0.7211102550927979,3309.4507599962526,3734.9765625,18710,17137,SSQ-FMT
sample_0192,3,medium,uniform,ellipsoid+irregular,mixed_two_shape,0,1,1,0.6262897730001313,0.4559111235330799,0.4705415735202491,0.9361549497848836,0.0353532955050468,29.031402130501416,0.9889337302614905,0.3178268314630271,8.67179335547152,3.837937451951753,,0.9895265423242467,0.3884855778372486,0.8485281374238571,3372.3849410016555,3735.3515625,13867,6970,SSQ-FMT
sample_0207,2,medium,uniform,irregular+sphere,mixed_two_shape,1,0,1,0.7960532498042926,0.6612030388179513,0.9086813501144818,0.7082659829442571,0.0369192101061344,28.654952128476644,0.9914291004024564,0.1944499147565746,7.851114570556209,1.685216193666933,,0.2205562677665682,0.4328376385813526,0.7211102550927979,3375.45151100494,3734.1640625,13984,17941,SSQ-FMT
sample_0234,3,deep,uniform,ellipsoid+sphere,mixed_two_shape,1,1,0,0.6218870296175576,0.4512598335426683,0.4677934050351803,0.9273664479850896,0.0420296899974346,27.52887623396077,0.9888024241834324,1.486429443288534,1.8110770276274837,3.710997981848087,,0.982427366447985,0.5866456180052849,1.897366596101028,3309.7704280007747,3735.1015625,16922,8536,SSQ-FMT
sample_0240,2,deep,uniform,ellipsoid+sphere,mixed_two_shape,1,1,0,0.8426555531184314,0.7280940046751355,0.9706080512043368,0.7445090439278136,0.0319374538958072,29.91399363869298,0.9932676046636708,2.652390446927671,15.269577597301112,2.010254777046073,,0.2329457364341085,0.1931112252209445,0.447213595499958,3341.760814000736,3734.6015625,11874,15480,SSQ-FMT
sample_0248,3,deep,uniform,irregular,irregular,0,0,1,0.8549960797979234,0.7467189104881703,0.9459303166112736,0.7800119213193801,0.0315110720694065,30.03073658429959,0.9904481526216206,1.4662270662456898,3.0854497241083023,2.219979880461997,,0.1754023445261275,0.1961657458832381,0.5656854249492381,3307.465822006634,3734.9765625,20751,25165,SSQ-FMT
sample_0260,3,medium,uniform,sphere,sphere,1,0,0,0.4978645515561331,0.3314378554026552,0.7524898561421016,0.3719912472653428,0.0257599912583827,31.781086007950087,0.991773558607583,1.3792620647995149,7.830708780180758,0.9115859911475231,,0.5056528081692195,0.5560771340871219,1.854723699099141,3497.6474959985358,3735.3515625,5422,10968,SSQ-FMT
sample_0276,2,shallow,uniform,irregular+sphere,mixed_two_shape,1,0,1,0.8045966184713397,0.673075407769543,0.7276599369624945,0.8997261428271542,0.0249930638819932,32.04360930815967,0.9930502451886728,0.3772025626117818,12.168812596141008,3.7249901128075087,,0.2364651358752896,0.2197406496539871,0.6000000000000001,3361.8794369976968,3734.1640625,11739,9494,SSQ-FMT
sample_0280,1,shallow,uniform,irregular,irregular,0,0,1,0.4000562271585605,0.2500439290120365,0.2500439290120365,1.0,0.0304009895771741,30.342245011765694,0.9952879722936128,0.1232614815134143,1.7320508075688774,32.82699898150533,,2.999297259311314,0.7124683577235217,1.0954451150103324,3341.81397199427,3735.1015625,5691,1423,SSQ-FMT
sample_0290,3,medium,uniform,ellipsoid+irregular,mixed_two_shape,0,1,1,0.6179762227473113,0.447153104685358,0.952716417910504,0.4573016964698204,0.0452112630009651,26.89506663930971,0.9895363739764536,1.9545504118234789,14.878171930717835,1.0296890328121622,,0.5200022925263641,0.5151452021293371,2.297825058615212,3523.794150998583,3734.6015625,8375,17448,SSQ-FMT
sample_0297,1,shallow,uniform,irregular,irregular,0,0,1,0.7465009023462015,0.5955336575380116,0.9996777658431796,0.5956480000002589,0.0382247008383274,28.3531179308755,0.9927103189097758,0.4172893820748362,2.5455844122715714,1.3144184733704525,,0.40416,0.3856480566450664,0.8246211251235323,3385.1795109949308,3734.9765625,9310,15625,SSQ-FMT
sample_0300,3,shallow,uniform,ellipsoid+irregular,mixed_two_shape,0,1,1,0.6764667163984043,0.5111066905380869,0.5279452054797753,0.9412626694346792,0.0408445969223976,27.77730802746373,0.9888624528861594,1.8578605234915415,10.13903348450926,4.132142377345862,,0.7828794724630602,0.36113018962568,0.7211102550927979,3328.396156997769,3735.3515625,14600,8189,SSQ-FMT
sample_0308,2,deep,uniform,irregular,irregular,0,0,1,0.8487514049749065,0.7372442482386135,0.9378982611513792,0.7750803284543243,0.0250306203961372,32.03056758730823,0.9951409885470918,1.6465856302019843,1.9287301521985911,2.0722899995323028,,0.173598714744734,0.1661921732636438,0.6000000000000001,3580.243367003277,3734.1640625,9259,11204,SSQ-FMT
sample_0322,2,deep,uniform,irregular+sphere,mixed_two_shape,1,0,1,0.7474959672882366,0.5968012459568727,0.6283425832494776,0.9224145912416236,0.0360190458595752,28.86935599615129,0.9914490705253236,0.4052158394064781,3.4467375879228177,3.881037901708374,,0.4680122210906398,0.3295195638986893,0.7211102550927979,3469.4943650029018,3735.1015625,15856,10801,SSQ-FMT
sample_0328,1,medium,uniform,irregular,irregular,0,0,1,0.886400197995368,0.7959773308147616,0.8978440711959165,0.8752443792767898,0.0193334743380546,34.27380220562567,0.9969239192607576,0.2688430828566308,2.0,2.9757319401451365,,0.0251710654936461,0.1262960586137065,0.3464101615137755,3409.555928999908,3734.6015625,7978,8184,SSQ-FMT
sample_0335,1,shallow,uniform,ellipsoid,ellipsoid,0,1,0,0.7674376905148221,0.622636019785245,0.622636019785245,1.0,0.0234338399022817,32.60313113473902,0.9960869342264445,0.129160410411463,0.447213595499958,38.4049687100536,,0.6060747663551402,0.269098210871989,0.447213595499958,3326.4292419989943,3734.9765625,6874,4280,SSQ-FMT
sample_0347,2,deep,uniform,ellipsoid+irregular,mixed_two_shape,0,1,1,0.4745248685812024,0.3110669317437892,0.4398425787116944,0.5151448639167797,0.0286348480731248,30.862101820075203,0.9941286472339196,0.9759445691298334,4.180908992073375,1.0605489919303883,,0.1712028094820017,0.9788270786985004,3.304239436977784,3271.3107130039134,3735.3515625,5336,4556,SSQ-FMT
sample_0350,3,shallow,uniform,sphere,sphere,1,0,0,0.5609278269731518,0.3897843607063931,0.4231997162121044,0.8315520446100568,0.0305575970560312,30.29761589633577,0.9920908123563948,3.398009060576311,17.14409519338947,2.632548550046582,,0.9649163568773236,0.4489338190562343,1.50996688705415,3283.274109999184,3734.1640625,8457,4304,SSQ-FMT
sample_0378,2,deep,uniform,ellipsoid+sphere,mixed_two_shape,1,1,0,0.7811087538051005,0.6408354775241102,0.8710141946102952,0.7080267558530869,0.0245689768344163,32.192258541623275,0.9936631391187136,0.2114663693184665,2.7568097504180447,1.813659403361959,,0.187123745819398,0.2538323789740032,0.692820323027551,3282.4628710004617,3735.1015625,9722,11960,SSQ-FMT
sample_0382,2,shallow,uniform,irregular+sphere,mixed_two_shape,1,0,1,0.7159985683610272,0.5576306620215224,0.5643159379413761,0.9791972589329928,0.0258207954466342,31.76060786715765,0.9949016573474498,0.6747768370442255,0.5656854249492381,7.000350439433593,,0.7351933431228586,0.2660483711127637,0.632455532033676,3266.7508809972787,3734.6015625,7090,4086,SSQ-FMT
sample_0386,3,deep,uniform,irregular+sphere,mixed_two_shape,1,0,1,0.6096795095451281,0.4385172438521269,0.5906325446648086,0.6299958796872372,0.0320529900491237,29.88262914983737,0.9885423059683932,2.112073087850823,0.4,1.7466771890282229,,0.0666460651009476,0.4588504764546961,1.5231546211727818,3489.0365510000265,3734.9765625,10355,9708,SSQ-FMT
sample_0396,3,deep,uniform,ellipsoid,ellipsoid,0,1,0,0.6443109632255978,0.4752645671302593,0.702970297029983,0.5946873005746691,0.0311942528933286,30.11850806331494,0.9907433669731132,1.1132317369345917,3.249615361854384,1.2829723970966036,,0.1540363752393108,0.6554813298859591,3.2802438933713454,3425.5336089991038,3735.3515625,10605,12536,SSQ-FMT
sample_0397,3,medium,uniform,ellipsoid,ellipsoid,0,1,0,0.6243704993647929,0.4538798412484919,0.935939043318843,0.4684322033902058,0.0306716002523899,30.265271247366705,0.9913472043367594,0.3892953942895872,5.1536394906900505,1.0426295668539836,,0.4995056497175141,0.5542969842258568,1.019803902718557,3430.5472360065323,3734.1640625,7087,14160,SSQ-FMT
sample_0401,3,deep,uniform,irregular+sphere,mixed_two_shape,1,0,1,0.6808043875686854,0.5160753880269057,0.5228052661137313,0.9756637168141876,0.0349424853920936,29.13292398615576,0.9866903494665982,1.4860414368474144,10.194115949899729,5.221339790579541,,0.866208663251048,0.3789691176243846,0.8485281374238571,3363.867845997447,3735.1015625,16027,8588,SSQ-FMT
sample_0409,2,medium,uniform,irregular+sphere,mixed_two_shape,1,0,1,0.6902909447533898,0.5270567092656478,0.5359935018788343,0.9693352919574564,0.0286531616002321,30.85654882219188,0.9930801657707056,0.8721949429200857,3.560898762952972,6.886318411903753,,0.8084832904884319,0.3621582676435715,1.0,3378.3194860006915,3734.6015625,9849,5446,SSQ-FMT
sample_0418,3,medium,uniform,ellipsoid+sphere,mixed_two_shape,1,1,0,0.5280833815870217,0.3587726199851052,0.3934426229516919,0.8028169014090293,0.0281520411372184,31.009802168997407,0.993020593017996,0.6329349592483873,14.67787450552702,1.943138128382102,,1.0404929577464788,0.5203860241538661,1.4696938456699071,3308.2476389972726,3734.9765625,6954,3408,SSQ-FMT
sample_0436,2,medium,uniform,irregular,irregular,0,0,1,0.4684916963680378,0.3059021588440226,0.3059021588440226,1.0,0.038916178047657,28.197396434645363,0.991849116444858,0.6210630938695604,1.5231546211727818,16.278861701657128,,2.2690191000323727,0.5843665345312448,0.916515138991168,3293.1237390002934,3735.3515625,10098,3089,SSQ-FMT
sample_0438,2,shallow,uniform,ellipsoid+sphere,mixed_two_shape,1,1,0,0.6175514626221441,0.4467084639503852,0.4777870913668505,0.8728943338440411,0.0334345921874046,29.516079586864148,0.9924090779733252,1.092269927757994,8.97997772825746,2.9475398685888403,,0.8269525267993875,0.429355336114083,1.095445115010332,3366.6715220024344,3734.1640625,9544,5224,SSQ-FMT
sample_0447,1,shallow,uniform,sphere,sphere,1,0,0,0.9098688494094412,0.8346416382255382,0.9350028675206749,0.8860507246378876,0.0136420680209994,37.302395630277815,0.9982228547470706,0.2391661404680171,1.5748015748023625,3.244496244039374,,0.0523550724637681,0.0921761437245976,0.282842712474619,3359.814021998318,3735.1015625,5231,5520,SSQ-FMT
sample_0449,2,deep,uniform,sphere,sphere,1,0,0,0.7809661781914632,0.6406435688823103,0.6496709001579218,0.9787709497207,0.0283899810165166,30.93669804436141,0.9936957190340008,0.1836682799358185,10.14692071517266,7.491302676641715,,0.5065642458100559,0.2651073265932308,0.7211102550927979,3356.7790369997965,3734.6015625,10787,7160,SSQ-FMT
sample_0456,3,medium,uniform,ellipsoid+sphere,mixed_two_shape,1,1,0,0.644314338703355,0.4752682403436292,0.7677441719388441,0.5550751879702036,0.0454529784619808,26.848752487062537,0.9887243498630448,1.1026942991259534,2.734958866235469,1.2078361920113665,,0.2770050125313283,0.463261907047251,1.2000000000000002,3330.466423998587,3734.9765625,11539,15960,SSQ-FMT
sample_0458,1,deep,uniform,irregular,irregular,0,0,1,0.8835725677832034,0.791428571428922,0.9034919416732472,0.8645125757300083,0.0157700777053833,36.04332260828384,0.9978826831443944,0.1104499163479989,0.4898979485566356,2.8730629898873814,,0.0431430145033963,0.1130716024071093,0.3464101615137755,3412.896328001807,3735.3515625,5212,5447,SSQ-FMT
sample_0469,3,shallow,uniform,ellipsoid+sphere,mixed_two_shape,1,1,0,0.692207190121089,0.5292942313892818,0.6078010509957754,0.8038371182460808,0.0322587676346302,29.827044604364065,0.989737120502174,0.3236040665448006,15.556349186104049,2.190059473800348,,0.3225332811276429,0.3404325112845715,0.894427190999916,3303.183588999673,3734.1640625,13511,10216,SSQ-FMT
sample_0472,1,shallow,uniform,ellipsoid,ellipsoid,0,1,0,0.8790746582545198,0.7842401500939705,0.977823523907572,0.7984413202935525,0.0244196355342865,32.2452170488772,0.9956981560730084,0.1972848104922367,4.651881339845203,2.2531919152161937,,0.183450488997555,0.1686999447147491,0.4898979485566356,3347.9348299952107,3735.1015625,10687,13088,SSQ-FMT
sample_0473,3,medium,uniform,ellipsoid+irregular,mixed_two_shape,0,1,1,0.7592015968064834,0.6118653883278992,0.6805267301226076,0.8584454274624371,0.0329958349466323,29.63081759316044,0.9906609235723708,0.727455632617608,21.091230405075947,2.9776961040037686,,0.2614426288706328,0.2826468270206479,0.7306376828845045,3515.9454319946235,3734.6015625,13973,11077,SSQ-FMT
sample_0511,2,deep,uniform,ellipsoid+irregular,mixed_two_shape,0,1,1,0.7933257032710118,0.6574480830674346,0.7899472168908469,0.7967332123414437,0.025992888957262,31.70290846292687,0.9946352799614864,2.548678844421452,10.881176406988356,2.220031051035729,,0.0085904416212946,0.2106892036304209,0.4898979485566356,3358.75835200568,3734.9765625,8336,8265,SSQ-FMT
sample_0521,3,medium,uniform,ellipsoid+sphere,mixed_two_shape,1,1,0,0.8116117608686401,0.6829516938521935,0.7250853384399925,0.9215873015873846,0.0259824376553297,31.7064020532336,0.9934503019070708,0.3087995609718464,15.182885101323794,3.919937288011037,,0.271005291005291,0.2200952713854908,0.4898979485566356,3337.431389998528,3735.3515625,12011,9450,SSQ-FMT
sample_0525,3,medium,uniform,ellipsoid+irregular,mixed_two_shape,0,1,1,0.5552012514291829,0.3842758390943747,0.4666262135927724,0.6852814495771792,0.0365861020982265,28.733677388281837,0.990774194224803,7.567636764000301,1.2328828005937953,1.5215862771736597,,0.4685875538392989,4.7941259459362415,28.83088620974173,3275.359925995872,3734.1640625,9888,6733,SSQ-FMT
sample_0535,2,medium,uniform,ellipsoid+sphere,mixed_two_shape,1,1,0,0.8250636857914813,0.702219921040902,0.784412955465743,0.870157991819817,0.0288041010499,30.81091342930939,0.993313920587386,0.2310642841851121,4.3220365569948616,3.0807589694302138,,0.1093110915069372,0.2363100747898802,0.6000000000000001,3281.4086060025147,3735.1015625,13832,12469,SSQ-FMT
sample_0536,2,deep,uniform,sphere,sphere,1,0,0,0.756917331522868,0.6089034548687575,0.6520912547533605,0.9019012944985804,0.0237958841025829,32.469963116676645,0.9954406192068678,2.959850457772683,18.57525235360209,3.62302442689612,,0.3830906148867314,0.2498625069193882,0.7483314773547883,3253.03871199867,3734.6015625,6838,4944,SSQ-FMT
sample_0541,1,shallow,uniform,irregular,irregular,0,0,1,0.8667374312459069,0.7648160762946784,0.8658183921344403,0.8676584234933005,0.016347786411643,35.730820054886905,0.9975711629771696,0.2512789772992421,3.3105890714493698,2.9501838890637324,,0.0021251931993817,0.1340595983873778,0.3464101615137755,3421.368078001251,3734.9765625,5187,5176,SSQ-FMT
sample_0566,3,medium,uniform,irregular+sphere,mixed_two_shape,1,0,1,0.6029715229056062,0.4316100443133861,0.5166978224627309,0.72383041970435,0.0461362972855567,26.719145160532936,0.9860361635029724,0.7784367058617931,5.126402247190519,1.690795227726894,,0.4008776275744922,0.492022933406713,1.82208671582886,3443.438212001638,3735.3515625,19793,14129,SSQ-FMT
sample_0585,2,deep,uniform,ellipsoid+sphere,mixed_two_shape,1,1,0,0.5194493006995633,0.3508487084875639,0.998739495798322,0.3510041346726587,0.0376132987439632,28.493171205982865,0.9911549142561308,2.3824827853146022,12.84056073541962,0.8862369947434616,,0.648552864737153,0.6106092370543869,1.341640786499874,3555.471141997259,3734.1640625,4760,13544,SSQ-FMT
sample_0603,1,medium,uniform,irregular,irregular,0,0,1,0.8829140336235347,0.7903725050701351,0.8149900946513151,0.9631893860562394,0.0197824873030185,34.07438198410785,0.996763840920344,0.1387790658534755,2.7202941017470885,5.874899826255155,,0.1818418314255983,0.1392913479830916,0.4,3467.700473993318,3735.1015625,9086,7688,SSQ-FMT
sample_0610,2,medium,uniform,sphere,sphere,1,0,0,0.7649038156309029,0.6193070833765607,0.6802936194244151,0.8735498839909026,0.0279875937849283,31.060688559358084,0.9944947515010578,0.3208510602999661,7.840918313565064,3.2186727909999755,,0.2840777262180974,0.2757729251353223,1.1313708498984762,3450.4099799960386,3734.6015625,8855,6896,SSQ-FMT
sample_0626,3,shallow,uniform,ellipsoid+sphere,mixed_two_shape,1,1,0,0.5015924323812798,0.3347503331011136,0.3632358003446724,0.8101965601968517,0.0441820211708545,27.095088495717658,0.9879544100945712,1.7096359278200066,2.297825058615212,2.220234776636105,,1.230497542997543,0.5994209829164415,1.2328828005937953,3450.925187004032,3734.9765625,14525,6512,SSQ-FMT
sample_0633,2,medium,uniform,irregular+sphere,mixed_two_shape,1,0,1,0.730434782608985,0.5753424657541428,0.6131939437642155,0.9031059198303608,0.0224780850112438,32.96481408796767,0.995675696162743,3.568474910252782,2.374868417407584,3.685303516208749,,0.4727900185824263,0.2372093011275211,0.6000000000000001,3394.2788600033964,3735.3515625,5548,3767,SSQ-FMT
sample_0646,3,deep,uniform,ellipsoid+irregular,mixed_two_shape,0,1,1,0.8454703587044119,0.7323071911395617,0.8089240734078725,0.885475135401393,0.022436099126935,32.981053035188296,0.993529206387488,0.5625491129930971,18.954682798717577,2.9244108696994298,,0.0946331856228459,0.4395418808322685,0.8,3342.6983210010803,3734.1640625,11116,10155,SSQ-FMT
sample_0647,3,deep,uniform,ellipsoid+irregular+sphere,mixed_three_shape,1,1,1,0.8446249033256594,0.7310395608810958,0.891437433678972,0.8024836505255327,0.0277608912438154,31.131332088270995,0.9923697039672058,0.1650580015863341,3.560898762952972,2.2436306893284104,,0.0997869057241531,0.3766663292675686,3.6,3353.5118049985613,3735.1015625,12251,13609,SSQ-FMT
sample_0652,3,medium,uniform,ellipsoid+irregular+sphere,mixed_three_shape,1,1,1,0.6688382988069436,0.5024470717627152,0.733836639627553,0.614417322305417,0.0381498113274574,28.3701515590398,0.989961176736562,2.2259626698989514,4.48998886412873,1.3923968553871509,,0.1627328357205298,0.5126488420832861,2.56124969497314,3362.782750002225,3734.6015625,12451,14871,SSQ-FMT
sample_0661,1,medium,uniform,irregular,irregular,0,0,1,0.8927929008275016,0.8063467995236582,0.8412429378532866,0.9510730710271448,0.0188044570386409,34.51478418358363,0.9969998683038616,0.1594617701792736,5.276362383309168,5.003409766678313,,0.130556974961676,0.1227072735103367,0.3839230484541229,3317.077277999488,3734.9765625,8850,7828,SSQ-FMT
sample_0666,1,deep,uniform,ellipsoid,ellipsoid,0,1,0,0.7555277430123534,0.6071069393234879,0.6444839857657572,0.9128024193550583,0.0213336609303951,33.418692384587054,0.9964163830735964,0.5131061397049732,2.7202941017470885,3.806367648265188,,0.4163306451612903,0.272371936096356,0.692820323027551,3325.186319998465,3735.3515625,5620,3968,SSQ-FMT
sample_0674,3,shallow,uniform,ellipsoid+irregular,mixed_two_shape,0,1,1,0.8649062725307025,0.7619690353316697,0.8819961400607647,0.8484660949519508,0.020138282328844,33.91955177090535,0.99466327642895,0.7602912941282282,16.185178404948154,2.629789802887648,,0.0380160905313411,0.1813166084751924,0.916515138991168,3336.208696004178,3734.1640625,10881,11311,SSQ-FMT
sample_0676,3,medium,uniform,irregular+sphere,mixed_two_shape,1,0,1,0.7789734311019051,0.6379659959447528,0.9745055992375808,0.6487944162439333,0.0234395489096641,32.60101519595795,0.9943341217421712,0.307367218725538,5.165268628057984,1.5490761858430149,,0.334232233502538,0.2845175963633823,0.916515138991168,3358.5757559994818,3735.1015625,8394,12608,SSQ-FMT
sample_0681,3,medium,uniform,ellipsoid+irregular+sphere,mixed_three_shape,1,1,1,0.8159262467516966,0.6890839734547269,0.832565187196267,0.7999393387929633,0.0387014485895633,28.245455682376907,0.99055213357739,0.5355173972074138,9.572878355019457,2.235234854156475,,0.0391871398240825,0.3598456977889691,0.8485281374238571,3351.9293740027933,3734.6015625,15839,16485,SSQ-FMT
sample_0712,2,shallow,uniform,irregular+sphere,mixed_two_shape,1,0,1,0.7030965391623974,0.5421348314613511,0.6117784451124261,0.826459319360319,0.0230601299554109,32.74276435205442,0.995131008790402,0.3249105781837542,3.0066592756745814,2.5204220591338684,,0.3509127789046653,0.2761919978449258,0.8485281374238571,3330.1348160021007,3734.9765625,5994,4437,SSQ-FMT
sample_0751,3,shallow,uniform,irregular+sphere,mixed_two_shape,1,0,1,0.842734029456057,0.7282111899134247,0.9420459758397768,0.7623643938457442,0.0328420028090477,29.671407344469824,0.9891961739158605,0.4410886856821504,3.0331501776206204,2.12291208046093,,0.1907354700325867,0.1988774827932831,0.6000000000000001,3275.4703699974925,3735.3515625,19619,24243,SSQ-FMT
sample_0761,1,deep,uniform,sphere,sphere,1,0,0,0.9012820512821303,0.8203033838975783,0.8459687123949369,0.964334705075507,0.0150548527017235,36.446470168953866,0.997638216690378,0.0914707706878927,2.244994432064365,6.240674819427783,,0.139917695473251,0.1075263221396597,0.3464101615137755,3266.6165249975165,3734.1640625,6648,5832,SSQ-FMT
sample_0777,2,medium,uniform,ellipsoid+irregular,mixed_two_shape,0,1,1,0.8869154129940383,0.7968086373199711,0.9673284502698692,0.8188456047318707,0.0331843309104442,29.5813384578264,0.9918657975223222,1.1500939582844227,13.536617007214174,2.4269534177774417,,0.1534978584540077,0.1537014266028528,0.5656854249492381,3306.987530995684,3735.1015625,20752,24515,SSQ-FMT
sample_0778,1,deep,uniform,ellipsoid,ellipsoid,0,1,0,0.7534221439319779,0.6043923692889753,1.0,0.6043923692889753,0.0389663539826869,28.186204804532597,0.9920519841088444,0.167931663394223,2.8354893757515653,1.3624538715309986,,0.3956076307112576,0.3970317913873822,0.7483314773547883,3296.249149003416,3734.6015625,10265,16984,SSQ-FMT
sample_0791,1,medium,uniform,sphere,sphere,1,0,0,0.915706806282796,0.8445195557704096,0.8658415841586372,0.9716666666667192,0.013375804759562,37.47360194112713,0.9981265539928562,0.1321536847565496,1.0392304845413265,6.8709866592271895,,0.1222222222222222,0.0818018880612246,0.2,3236.31514099543,3734.9765625,6060,5400,SSQ-FMT
sample_0796,1,deep,uniform,ellipsoid,ellipsoid,0,1,0,0.9317979299472672,0.8723049281315807,0.9518274751436048,0.9125939849625234,0.0139761930331587,37.09222198931171,0.9981896835579942,0.1553628360780073,1.661324772583615,3.6194459123847382,,0.041219119226638,0.0756098054532164,0.282842712474619,3275.36994300317,3735.3515625,7141,7448,SSQ-FMT
sample_0807,1,medium,uniform,ellipsoid,ellipsoid,0,1,0,0.8778138026865421,0.7822354300812576,0.8244301374633297,0.938589540412166,0.0162623785436153,35.776318592307305,0.9975221925670288,0.2829870284308499,1.854723699099141,4.483683934563311,,0.1384706814580031,0.1350288432617872,0.4,3301.9102079997538,3734.1640625,5747,5048,SSQ-FMT
sample_0817,1,shallow,uniform,sphere,sphere,1,0,0,0.8280095202307053,0.706498503634659,0.7099892588620623,0.993088942307713,0.0167168527841568,35.53690990264214,0.997627295352432,0.1608920918649191,1.077032961426901,12.121746212531573,,0.3987379807692308,0.1699757410741153,0.447213595499958,3288.724803001969,3735.1015625,4655,3328,SSQ-FMT
sample_0823,1,deep,uniform,irregular,irregular,0,0,1,0.5890236958523108,0.4174582479670842,0.9876615746181144,0.4196467577860452,0.0467494614422321,26.60446798559413,0.9912259658421926,0.1813959809994997,3.64417343165772,0.945792440095295,,0.5751107782562567,0.6681065738060106,1.260106824546301,3372.232139001426,3734.6015625,6808,16023,SSQ-FMT
sample_0858,3,deep,uniform,ellipsoid+irregular,mixed_two_shape,0,1,1,0.7757074243389342,0.6335964456210079,0.946079469263924,0.6573333987154135,0.0288142934441566,30.80784104752823,0.9903829937431696,1.1802287263464546,2.3151673805580453,1.6573520715725538,,0.3052027656548816,0.2785601162261734,0.8246211251235323,3305.5347569970763,3734.9765625,14169,20393,SSQ-FMT
sample_0860,3,deep,uniform,ellipsoid+sphere,mixed_two_shape,1,1,0,0.7726483585859483,0.6295248505113936,0.9465390564579016,0.6527333333335649,0.028285801410675,30.96863012623912,0.9920911436201606,1.3391757645499651,2.3151673805580453,1.4816171056931975,,0.3104,0.7224830681765556,5.447935388750494,3358.6573630018397,3735.3515625,10344,15000,SSQ-FMT
sample_0867,3,medium,uniform,ellipsoid+irregular,mixed_two_shape,0,1,1,0.6515234847652482,0.4831552328903323,0.9094119453401586,0.507584197446436,0.0480770878493785,26.36123723672156,0.9869402981933412,1.91624445557513,15.653753543479596,1.0995973496701796,,0.441854486245608,0.9814562135294964,5.075431016179809,3332.1798410033807,3734.1640625,13026,23338,SSQ-FMT
sample_0870,3,shallow,uniform,ellipsoid+sphere,mixed_two_shape,1,1,0,0.5322898116039309,0.362666836963176,0.5655247958578316,0.5027443342780605,0.0400073267519474,27.957209168426772,0.9907792962968096,0.4987829831136374,2.340939982143925,1.0700838912469306,,0.1110127478753541,0.5642339810854436,1.969771560359221,3346.440426998015,3735.1015625,10042,11296,SSQ-FMT
sample_0875,3,shallow,uniform,sphere,sphere,1,0,0,0.7743372688796089,0.6317702653583862,0.6359312111236407,0.9897494305239326,0.0244627688080072,32.229887587177025,0.9928187894724134,2.017472324100849,1.7549928774784245,5.720891755824438,,0.556378132118451,0.229545279594278,0.8246211251235323,3388.3966380017227,3734.6015625,10932,7024,SSQ-FMT
sample_0881,3,deep,uniform,ellipsoid+irregular,mixed_two_shape,0,1,1,0.7134787857882646,0.5545798840367482,0.8204581515272608,0.6311794324078307,0.0495876893401145,26.092523116909977,0.986747486772136,0.2699721521591808,7.014271166700073,1.405397760764156,,0.2306988098870918,0.4258543673429192,1.8000000000000005,3333.422071998939,3734.9765625,20168,26216,SSQ-FMT
sample_0895,2,deep,uniform,sphere,sphere,1,0,0,0.7011385199242562,0.5398100803509943,0.9998496692723996,0.5398538961042696,0.0327958166599273,29.68363098105442,0.9925676062441796,0.3734602075303739,3.475629439396553,1.198911650789298,,0.460064935064935,0.3443596839374059,0.632455532033676,3381.817189998401,3735.3515625,6652,12320,SSQ-FMT
sample_0911,2,medium,uniform,irregular+sphere,mixed_two_shape,1,0,1,0.4790990944239656,0.3150100658548077,1.0,0.3150100658548077,0.0689830332994461,23.22515403930709,0.9831100524002346,0.3862045678741042,5.44426303552648,0.7414349347337091,,0.684989934145426,0.8841327983010112,1.562049935181331,3356.581879997975,3734.1640625,9232,29307,SSQ-FMT
sample_0913,2,shallow,uniform,ellipsoid,ellipsoid,0,1,0,0.6557690774263171,0.4878396013768087,0.4878396013768087,1.0,0.0295875836163759,30.577809937926254,0.9927092190115516,2.7719085996358794,17.796628894259722,8.084388434129764,,1.0498540856031129,0.3367422571706222,0.632455532033676,3391.5407979948213,3735.1015625,8429,4112,SSQ-FMT
sample_0914,1,deep,uniform,ellipsoid,ellipsoid,0,1,0,0.4807044807048169,0.3163995908631806,0.3163995908631806,1.0,0.0426142401993274,27.408904537929395,0.9922894048105656,0.2093614692135503,1.2000000000000002,23.43290837811428,,2.1605603448275863,0.781761463143823,1.019803902718557,3612.970308000513,3734.6015625,11732,3712,SSQ-FMT
sample_0920,1,medium,uniform,sphere,sphere,1,0,0,0.7307141241235724,0.575689163498603,0.5893443620002562,0.9613095238096006,0.0272715613245964,31.285799937001944,0.9951699598439078,0.3800392051778867,1.2000000000000002,5.651817299581984,,0.6311507936507936,0.3467956529450531,0.8246211251235323,3507.4209519953,3734.9765625,8221,5040,SSQ-FMT
sample_0932,1,medium,uniform,irregular,irregular,0,0,1,0.3771959459464719,0.2324346830444129,0.2324346830444129,1.0,0.041413702070713,27.657118766238757,0.993336238340698,0.5249117220364808,2.8354893757515653,24.118912413786056,,3.302283922973578,0.8836427149381509,1.4966629547095769,3434.7343030021875,3735.3515625,9607,2233,SSQ-FMT
sample_0942,2,deep,uniform,irregular+sphere,mixed_two_shape,1,0,1,0.7386274680353669,0.585574403531119,1.0,0.585574403531119,0.0196711979806423,34.12338390813174,0.9959768734866188,0.8763984064394861,2.154065922853802,1.5252822050957775,,0.4144255964694525,0.2580878409544874,0.6417163598449028,3487.5069000045187,3734.1640625,4246,7251,SSQ-FMT
sample_0953,1,medium,uniform,ellipsoid,ellipsoid,0,1,0,0.9014998183611236,0.8206642415080925,0.8344221346912122,0.9803047404063316,0.0261470135301351,31.6515580018906,0.9942858881496764,0.1106660556648178,3.2802438933713454,7.791098384908243,,0.1748306997742663,0.1574629785559481,0.4,3350.3422290013987,3735.1015625,20818,17720,SSQ-FMT
sample_0960,1,medium,uniform,ellipsoid,ellipsoid,0,1,0,0.9455816275587072,0.896780303030466,0.9530358939953824,0.9382430647292962,0.0108877606689929,39.26122892529924,0.9987006486194552,0.1132925819507782,4.09878030638384,4.634492579454992,,0.0155217965653896,0.0511278101342879,0.2,3425.396026003,3734.6015625,5962,6056,SSQ-FMT
sample_0974,2,medium,uniform,ellipsoid+sphere,mixed_two_shape,1,1,0,0.8090008613266483,0.6792623395413501,0.7236132511561564,0.917236328125202,0.0181122720241546,34.84054143898291,0.9959600564046124,0.4769064816652541,12.512393855693643,3.723917122273607,,0.267578125,0.1678936087941856,0.5656854249492381,3579.105801996775,3734.9765625,5192,4096,SSQ-FMT
sample_0977,3,shallow,uniform,ellipsoid+sphere,mixed_two_shape,1,1,0,0.6303853064485405,0.4602647075975393,0.873519973442654,0.4931284357824255,0.0419167876243591,27.55224022925099,0.9902933140936122,1.469081626836454,7.886697661252143,1.153672597119198,,0.4354697651174413,1.2000313548098127,5.674504383644443,3721.1482869970496,3735.3515625,9037,16008,SSQ-FMT
sample_0979,1,medium,uniform,sphere,sphere,1,0,0,0.8319367588934135,0.7122360584735893,0.7380084151476325,0.953260869565302,0.0203965939581394,33.80884742824592,0.9965303546108376,0.1748432597860639,3.187475490101846,5.228095165381836,,0.2916666666666667,0.194770502493679,0.447213595499958,3426.00450199825,3734.1640625,7130,5520,SSQ-FMT
sample_1000,3,medium,uniform,irregular+sphere,mixed_two_shape,1,0,1,0.7908607863975606,0.6540692564601387,0.7836983993262597,0.7981552981555146,0.0298497024923563,30.50119980605184,0.9926081471176272,0.9182121611481552,6.767569726275452,2.110528247646638,,0.0184470184470184,0.3798880473758591,2.6076809620810595,3338.3779790019616,3735.1015625,9496,9324,SSQ-FMT
sample_1002,2,deep,uniform,irregular,irregular,0,0,1,0.6305578621576091,0.4604487073482937,0.9877024949745918,0.4631036203362737,0.0470876917243003,26.541852106472348,0.9900360587433876,0.6165610094635989,5.063595560468866,0.9969174263398636,,0.5311304540666408,0.6681088707055954,2.4166091947189146,3302.549621999788,3734.6015625,8457,18037,SSQ-FMT
sample_1003,3,medium,uniform,ellipsoid+sphere,mixed_two_shape,1,1,0,0.7780484423583907,0.6367260940033592,0.7194974543058058,0.8469730941704696,0.0438333563506603,27.163905688609773,0.9871402502373486,1.7443554367858949,18.297540818372287,2.6215855442915426,,0.1771731631597102,0.2950817166021822,1.1313708498984762,3402.8401040050085,3734.9765625,27301,23192,SSQ-FMT
sample_1015,3,medium,uniform,ellipsoid+irregular,mixed_two_shape,0,1,1,0.8223303076304029,0.6982690587679812,0.8511511575708003,0.7953973390867821,0.029713062569499,30.54105117348161,0.9917559262787674,0.7870467608100752,14.302447343024902,2.1942715339586663,,0.065504015342203,0.2158865524282807,0.8,3343.559932996868,3735.3515625,15593,16686,SSQ-FMT
sample_1018,1,medium,uniform,ellipsoid,ellipsoid,0,1,0,0.8583881327421178,0.7519089082387784,0.7984352773829325,0.9280753968255158,0.0188865903764963,34.476929097277925,0.996952747352108,0.34260647301669,2.1633307652783937,4.076424621505439,,0.1623677248677248,0.1589791935130433,0.447213595499958,3384.4203030021163,3734.1640625,7030,6048,SSQ-FMT
sample_1028,2,shallow,uniform,ellipsoid+sphere,mixed_two_shape,1,1,0,0.7154992158914562,0.5570251297186315,0.7272848034009999,0.7040895061732201,0.0290365442633628,30.741101443373672,0.9943554777716704,2.3865601146622857,8.910667763978186,1.718446637347382,,0.0318930041152263,0.3537097197492765,1.216552506059644,3700.597237999318,3735.1015625,7528,7776,SSQ-FMT
sample_1068,3,shallow,uniform,ellipsoid+irregular+sphere,mixed_three_shape,1,1,1,0.5916679833572488,0.4201196709054449,0.9948636202621416,0.4210329060794385,0.0409824773669242,27.74803624023337,0.9911169381466352,0.106859590606863,1.1661903789690602,0.945321084627156,,0.5767933438272993,0.8902969616941037,6.139703689897781,3320.5806810001377,3734.6015625,5646,13341,SSQ-FMT
sample_1069,3,shallow,uniform,ellipsoid+sphere,mixed_two_shape,1,1,0,0.5525016044871076,0.3816941049468398,0.7799574568661625,0.4277566539926427,0.0478991158306598,26.39344962587981,0.9833190320657144,2.0389858007515995,2.569046515733026,1.0877260255449934,,0.451564120290356,0.5997313668325481,1.387076581449571,3263.3630209966213,3734.9765625,12693,23144,SSQ-FMT
sample_1072,3,medium,uniform,ellipsoid+irregular,mixed_two_shape,0,1,1,0.5440317972924507,0.3736563726330127,0.3919346179088516,0.8890392422193653,0.0390990525484085,28.156675611011977,0.9869695689482486,1.719330051114996,11.194641575325225,3.753680186579349,,1.2683355886332883,0.5663580000960091,1.6248076809271923,3305.583781999303,3735.3515625,16763,7390,SSQ-FMT
sample_1078,2,medium,uniform,irregular+sphere,mixed_two_shape,1,0,1,0.7659908231696279,0.6207334901165571,0.9877617072924164,0.6255444529851233,0.0324544124305248,29.774524690468134,0.9921433015493528,0.7391193991208294,10.011992808627063,1.5070338970292942,,0.3667050986420702,0.2903185425194176,0.632455532033676,3351.6476880031405,3734.1640625,9887,15612,SSQ-FMT
sample_1081,2,shallow,uniform,ellipsoid+sphere,mixed_two_shape,1,1,0,0.723182894453712,0.5663950547909152,0.8476871320438624,0.6305680680682992,0.0389534160494804,28.189089095422155,0.9914382621040058,0.3688371252456874,3.334666400106613,1.4409669456088283,,0.2561311311311311,0.321138648653318,1.019803902718557,3303.682165002101,3735.1015625,11890,15984,SSQ-FMT
sample_1085,2,medium,uniform,irregular,irregular,0,0,1,0.8819432041436324,0.7888178913739143,0.8710530957841647,0.8931090613131409,0.0281670279800891,31.005179359030688,0.9929579574715413,2.155175277358215,1.854723699099141,3.3481156561614496,,0.0253210345451257,0.1472959020905081,0.447213595499958,3330.450187997485,3734.6015625,17007,16587,SSQ-FMT
sample_1086,2,deep,uniform,irregular+sphere,mixed_two_shape,1,0,1,0.8466593647317738,0.7340930674267615,0.745933278191693,0.9788350217077084,0.0178464092314243,34.968983336260465,0.9959823455135818,1.9294287694248196,1.9798989873223327,7.037855890001018,,0.3122286541244573,0.1459995955740563,0.5656854249492381,3298.090215001139,3734.9765625,7254,5528,SSQ-FMT
sample_1092,3,deep,uniform,ellipsoid+irregular+sphere,mixed_three_shape,1,1,1,0.6406148234989186,0.4712533537757306,0.6392547660315084,0.6419806805329022,0.0341965928673744,29.320343428925003,0.989243887278028,3.40341360672752,19.23018460649819,1.9087787504177935,,0.004264206770516,0.3793396952699921,1.019803902718557,3273.370982002234,3735.3515625,11540,11491,SSQ-FMT
sample_1093,2,deep,uniform,ellipsoid+sphere,mixed_two_shape,1,1,0,0.9117365625103404,0.8377903098660858,0.866804692891733,0.9615812917594924,0.0243288781493902,32.27755831435114,0.994688254168092,1.2996550810353775,1.82208671582886,6.115561711879593,,0.1093402004454343,0.1054328434293057,0.3464101615137755,3269.691260997206,3734.1640625,15939,14368,SSQ-FMT
sample_1096,2,shallow,uniform,ellipsoid+irregular,mixed_two_shape,0,1,1,0.7113241113895685,0.5519806164424681,0.9567340560602045,0.566111881646113,0.0311680231243371,30.12581502977504,0.990700144943217,1.2259504322058028,13.24235628579748,1.3073940817689391,,0.4082871012482663,0.4134265472856362,1.0,3301.3917329953983,3735.1015625,10239,17304,SSQ-FMT
sample_1112,3,medium,uniform,ellipsoid+irregular+sphere,mixed_three_shape,1,1,1,0.7184685793023382,0.5606328239001914,0.8100310696850753,0.6455035812188119,0.0322701893746852,29.82397041609449,0.992292594949246,2.366369054658683,2.2627416997969525,1.45493040231796,,0.2031125652135467,0.4796041184891705,2.5845580123540848,3518.8717839992023,3734.6015625,9012,11309,SSQ-FMT
sample_1126,1,medium,uniform,irregular,irregular,0,0,1,0.7566737084696017,0.6085881989502493,0.6409630714175354,0.923365362081267,0.0228297058492898,32.829993889859445,0.9961436963327364,0.3481706144287853,4.804164859785726,3.828546548548151,,0.4405905788610265,0.2645091607054188,0.6000000000000001,3465.7917149961577,3734.9765625,6147,4267,SSQ-FMT
sample_1133,1,shallow,uniform,irregular,irregular,0,0,1,0.899694306457872,0.8176766799794797,0.8543178519596257,0.950161420500504,0.0145629681646823,36.73500160918751,0.9981678507130044,0.1726721428366839,0.282842712474619,4.926622397199751,,0.1121872477804681,0.0949230938826457,0.4,3409.3277339998167,3735.3515625,5512,4956,SSQ-FMT
sample_1135,3,deep,uniform,irregular+sphere,mixed_two_shape,1,0,1,0.7228608774341513,0.5660001049705737,0.9384735880254648,0.5878120571243934,0.0365554802119731,28.74094975830878,0.9901321720660752,0.9000603019866661,11.44901742508937,1.356742369100128,,0.3736509320832879,0.4205537234657734,1.2000000000000002,3409.965444996488,3734.1640625,11491,18346,SSQ-FMT
sample_1139,1,medium,uniform,irregular,irregular,0,0,1,0.5655764783617727,0.3942883463848522,0.3942883463848522,1.0,0.0340205356478691,29.36517732959664,0.9940862491660116,0.2046926258366697,1.562049935181331,29.322134423705887,,1.536214953271028,0.5557382555052163,0.916515138991168,3458.924143997137,3735.1015625,8684,3424,SSQ-FMT
sample_1167,2,medium,uniform,ellipsoid+sphere,mixed_two_shape,1,1,0,0.8927238805970705,0.8062342038754973,0.8490733438487292,0.9411057692308336,0.0232167821377515,32.68395913309098,0.995121468267561,0.9842688369775546,15.058552387264854,4.763419517753216,,0.1083916083916083,0.1114175579257832,0.4,3417.195907997666,3734.6015625,10144,9152,SSQ-FMT
sample_1175,1,deep,uniform,irregular,irregular,0,0,1,0.8828410814670449,0.7902555910546482,0.9157719363200374,0.8521963824291952,0.0166610199958086,35.565968229635615,0.9978312064328244,0.3072355774891757,1.0,2.6335005799930697,,0.0694229112833764,0.1257102834912829,0.447213595499958,3406.296086999646,3734.9765625,5402,5805,SSQ-FMT
sample_1185,2,medium,uniform,ellipsoid+irregular,mixed_two_shape,0,1,1,0.518623457883526,0.3500956327706804,0.3501235355070135,0.9997724169321808,0.0394209362566471,28.08546105640978,0.9904471196680968,1.788848124280512,8.788629017087933,9.82617853160943,,1.855484751934456,0.5925980348359574,1.3446058285249074,3514.565432997188,3735.3515625,12547,4394,SSQ-FMT
sample_1211,1,medium,uniform,irregular,irregular,0,0,1,0.8792678074016083,0.7845476494819137,0.8010440835269707,0.9744222967014032,0.0172491911798715,35.264624977956565,0.9974135569349356,0.2448601923529121,1.98997487421324,6.966035496520595,,0.2164402892926442,0.1327353195409438,0.4,3719.0261049981927,3734.1640625,6896,5669,SSQ-FMT
sample_1215,2,shallow,uniform,ellipsoid+sphere,mixed_two_shape,1,1,0,0.8664596273292349,0.7643835616439674,0.934066684886626,0.8079787234043688,0.0346156097948551,29.21455997093908,0.989678009480648,0.652988629239984,12.323960402403118,2.5556685406147825,,0.1349881796690307,0.2015298028727502,0.6000000000000001,3428.103869999177,3735.1015625,14636,16920,SSQ-FMT
sample_1230,3,deep,uniform,ellipsoid+sphere,mixed_two_shape,1,1,0,0.6358375582528623,0.4661010586384367,0.4700537593704322,0.9822784810126862,0.0327672027051448,29.69121238020944,0.9897623500309428,0.673076023222783,20.42841158778626,8.07995874539309,,1.0897151898734176,0.4050673764561859,0.8485281374238571,3321.676469000522,3734.6015625,13207,6320,SSQ-FMT
sample_1244,1,shallow,uniform,sphere,sphere,1,0,0,0.8827186781365448,0.7900594602838998,0.9475223989761428,0.8262117346941547,0.0164310522377491,35.686691726043534,0.9977079874415268,0.1902558822436946,2.785677655436824,2.57231114500913,,0.1280293367346938,0.1256788386006583,0.3464101615137755,3797.10749899823,3734.9765625,5469,6272,SSQ-FMT
sample_1259,2,deep,uniform,irregular+sphere,mixed_two_shape,1,0,1,0.6933345737012451,0.5306136978502558,0.5314460924133404,0.9970568561872948,0.0326947122812271,29.71044933450052,0.9910568153585512,3.355398939491228,2.3664319132398464,9.439392139342878,,0.8761204013377927,0.381688858959807,1.0954451150103324,3370.691367999825,3735.3515625,14024,7475,SSQ-FMT
sample_1262,1,shallow,uniform,irregular,irregular,0,0,1,0.7708315269229421,0.6271162528221965,0.6271162528221965,1.0,0.0234507303684949,32.5968721084342,0.9961063626205297,0.2299393094551129,1.264911064067352,30.506446879414952,,0.5946006749156355,0.2657295351012682,0.6000000000000001,3392.019535000145,3734.1640625,7088,4445,SSQ-FMT
sample_1266,2,medium,uniform,ellipsoid+sphere,mixed_two_shape,1,1,0,0.6041372825580581,0.4328056584718208,0.440370116519122,0.961826347305532,0.0244049597531557,32.25043814273359,0.994723115989242,0.6309662918978219,2.749545416973504,6.100448558475264,,1.184131736526946,0.365770377153554,0.7211102550927979,3367.161408998072,3735.1015625,5836,2672,SSQ-FMT
sample_1276,1,deep,uniform,irregular,irregular,0,0,1,0.9100893997446868,0.8350128896183853,0.8575210589654452,0.9695238095238924,0.0116340117529034,38.68540987773145,0.9986653297900624,0.1233456681525857,2.5377155080899043,6.582152819687346,,0.1306122448979592,0.0790016177875697,0.282842712474619,3313.085943002079,3734.6015625,4155,3675,SSQ-FMT
sample_1285,2,medium,uniform,irregular+sphere,mixed_two_shape,1,0,1,0.6421974331296376,0.4729681978803242,0.4729681978803242,1.0,0.031399417668581,30.061568260078097,0.9916531338920908,2.0496341506015026,0.692820323027551,11.806821565191662,,1.11430706014195,0.4077002088015965,0.8485281374238571,3284.0781069971854,3734.9765625,11320,5354,SSQ-FMT
sample_1286,1,medium,uniform,irregular,irregular,0,0,1,0.7120515787734462,0.5528572162039571,1.0,0.5528572162039571,0.0452344454824924,26.890614707232512,0.9910514803674828,0.3463997344226296,5.051732376126036,1.1939414563737596,,0.4471427837962725,0.5025946063615564,1.148912529307606,3301.9019090061192,3735.3515625,10768,19477,SSQ-FMT
sample_1288,1,shallow,uniform,irregular,irregular,0,0,1,0.6467031794582497,0.4778723851577022,0.4778723851577022,1.0,0.0333812087774276,29.529958739888063,0.9941656435660274,0.2335101750483001,2.078460969082653,28.722974704017524,,1.092608886933568,0.4704223924111766,0.894427190999916,3336.627563003276,3734.1640625,9513,4546,SSQ-FMT
sample_1292,1,deep,uniform,irregular,irregular,0,0,1,0.7783484788622194,0.6371280724453128,0.6393509127791972,0.9945727628423644,0.0307435896247625,30.244908742710464,0.9939142028663164,0.083502548133353,4.24735211631906,12.655904727122808,,0.5555976271614288,0.3081465145768963,0.7483314773547883,3335.9842900026706,3735.1015625,12325,7923,SSQ-FMT
sample_1319,1,medium,uniform,ellipsoid,ellipsoid,0,1,0,0.6716899892359898,0.5056726094008963,0.5056726094008963,1.0,0.030756602063775,30.241232792726937,0.9947560688128098,0.148725455378689,1.32664991614216,26.93044281378592,,0.9775641025641024,0.423281352702188,0.8246211251235323,3336.862932999793,3734.6015625,8638,4368,SSQ-FMT
sample_1327,3,shallow,uniform,ellipsoid+irregular+sphere,mixed_three_shape,1,1,1,0.7313140987271115,0.5764343231004174,0.8934282371295891,0.6189961494294272,0.0331060104072093,29.601862991779704,0.9910073627002162,1.2313583284005214,6.511528238439883,1.4805004269677209,,0.3071674660541782,0.3218977980709119,1.216552506059644,3388.658595002198,3734.9765625,10256,14803,SSQ-FMT
sample_1328,1,medium,uniform,irregular,irregular,0,0,1,0.8153257978724939,0.6882278658626516,0.7558945908464233,0.8848998737148026,0.021562049165368,33.3261993664138,0.9968166015453264,0.449244974588555,2.1447610589527217,3.282735155917709,,0.1706657044921522,0.2152188245044869,0.7483314773547883,3363.131580001209,3735.3515625,6489,5543,SSQ-FMT
sample_1366,2,shallow,uniform,sphere,sphere,1,0,0,0.5617960986385264,0.3906234005533927,0.3906234005533927,1.0,0.0339162647724151,29.391839643995965,0.9921921276123334,0.8373616908108982,11.244554237496478,8.547854771953117,,1.5600104821802936,0.4840984731409361,0.8,3367.703554002219,3734.1640625,9769,3816,SSQ-FMT
sample_1372,2,shallow,uniform,ellipsoid+irregular,mixed_two_shape,0,1,1,0.7682354433594213,0.623686920701084,0.7652261814511871,0.7712684666332876,0.0179157126694917,34.93531859883482,0.996504903748091,1.0402523380339506,0.66332495807108,2.1057671797453086,,0.0078960774325012,0.2213593547812842,0.916515138991168,3346.2916890057386,3735.1015625,3957,3926,SSQ-FMT
sample_1378,3,shallow,uniform,ellipsoid+irregular+sphere,mixed_three_shape,1,1,1,0.6593505589453097,0.4918142944413611,0.7054236397093617,0.6189268142684355,0.0386628732085228,28.254117297089746,0.9893789237913554,1.4327773782571007,18.43040965361324,1.4146422648121233,,0.1226168511685116,0.493697427935082,2.1447610589527217,3368.0823359973147,3734.6015625,11413,13008,SSQ-FMT
sample_1384,2,shallow,uniform,irregular+sphere,mixed_two_shape,1,0,1,0.4886255018163408,0.3232987604355405,0.3237492083601496,0.9957148422282904,0.0445039309561252,27.03203241092643,0.9886530599293398,0.3971116834506514,0.7483314773547883,8.49259123614451,,2.0755746007012075,0.7448172819388816,1.6248076809271923,3361.8353650017525,3734.9765625,15790,5134,SSQ-FMT
sample_1389,2,medium,uniform,ellipsoid+irregular,mixed_two_shape,0,1,1,0.8416785484637979,0.7266364162967143,0.8805498683826379,0.8060940344865556,0.0287988763302564,30.812489386559,0.9920230126509452,0.3093685430034664,4.560701700396552,2.3766724205979006,,0.0845560672592909,0.2111772270570719,0.66332495807108,3339.00944099878,3735.3515625,17095,18674,SSQ-FMT
sample_1404,3,shallow,uniform,ellipsoid+irregular,mixed_two_shape,0,1,1,0.7724398670230844,0.6292480883604348,0.8922520894511767,0.6809953450952928,0.0373112633824348,28.56320063432836,0.9904229438034337,0.4246008853282062,11.338430226446691,1.6936767411960427,,0.2367680018389747,0.2822978862775728,0.8717797887081349,3371.586623004987,3734.1640625,13281,17401,SSQ-FMT
sample_1429,2,shallow,uniform,irregular,irregular,0,0,1,0.7659676109493307,0.6207030040263078,0.7059704121172015,0.837109742090595,0.0314040631055831,30.060283730772426,0.9930536985589324,0.775666648301412,2.5922962793631443,2.462511567141933,,0.1857575441161115,0.2884910673054095,0.632455532033676,3357.8889050040743,3735.1015625,11356,9577,SSQ-FMT
sample_1432,2,medium,uniform,sphere,sphere,1,0,0,0.8770909090910368,0.7810880829019595,0.906377496242417,0.8496376811597229,0.0159460436552763,35.946940539393175,0.997897418587928,0.3851838316202629,3.852272056851645,2.5061549088092705,,0.0626006441223832,0.2317455401506026,1.8,3321.486911001557,3734.6015625,4657,4968,SSQ-FMT
sample_1438,1,deep,uniform,irregular,irregular,0,0,1,0.6795752654600887,0.5146641438055124,0.8954732510296669,0.5475591343757042,0.0146532524377107,36.68131898396954,0.998356064143592,0.267564731543188,2.340939982143925,1.2933256173426324,,0.3885254151987921,0.2419806190862519,0.7211102550927979,3315.3055919974577,3734.9765625,1215,1987,SSQ-FMT
sample_1455,2,shallow,uniform,ellipsoid,ellipsoid,0,1,0,0.7426735021808315,0.5906767283352053,0.6643394934978342,0.8419500346982635,0.0369620099663734,28.6448880819579,0.9920475163592972,0.2574536291032262,7.172168430816443,2.634096250237968,,0.2673490631505898,0.3396325162822081,0.938083151964686,3355.749136993836,3735.3515625,14610,11528,SSQ-FMT
sample_1470,3,medium,uniform,ellipsoid+irregular,mixed_two_shape,0,1,1,0.7205480764624825,0.5631693252454268,0.9278223318939371,0.5889724310778552,0.0393174141645431,28.108301108355825,0.9875805924952766,0.4963635678673471,3.929376540877701,1.3634585413749654,,0.3652098997493734,0.4263053453632183,1.3114877048604,3322.182830001111,3734.1640625,16210,25536,SSQ-FMT
sample_1482,3,medium,uniform,irregular+sphere,mixed_two_shape,1,0,1,0.7244854100006092,0.56799460835737,0.6916833850084882,0.7605534944352145,0.0319721773266792,29.904556223895263,0.9904947438578268,1.1674965844067808,14.112405889854502,1.9683537715118384,,0.0995688358568133,0.3830989444754729,2.0059850745345105,3395.492486997682,3735.1015625,10966,9973,SSQ-FMT
sample_1486,2,medium,uniform,ellipsoid+irregular,mixed_two_shape,0,1,1,0.914133983996586,0.8418478620052595,0.9613584905660668,0.871331828442526,0.0178805384784936,34.95238810282065,0.9957985443953068,0.1030071221559486,3.88329756778952,2.914554471228692,,0.0936452561734728,0.0955500248039442,0.282842712474619,3354.5404090036754,3734.6015625,13250,14619,SSQ-FMT
sample_1513,3,shallow,uniform,ellipsoid+sphere,mixed_two_shape,1,1,0,0.6401307130215403,0.4707295908153856,0.7051294870515896,0.5861037234045993,0.031198650598526,30.11728341053448,0.9905077140436628,1.24820203780274,16.943435306926396,1.3441228127020808,,0.1687998670212765,0.3845607181179556,1.0,3267.4315280019077,3734.9765625,10001,12032,SSQ-FMT
sample_1516,3,deep,uniform,ellipsoid+sphere,mixed_two_shape,1,1,0,0.7029716528964701,0.5419863447599479,0.9009009009010168,0.5763473053895386,0.0374582111835479,28.52905880874568,0.9913087196865328,1.7758445950765165,4.142463035441596,1.286855016673359,,0.3602544910179641,0.5331340739803924,2.891366458960192,3213.6229220050154,3735.3515625,8547,13360,SSQ-FMT
sample_1529,2,medium,uniform,ellipsoid,ellipsoid,0,1,0,0.7897314642797535,0.6525258163552038,0.7576641389592601,0.8246331828443675,0.0324266403913497,29.78196068171432,0.991723452359491,0.6686420137055071,3.88329756778952,2.4944050235121398,,0.0883888261851015,0.2711929224366824,0.8246211251235323,3270.8873849987867,3734.1640625,15429,14176,SSQ-FMT
sample_1566,3,medium,uniform,irregular+sphere,mixed_two_shape,1,0,1,0.4247787610623157,0.2696629213489092,0.3469516027662403,0.5476190476197956,0.0453509762883186,26.868266601502576,0.991442415386512,1.2601764315649693,2.7202941017470885,1.176314622571534,,0.5783730158730159,0.6168805537307388,1.8439088914585773,3313.8654739959748,3735.1015625,9546,6048,SSQ-FMT
sample_1572,2,medium,uniform,irregular+sphere,mixed_two_shape,1,0,1,0.7028679752952346,0.5418630963609825,0.9007836990597168,0.5762558909058695,0.024690356105566,32.14945260170393,0.9939508655370568,1.6379114179606382,23.60169485439552,1.2955716573198357,,0.3602727363882482,0.3550948930740462,0.7211102550927979,3247.467371998937,3734.6015625,6380,9973,SSQ-FMT
sample_1599,3,medium,uniform,irregular+sphere,mixed_two_shape,1,0,1,0.6071906001550643,0.4359466558906486,0.5397123202007008,0.6939530395630525,0.0304301753640174,30.33391091305223,0.9919418656058888,3.962224477553736,8.478207357690659,1.6190944109429417,,0.2857832100353811,0.3993189931837773,0.894427190999916,3407.42409700033,3734.9765625,7995,6218,SSQ-FMT
sample_1620,2,medium,uniform,ellipsoid+irregular,mixed_two_shape,0,1,1,0.6164908351508125,0.4455993865558101,0.9476354412032114,0.4568483577922284,0.0318547077476978,29.9365277269912,0.992216504670058,1.1370404417908049,1.5748015748023625,1.083481909226278,,0.5179070580013976,0.4329873225460641,1.019803902718557,3446.439799001382,3735.3515625,5519,11448,SSQ-FMT
sample_1634,1,medium,uniform,irregular,irregular,0,0,1,0.7073430982639369,0.5472009605289702,0.5472009605289702,1.0,0.0252459086477756,31.956179898692028,0.9957409358253032,0.1911456635308701,1.562049935181331,37.909266788021526,,0.8274821722435546,0.3264387124713746,0.6000000000000001,3398.1523160036886,3734.1640625,6663,3646,SSQ-FMT
sample_1635,3,medium,uniform,ellipsoid+irregular,mixed_two_shape,0,1,1,0.7224104549855632,0.5654480015156443,0.6613859192379874,0.7958408318337694,0.0415435470640659,27.629928435080828,0.9886174520572718,1.863969601913129,2.244994432064365,2.1877221129967306,,0.2032926747983736,0.390313484188383,0.8485281374238571,3334.388568000577,3735.1015625,18053,15003,SSQ-FMT
sample_1642,2,medium,uniform,ellipsoid+irregular,mixed_two_shape,0,1,1,0.839706190975933,0.7237013456809986,0.9097771714416464,0.7796570537803744,0.0265160258859395,31.52983122033063,0.9934262813190012,0.3365856235084858,4.019950248448357,2.202648755009581,,0.1430241621200312,0.2228254526923713,0.632455532033676,3327.158052001323,3734.6015625,10995,12830,SSQ-FMT
sample_1643,3,shallow,uniform,ellipsoid+sphere,mixed_two_shape,1,1,0,0.813613368082228,0.6857910787203775,0.7905618780910502,0.8380495199596778,0.034739002585411,29.183653459498263,0.991881713274938,0.7334229163564919,10.827742146911334,2.3985918318848256,,0.0600682162708438,0.2955367767071835,1.28062484748657,3310.454641999968,3734.9765625,16783,15832,SSQ-FMT
sample_1683,1,medium,uniform,ellipsoid,ellipsoid,0,1,0,0.8140735958685021,0.6864452912362794,0.6990022172954564,0.9744976816074844,0.0190049763768911,34.422652968950146,0.997301806058544,0.2914849121617209,2.785677655436824,7.079138507788931,,0.3941267387944359,0.192072249014153,0.5674011537017669,3285.58353700646,3735.3515625,5412,3882,SSQ-FMT
sample_1686,2,deep,uniform,ellipsoid,ellipsoid,0,1,0,0.8256194914863986,0.7030255402752825,0.8662728769246961,0.7886107193231765,0.0271544959396123,31.32316522461788,0.9939946753952764,1.9357621792026432,1.939071942966532,2.143773492463357,,0.0896509167842031,0.1943993628966746,0.5656854249492381,3336.3214720011456,3734.1640625,10327,11344,SSQ-FMT
sample_1688,3,deep,uniform,ellipsoid+irregular+sphere,mixed_three_shape,1,1,1,0.5941575629243014,0.4226345337536473,0.9271553018925696,0.4371503434604935,0.0301949139684438,30.40132456780484,0.9911962594733984,2.4401800455519878,2.1633307652783937,1.289800392960216,,0.5285036470504921,0.4364603648881772,1.0392304845413265,3329.367048005224,3735.1015625,6658,14121,SSQ-FMT
sample_1697,2,shallow,uniform,ellipsoid+sphere,mixed_two_shape,1,1,0,0.6319079603646792,0.4618899475019813,0.4786901763229433,0.929381846635506,0.0310653038322925,30.15448773539731,0.99249882580141,0.7971279719349726,1.2806248474865698,4.518425169058723,,0.9415101721439748,0.4160135089758239,0.8246211251235323,3331.4447320008185,3734.6015625,9925,5112,SSQ-FMT
sample_1717,3,medium,uniform,ellipsoid+irregular,mixed_two_shape,0,1,1,0.7505705086124135,0.6007305844677738,0.8546917271822194,0.669063144401901,0.0321527495980262,29.85563800937918,0.989423660964418,2.045864221954626,19.42060761150382,1.6048022572595455,,0.2171877612439391,0.960756891859874,9.17605579756357,3351.445952001086,3734.9765625,14046,17943,SSQ-FMT
sample_1718,3,medium,uniform,ellipsoid+irregular,mixed_two_shape,0,1,1,0.6830859267840147,0.5187019720398488,0.7541391842779956,0.6242687614911002,0.0370694361627101,28.619680559937212,0.9881615545349582,1.0542613161634666,10.009995004993758,1.4108466167815763,,0.1722101509833417,0.4128752201070015,1.2328828005937953,3332.778865995351,3735.3515625,14858,17949,SSQ-FMT
sample_1729,2,deep,uniform,ellipsoid,ellipsoid,0,1,0,0.8125925348711817,0.6843417771365214,0.8015372790164466,0.8239570164351707,0.0192435663193464,34.31428912147939,0.9956457298338822,2.3291835955102065,21.18490028298458,2.3914567500344304,,0.0279709228824273,0.1759325973501897,0.6000000000000001,3338.546453996969,3734.1640625,6505,6328,SSQ-FMT
sample_1731,2,shallow,uniform,sphere,sphere,1,0,0,0.6397989949752363,0.4703709176895664,0.6678556441467313,0.6140046296303742,0.019772907719016,34.07858852832449,0.9944712336522822,0.6780270024849215,8.376156636548771,1.5282471985769497,,0.0806327160493827,0.366896887791276,0.916515138991168,3383.050219999859,3735.1015625,4766,5184,SSQ-FMT
sample_1734,2,deep,uniform,ellipsoid+irregular,mixed_two_shape,0,1,1,0.7218463987267323,0.5647571606478426,0.6011798236895333,0.903116598626005,0.03507811576128,29.09927498464842,0.9903650664466532,0.6964778069223211,8.685620300243386,3.253795028638968,,0.5022403664243752,0.3781292426492268,0.8246211251235323,3338.1148650005343,3734.6015625,15087,10043,SSQ-FMT
sample_1741,3,deep,uniform,irregular,irregular,0,0,1,0.7357682804511742,0.5819884670461001,0.8919335705813215,0.626139817629335,0.0365021117031574,28.75364025592628,0.9859708818987002,0.9960166921865404,21.36726468221892,1.5692588314763165,,0.2979972519465378,0.3441005509185899,1.077032961426901,3310.986894000962,3734.9765625,16860,24017,SSQ-FMT
sample_1760,3,shallow,uniform,ellipsoid+irregular,mixed_two_shape,0,1,1,0.6983085846164107,0.5364624644242353,0.986021782008416,0.5405735778093368,0.0398800149559974,27.984894408937446,0.988192811950742,1.3455140166217383,15.698407562552326,1.2865097067129765,,0.4517630465444288,0.3811816654781497,1.019803902718557,3280.0261750016944,3735.3515625,11661,21270,SSQ-FMT
sample_1765,1,medium,uniform,ellipsoid,ellipsoid,0,1,0,0.7472223546803933,0.5964524969552402,1.0,0.5964524969552402,0.0346501246094703,29.20590417703493,0.9933309512716576,0.1278275056205398,2.009975124224178,1.3399662794373648,,0.403547503045067,0.3711269499051808,0.6000000000000001,3285.5861719945096,3734.1640625,7835,13136,SSQ-FMT
sample_1787,2,deep,uniform,sphere,sphere,1,0,0,0.8578425915619972,0.7510721247568205,0.942745289943864,0.7869689542488011,0.0141141135245561,37.006927711960685,0.9977309389953468,1.5884357419931587,1.077032961426901,2.318790734045153,,0.1652369281045751,0.1359427053775329,0.609736659610094,3313.484302998404,3735.1015625,4087,4896,SSQ-FMT
sample_1809,1,medium,uniform,ellipsoid,ellipsoid,0,1,0,0.8628868961528328,0.7588399898247788,0.9530351437700432,0.7883192389009139,0.0196202136576175,34.145925947325175,0.9969865386519888,0.0523729081022478,2.863564212655271,2.219301688265693,,0.1728329809725158,0.1617656439431745,0.447213595499958,3267.7908670011675,3734.6015625,6260,7568,SSQ-FMT
sample_1811,2,shallow,uniform,sphere,sphere,1,0,0,0.6946306582393573,0.5321334246311922,0.5763322385850446,0.874035989717426,0.0302427522838115,30.38757371958864,0.9932727853631892,0.5301812209824962,1.661324772583615,3.0131027524275176,,0.5165488431876607,0.3497930796215866,0.916515138991168,3271.429631000501,3734.9765625,9439,6224,SSQ-FMT
sample_1812,1,shallow,uniform,ellipsoid,ellipsoid,0,1,0,0.7067382469521315,0.5464773432654046,1.0,0.5464773432654046,0.0362298116087913,28.8186787583738,0.9932816230343524,0.1592373688540728,2.56124969497314,1.230333977764703,,0.4535226567349472,0.4358256036945703,0.894427190999916,3329.06660700246,3735.3515625,7043,12888,SSQ-FMT
sample_1815,3,medium,uniform,ellipsoid+irregular+sphere,mixed_three_shape,1,1,1,0.3635838388843367,0.2221829920310591,0.2226096624220625,0.991447220346632,0.0465452931821346,26.64248501434693,0.984407234473514,0.6141786673069063,15.860643114325471,9.056404550302991,,3.453747467927076,0.8195886763866594,1.456021977856104,3329.300620003778,3734.1640625,19788,4443,SSQ-FMT
sample_1826,2,shallow,uniform,sphere,sphere,1,0,0,0.8067408156388226,0.6760817986671832,0.9696969696970188,0.690674053555297,0.0180817935615777,34.855169977558226,0.9961820169584932,1.9489223573372736,2.8495613697550017,1.8973871519855936,,0.2877423822714681,0.1958334981405831,0.447213595499958,3434.207776997937,3735.1015625,6171,8664,SSQ-FMT
sample_1837,2,shallow,uniform,irregular+sphere,mixed_two_shape,1,0,1,0.8899109217661261,0.801657217619013,0.8707721459025384,0.9099099099099992,0.0271945875138044,31.3103505329034,0.9943417446305308,1.839938030682726,17.863930138690087,3.1708022711851096,,0.0449460449460449,0.1166097465648567,0.4,3435.126927004603,3734.6015625,10555,10101,SSQ-FMT
sample_1839,1,deep,uniform,irregular,irregular,0,0,1,0.9044998777207724,0.8256501841725352,0.8810147689377309,0.9292713567840084,0.0176262706518173,35.07679060488168,0.9972029184677372,0.2122841824101557,1.456021977856104,4.056865752296485,,0.0547738693467336,0.1114473707666924,0.282842712474619,3323.10337000672,3734.9765625,8396,7960,SSQ-FMT
sample_1843,1,medium,uniform,ellipsoid,ellipsoid,0,1,0,0.8803380382991276,0.7862534125585575,0.8566929133860776,0.9053254437871572,0.0160456951707601,35.892829570988525,0.997610952945582,0.2138971978722093,2.863564212655271,3.4284276413604853,,0.0567677514792899,0.1233959664625166,0.3464101615137755,3401.079467999807,3735.3515625,5715,5408,SSQ-FMT
sample_1858,3,medium,uniform,ellipsoid+irregular,mixed_two_shape,0,1,1,0.8391677085194144,0.7229017616740815,0.7996766232661903,0.8827618600282373,0.0340841263532638,29.348957017606292,0.9864687839624864,0.508949665555485,11.242775458044155,2.9749665994566823,,0.103898543917332,0.1938493818515657,0.5656854249492381,3359.2051259984146,3734.1640625,23502,21290,SSQ-FMT
sample_1863,2,shallow,uniform,ellipsoid+sphere,mixed_two_shape,1,1,0,0.6938194753226378,0.5311819172119674,0.5594435680488177,0.9131554307118138,0.0251814983785152,31.978368878139957,0.9946143920874776,0.5963538922631759,2.513961017995307,3.6374069487839087,,0.6322565543071161,0.2998025322432148,0.7483314773547883,3328.425031999359,3735.1015625,6973,4272,SSQ-FMT
sample_1865,2,deep,uniform,ellipsoid+sphere,mixed_two_shape,1,1,0,0.9138609532138516,0.8413848631241096,0.8763436761455544,0.9547342192691406,0.0201786309480667,33.90216606226105,0.9950431695518248,1.1843263366005423,3.1874754901018454,5.061777520219351,,0.0894518272425249,0.0905675464364289,0.282842712474619,3350.210616001277,3734.6015625,13117,12040,SSQ-FMT
sample_1869,3,deep,uniform,ellipsoid+irregular+sphere,mixed_three_shape,1,1,1,0.784237826120672,0.6450585838004563,0.7095825161110911,0.8764492126666226,0.0414268001914024,27.65437187533869,0.9902462750848224,0.8983875599963307,3.111269837220809,2.8750041902451917,,0.2351617926976985,0.3101484078032699,1.077032961426901,3346.5099389941315,3734.9765625,21414,17337,SSQ-FMT
sample_1881,2,deep,uniform,ellipsoid+sphere,mixed_two_shape,1,1,0,0.4704310056803621,0.3075578855402932,0.3075578855402932,1.0,0.0351440608501434,29.08296134419629,0.9924332859246736,0.3641262057688678,15.989996873045348,12.466260143198069,,2.2514204545454546,0.58794094803319,1.0,3375.9337730007246,3735.3515625,9156,2816,SSQ-FMT
sample_1885,3,shallow,uniform,ellipsoid+sphere,mixed_two_shape,1,1,0,0.4577610734485027,0.2968159249308537,0.9770580296896432,0.2988990825691289,0.0485940054059028,26.268345532291704,0.9854475092683488,1.3190453480042714,15.106290080625357,0.7367088298108655,,0.6940825688073394,0.994822457781321,3.709447398198282,3345.9600120040704,3734.1640625,6669,21800,SSQ-FMT
sample_1893,1,medium,uniform,irregular,irregular,0,0,1,0.7944103014341569,0.6589391916498859,0.6598201263980799,0.9979779411764744,0.0241103284060955,32.35593760529475,0.9958925615494733,0.1969539940754449,0.7483314773547883,19.97371991453407,,0.5125,0.24777372287022,0.5656854249492381,3394.4860199990217,3735.1015625,8228,5440,SSQ-FMT
sample_1894,1,medium,uniform,ellipsoid,ellipsoid,0,1,0,0.5597918722530189,0.3886881774020322,0.3886881774020322,1.0,0.0322082415223121,29.84065933683965,0.9942512164781486,0.0911701116227359,1.854723699099141,30.986791699047043,,1.5727564102564102,0.5627865544499535,0.8246211251235323,3327.016232004098,3734.6015625,8027,3120,SSQ-FMT
sample_1904,1,deep,uniform,sphere,sphere,1,0,0,0.8829094696641933,0.7903651903655161,0.8940059764459588,0.8720850480111932,0.0155706843361258,36.15384586214872,0.9974306978493784,0.1608871644910374,3.4698703145794947,3.185020450627146,,0.024519890260631,0.1222808642453884,0.282842712474619,3350.499252002919,3734.9765625,5689,5832,SSQ-FMT
sample_1927,3,medium,uniform,irregular+sphere,mixed_two_shape,1,0,1,0.449372528795227,0.2898004434595049,0.2943693693698991,0.9491648511257584,0.0455671250820159,26.82696798481897,0.9899812213941542,0.4280486765938366,3.88329756778952,4.255591814450554,,2.224400871459695,0.6266878535595297,1.456021977856104,3342.717293999158,3735.3515625,13320,4131,SSQ-FMT
sample_1944,2,medium,uniform,irregular+sphere,mixed_two_shape,1,0,1,0.7511003412295381,0.6014096776751394,0.7666060973149943,0.7362094037811573,0.0313792377710342,30.067152705453324,0.9926731887524224,1.6341673254071512,2.683281572999748,1.7803662130284017,,0.0396509936984973,0.2928088557681361,0.8717797887081349,3268.9976440015016,3734.1640625,9906,10315,SSQ-FMT
sample_1989,2,medium,uniform,ellipsoid+sphere,mixed_two_shape,1,1,0,0.7470303563574227,0.5962078651690118,0.9271933017838966,0.6254911591360198,0.0233094058930873,32.649375959305424,0.9952934016001236,0.7909897635239718,1.0954451150103324,1.425464841567653,,0.3253929273084479,0.2735929811620202,1.0954451150103324,3281.336544001533,3735.1015625,5494,8144,SSQ-FMT
sample_1993,3,deep,uniform,ellipsoid+sphere,mixed_two_shape,1,1,0,0.7608171628300107,0.6139668336334124,0.655503634475776,0.9064474439977696,0.03862264752388,28.26315884928173,0.9901988945743292,0.3418524816455219,8.143709228600933,3.6704771683426975,,0.3828259620907524,0.2866067016706525,1.077032961426901,3275.0020329986,3734.6015625,19260,13928,SSQ-FMT
sample_2021,3,shallow,uniform,ellipsoid+irregular,mixed_two_shape,0,1,1,0.7535629796319447,0.6045736505880915,0.8990775161779574,0.6485895907828523,0.0293355677276849,30.65211009527008,0.9887725091341184,0.2778268835588552,8.657944328765344,1.7411372221241197,,0.2786054827175208,0.3748137209172097,1.0392304845413265,3273.09607299685,3734.9765625,14526,20136,SSQ-FMT
sample_2024,2,deep,uniform,irregular,irregular,0,0,1,0.7801899025390973,0.6395994787739938,0.8584315169368019,0.7150195507170781,0.0239019375294446,32.43133778997473,0.9935546378286984,0.3133028395503633,2.56124969497314,1.9484346635850611,,0.1670627923023844,0.2550149401363103,0.7211102550927979,3229.9769860037486,3735.3515625,10864,13043,SSQ-FMT
sample_2044,2,medium,uniform,ellipsoid+sphere,mixed_two_shape,1,1,0,0.7509632224170307,0.601233875491305,0.7491264849759799,0.7528089887644789,0.0242919977754354,32.29073567931997,0.9950226527499576,7.375321436567391,30.54504869860253,2.099235375580892,,0.0049157303370786,0.2495513071658399,0.692820323027551,3265.613061004842,3734.1640625,5724,5696,SSQ-FMT
sample_2059,3,shallow,uniform,ellipsoid+irregular,mixed_two_shape,0,1,1,0.7466105117406836,0.5956731875721079,0.92900215362532,0.6240837191359838,0.0358407124876976,28.912467878548224,0.9894571984494728,0.6050351956483672,3.5440090293338704,1.4084825162034718,,0.3282214506172839,0.4068996128596993,1.886796226411321,3365.501102001872,3735.1015625,13930,20736,SSQ-FMT
sample_2067,3,medium,uniform,ellipsoid+irregular,mixed_two_shape,0,1,1,0.7753681086634373,0.6331438158263792,0.7689318190394412,0.7819130568239336,0.0402264334261417,27.90976908554628,0.9844786382658884,0.3582621847633381,11.408768557561327,2.079739086526715,,0.0168821701262325,0.3050977074772192,0.9797958971132712,3277.912617995753,3734.6015625,26503,26063,SSQ-FMT
sample_2069,2,shallow,uniform,ellipsoid+sphere,mixed_two_shape,1,1,0,0.7393567848977087,0.5864917020458614,0.6150732615562089,0.926585365853748,0.0314733460545539,30.041141464037004,0.992531540479352,0.9448471242514732,16.283734215467902,3.9489887807682407,,0.5064634146341463,0.3234640204133208,0.8485281374238571,3296.589887002483,3734.9765625,12353,8200,SSQ-FMT
sample_2070,2,deep,uniform,irregular+sphere,mixed_two_shape,1,0,1,0.8077571669477971,0.6775106082038849,0.6827782817158982,0.9887408519422136,0.0308697540313005,30.209337276527584,0.9921186673373724,0.2634385313405031,1.4282856857085702,9.394508009365657,,0.448114092700319,0.244473415853608,0.5656854249492381,3340.7814300007885,3735.3515625,15434,10658,SSQ-FMT
sample_2072,3,shallow,uniform,ellipsoid+sphere,mixed_two_shape,1,1,0,0.7360229628449255,0.5823072264838604,0.7335198016656707,0.7385432667692405,0.0383855178952217,28.316652352465344,0.9903696016570795,0.700618313461605,6.770524351924304,1.8271019312057373,,0.0068484383000512,0.3329306744508087,1.4696938456699071,3338.3248949976405,3734.1640625,15731,15624,SSQ-FMT
sample_2077,3,medium,uniform,ellipsoid+irregular+sphere,mixed_three_shape,1,1,1,0.75666883539369,0.6085818942963507,0.8563013866732996,0.6778047595921914,0.0359789058566093,28.87904143011219,0.9874170537757418,1.0377787560963958,5.035871324805669,1.6934464612480578,,0.2084507042253521,0.2978036015198724,0.8246211251235323,3334.8608660016907,3735.1015625,16298,20590,SSQ-FMT
sample_2079,2,medium,uniform,ellipsoid+sphere,mixed_two_shape,1,1,0,0.6270803369636048,0.4567494762055421,0.4849062599309105,0.8872093023259092,0.0282198302447795,30.988911689688013,0.9945293790991828,1.6328941616843309,18.969449122207003,3.310321037690704,,0.8296511627906977,0.3618452388453079,0.8717797887081349,3242.1577150016674,3734.6015625,6294,3440,SSQ-FMT
sample_2086,1,medium,uniform,sphere,sphere,1,0,0,0.8903321275896988,0.8023410875688215,0.9917582417582568,0.8077267303105493,0.0165095701813697,35.645284815024006,0.9977240311930649,0.1709019515853127,2.0591260281974,2.3586967552218727,,0.1855608591885441,0.121845258723863,0.282842712474619,3340.5098149960395,3734.9765625,5460,6704,SSQ-FMT
sample_2087,2,shallow,uniform,ellipsoid+irregular,mixed_two_shape,0,1,1,0.6419405320816574,0.4726895598070146,0.5435272293632655,0.7838715841777492,0.0302518587559461,30.38495865240124,0.992609725728161,0.5273104724191106,8.165782265037441,2.041509829954013,,0.442193770303841,0.3796494380972376,1.077032961426901,3371.8355689998134,3735.3515625,7547,5233,SSQ-FMT
sample_2111,2,medium,uniform,ellipsoid+sphere,mixed_two_shape,1,1,0,0.8962738120159639,0.8120436225701166,0.9761741906065023,0.8284636222911876,0.0198076963424682,34.063320794924174,0.996530635075613,0.194544947340735,1.456021977856104,2.4874353224199224,,0.1513157894736842,0.221919444645464,0.3464101615137755,3353.0296940007247,3734.1640625,8772,10336,SSQ-FMT
sample_2119,2,shallow,uniform,ellipsoid+sphere,mixed_two_shape,1,1,0,0.8226450552032641,0.6987230646450527,0.9594520547945576,0.7199835526317708,0.0198690071702003,34.036476363551714,0.9939642306953717,0.3633078687925837,1.9287301521985911,1.9467961100957012,,0.2495888157894736,0.2165724891073798,0.447213595499958,3332.441106998885,3735.1015625,10950,14592,SSQ-FMT
sample_2121,2,shallow,uniform,ellipsoid,ellipsoid,0,1,0,0.7804751530242297,0.639982985963573,0.996423841059605,0.6414563437927859,0.0403746329247951,27.87782775161845,0.9891193088886098,0.5323301619550512,4.608687448721165,1.6507066109610218,,0.3562414733969986,0.322385889886024,0.8246211251235323,3322.141157004808,3734.6015625,15100,23456,SSQ-FMT
sample_2129,3,medium,uniform,ellipsoid+irregular+sphere,mixed_three_shape,1,1,1,0.4933160415006518,0.3274183936970619,0.998989898989901,0.3275268247454447,0.042203314602375,27.493068861317816,0.9899525034502398,2.507023746151717,9.323089616645332,0.7532274575145846,,0.6721420055636508,0.8400530545402692,2.172556098240044,3388.4616880022804,3734.9765625,4950,15098,SSQ-FMT
sample_2166,3,medium,uniform,ellipsoid+irregular+sphere,mixed_three_shape,1,1,1,0.6063379193075881,0.4350681041752362,0.4601811441177624,0.8885465748460597,0.0502383783459663,25.97928808840965,0.9856209827096816,0.4239127885300086,10.282023147221562,2.875125216064826,,0.930862631388184,0.5933175086972818,1.8000000000000005,3372.305583994603,3735.3515625,21309,11036,SSQ-FMT
sample_2167,1,shallow,uniform,ellipsoid,ellipsoid,0,1,0,0.6864252596985232,0.5225627736578299,0.5225627736578299,1.0,0.0338436514139175,29.410455679802947,0.993258551315746,0.1754150902557894,3.741657386773941,29.079448079209584,,0.9136456908344732,0.4364155769084799,0.7483314773547883,3327.107375000196,3734.1640625,11191,5848,SSQ-FMT
sample_2172,1,shallow,uniform,ellipsoid,ellipsoid,0,1,0,0.843229497775052,0.7289514178943405,0.7709834922113799,0.9304152637486948,0.0216914769262075,33.27421779135466,0.9960356031695058,0.1732299616509795,1.4282856857085702,4.169734340405976,,0.2067901234567901,0.1880783378927279,0.447213595499958,3213.33748500183,3735.1015625,8602,7128,SSQ-FMT
sample_2175,2,shallow,uniform,irregular+sphere,mixed_two_shape,1,0,1,0.7127637056376824,0.5537162902877069,0.6249690670630723,0.8292562797572989,0.0261016134172678,31.666653379782662,0.9939048958312356,0.3428202677904992,3.1368774282716245,2.6107084983343896,,0.3268757182728616,0.2821299857583517,0.8485281374238571,3243.0151820008177,3734.6015625,8082,6091,SSQ-FMT
sample_2196,3,shallow,uniform,ellipsoid+sphere,mixed_two_shape,1,1,0,0.7485404797075694,0.598133992806207,0.6444229138916744,0.8927852348995088,0.0262683760374784,31.61133603289265,0.9929980742002223,1.3596568939697036,15.022649566571138,3.5972478474982137,,0.3854026845637583,0.2362823721234243,0.8246211251235323,3288.508263998665,3734.9765625,8257,5960,SSQ-FMT
sample_2199,2,medium,uniform,irregular+sphere,mixed_two_shape,1,0,1,0.8960907697825646,0.8117431626204669,0.9105486350384904,0.8820848578215019,0.0258102174848318,31.764166504146324,0.9941841187300228,1.8176270301893531,10.95810202544218,3.248935891598068,,0.0312600295269272,0.1250940732972197,0.447213595499958,3249.519344004512,3735.3515625,15092,15579,SSQ-FMT
sample_2202,2,medium,uniform,irregular+sphere,mixed_two_shape,1,0,1,0.5699635877241807,0.3985657867393488,0.420596622066878,0.8838442037338469,0.0329671427607536,29.638373426628863,0.9916015029981664,0.4648829510431393,13.979985693841035,3.2836154975329856,,1.1014058538833833,0.4810688304755021,1.2000000000000002,3275.390412003617,3734.1640625,9118,4339,SSQ-FMT
sample_2207,2,deep,uniform,ellipsoid+sphere,mixed_two_shape,1,1,0,0.8040246970044569,0.6722753346083439,0.8883274381001915,0.7343358395992748,0.0219797417521476,33.15954800253295,0.9948130101353888,0.0859365519638833,11.711532777565882,1.8913875951856176,,0.1733500417710944,0.2198827255668748,0.7483314773547883,3490.8022380041075,3735.1015625,7916,9576,SSQ-FMT
sample_2208,3,medium,uniform,ellipsoid+irregular,mixed_two_shape,0,1,1,0.7050278937582173,0.5444348108813567,0.8679913606912588,0.5935838355195595,0.0387830846011638,28.227152523300944,0.9890402793348524,1.4614003031629754,3.9038442591886273,1.3341132952194537,,0.3161408483989129,0.7534996223215877,1.4696938456699071,3426.180218004447,3734.6015625,11575,16926,SSQ-FMT
sample_2209,1,deep,uniform,sphere,sphere,1,0,0,0.7982766049118498,0.6642764950528263,0.6642764950528263,1.0,0.0211820751428604,33.4806297432234,0.996065182124343,0.2189675346436722,2.0591260281974,19.478272153813958,,0.5053972366148531,0.238284659137837,0.6000000000000001,3336.671112003387,3734.9765625,6973,4632,SSQ-FMT
sample_2225,3,shallow,uniform,ellipsoid+sphere,mixed_two_shape,1,1,0,0.7664466680860745,0.6213324128410332,0.7471980074721113,0.7867132867134032,0.0406692586839199,27.814674448986693,0.9874459242884916,1.7354645986665178,21.5425161018856,2.2039483718041857,,0.0528846153846153,0.314980396529788,0.8717797887081349,3342.9362359966035,3735.3515625,19272,18304,SSQ-FMT
sample_2234,2,deep,uniform,ellipsoid+sphere,mixed_two_shape,1,1,0,0.8814447672763166,0.7880207802793235,0.90532475131667,0.8587921847248459,0.0195825193077325,34.16262863162136,0.9961856743745848,0.2020824314949973,6.164414002968976,2.9340143733597075,,0.051398756660746,0.1133950824440937,0.3464101615137755,3380.7917369995266,3734.1640625,8545,9008,SSQ-FMT
sample_2259,2,medium,uniform,ellipsoid+sphere,mixed_two_shape,1,1,0,0.8225701239400594,0.6986149584489622,0.7541866028709971,0.9045911047346624,0.0278111975640058,31.11560631828334,0.993078246123587,1.0880934201881198,3.117691453623979,3.4836380854804587,,0.1994261119081779,0.2471272921511781,0.6000000000000001,3347.562640999968,3735.1015625,13376,11152,SSQ-FMT
sample_2263,2,medium,uniform,irregular+sphere,mixed_two_shape,1,0,1,0.7142405263492666,0.555500885652868,0.5572006712076228,0.9945384073291146,0.0304561872035264,30.326489208598176,0.9933902851870968,0.4428962510604468,11.095945205344158,12.674580330907396,,0.7848837209302325,0.3068890956142397,0.632455532033676,3428.85367400595,3734.6015625,10131,5676,SSQ-FMT
sample_2266,2,deep,uniform,ellipsoid+sphere,mixed_two_shape,1,1,0,0.4392864818399746,0.2814651611131358,0.2814651611131358,1.0,0.0439130999147892,27.14811787939184,0.9886326997021396,1.4720854102982313,1.7549928774784247,6.713529267120438,,2.5528375733855184,0.7222420167031599,1.1313708498984762,3359.9139799989644,3734.9765625,14524,4088,SSQ-FMT
sample_2270,3,deep,uniform,irregular+sphere,mixed_two_shape,1,0,1,0.6695101001127484,0.5032056990209232,0.5514246682283845,0.8519523594152691,0.0296274591237306,30.56611165834804,0.9925338013224372,0.4440056728072556,5.30659966456864,2.8404517613923868,,0.5450022614201718,0.3258815061875285,0.916515138991168,3389.61831600318,3735.3515625,10248,6633,SSQ-FMT
sample_2271,3,shallow,uniform,ellipsoid+irregular,mixed_two_shape,0,1,1,0.6481515008872621,0.4794557240052073,0.642959770115199,0.6534277579034435,0.0360552296042442,28.860635089140438,0.9887143331312918,0.7029927750159797,2.668332812825267,1.554208969457166,,0.0162809374315543,0.4011035922650349,1.2000000000000002,3342.741041997215,3734.1640625,13920,13697,SSQ-FMT
sample_2281,2,deep,uniform,ellipsoid+sphere,mixed_two_shape,1,1,0,0.6988539258068517,0.5371064322968758,0.8898489503328918,0.5753600397286975,0.0343486815690994,29.28179834097616,0.9884362600320588,0.2377470769492228,12.96148139681572,1.2708114272149158,,0.3534183082271147,0.4853819904252731,1.61245154965971,3387.466205000237,3735.1015625,15624,24164,SSQ-FMT
sample_2293,1,deep,uniform,ellipsoid,ellipsoid,0,1,0,0.8907623968815652,0.8030402092188599,0.9979687182612248,0.8043549443354582,0.0219746977090835,33.161541677542886,0.9962091998401744,0.0984888602903366,1.7204650534085255,2.36429823215775,,0.1940078585461689,0.1444665194303839,0.3464101615137755,3342.83228199638,3734.6015625,9846,12216,SSQ-FMT
sample_2299,1,medium,uniform,irregular,irregular,0,0,1,0.626619110193705,0.456260251504297,0.456260251504297,1.0,0.0298934839665889,30.48846936864748,0.9951347901215376,0.0873943115232789,0.3464101615137755,33.415649982376124,,1.1917315757938889,0.4456649273509852,0.7211102550927979,3345.967119996203,3734.9765625,7316,3338,SSQ-FMT
sample_2306,3,shallow,uniform,irregular+sphere,mixed_two_shape,1,0,1,0.6145613132987461,0.4435860779679322,0.8481391925989024,0.4818575481560455,0.0631525889039039,23.99217693470691,0.9790800276768002,1.3260030670353486,18.80638189551621,1.120624849722154,,0.4318650141854562,0.5791164886070879,1.4696938456699071,3342.3227290040813,3735.3515625,19024,33485,SSQ-FMT
sample_2323,3,shallow,uniform,ellipsoid+irregular,mixed_two_shape,0,1,1,0.806408794331581,0.6756155629347549,0.8694267515924093,0.7519087961511167,0.043938111513853,27.143172166582342,0.9865387146436554,2.5187058958992403,8.246211251235321,1.9510718394121047,,0.1351671721925879,0.2682797370994829,0.9797958971132712,3325.196519996098,3734.1640625,24806,28683,SSQ-FMT
sample_2357,3,medium,uniform,ellipsoid+irregular+sphere,mixed_three_shape,1,1,1,0.8101265822785446,0.6808510638299669,0.7983104540656031,0.822297756628265,0.0326058752834796,29.73408262786959,0.9911057398388934,1.0022174044904013,18.993683160461533,2.2866713871058324,,0.0300475866757307,0.2220558982537289,0.7211102550927979,3253.1126600006246,3735.1015625,15152,14710,SSQ-FMT
sample_2361,2,shallow,uniform,ellipsoid+sphere,mixed_two_shape,1,1,0,0.8591536587567179,0.7530844669410368,0.947085737020144,0.7861624834876271,0.0247403923422098,32.13186804270813,0.9949916394635938,0.5348223563227087,1.886796226411321,2.165243836160588,,0.1699141347424042,0.1768250668331569,0.4898979485566356,3292.982771003153,3734.6015625,10054,12112,SSQ-FMT
sample_2372,3,deep,uniform,ellipsoid+sphere,mixed_two_shape,1,1,0,0.6922159260366149,0.5293044469788719,0.6072736787027639,0.8047850208047768,0.0258527938276529,31.749850567298957,0.9933335472316976,2.375483258820437,10.10940156488009,2.2926892708029154,,0.3252427184466019,0.3162644844690384,1.077032961426901,3221.2760929978685,3734.9765625,7644,5768,SSQ-FMT
sample_2375,2,medium,uniform,ellipsoid+irregular,mixed_two_shape,0,1,1,0.764141061452617,0.6183076705752096,0.7216222900010538,0.8119840460070383,0.0307927560061216,30.231028951702704,0.991518371911387,0.8265913985474637,1.886796226411321,2.385076538063077,,0.1252202949633614,0.2776775272479457,0.7483314773547883,3219.073895998008,3735.3515625,12131,10781,SSQ-FMT
sample_2378,3,shallow,uniform,ellipsoid+sphere,mixed_two_shape,1,1,0,0.7030488455655829,0.5420781215714604,0.7279893907023296,0.6797605943865714,0.0368729420006275,28.6658439422954,0.9884939762065128,0.9050505564769944,3.1368774282716245,1.7162856122025971,,0.0662493120528343,0.343758394700154,1.077032961426901,3222.636049002176,3734.1640625,13573,14536,SSQ-FMT
sample_2385,2,deep,uniform,irregular,irregular,0,0,1,0.6763169164884999,0.5109356800834594,0.5588110403403272,0.8563991323213527,0.0262665823101997,31.61192858607908,0.9944897019696856,4.964894782815988,1.7204650534085255,2.8403858955684096,,0.5325379609544468,0.3049200712801205,0.66332495807108,3241.297869004484,3735.1015625,7065,4610,SSQ-FMT
sample_2409,2,shallow,uniform,ellipsoid+sphere,mixed_two_shape,1,1,0,0.6550558877049292,0.4870506378049023,0.4870506378049023,1.0,0.0315205305814743,30.028129842064708,0.992305998422018,3.605400755021784,2.513961017995307,16.107523213972716,,1.0531746031746032,0.3773652835385436,0.8485281374238571,3348.280320999038,3734.6015625,10348,5040,SSQ-FMT
sample_2413,3,shallow,uniform,ellipsoid+irregular,mixed_two_shape,0,1,1,0.3597507460069511,0.2193268767728506,0.5760258572237549,0.2615492598269132,0.0337100178003311,29.44482007589897,0.9868177223708512,0.583720409667423,2.5377155080899043,1.6404716478922787,,0.5459418070444104,0.7875741854414609,2.6619528201842995,3437.075144996925,3734.9765625,7116,15672,SSQ-FMT
sample_2418,1,deep,uniform,sphere,sphere,1,0,0,0.7496407013512028,0.5995402298856712,0.5995402298856712,1.0,0.0230013933032751,32.76491697480174,0.9960239778543478,0.1716011106601522,2.863564212655271,27.59099676647597,,0.6679447852760736,0.2943375274937701,0.6000000000000001,3399.761987995589,3735.3515625,6525,3912,SSQ-FMT
sample_2435,1,shallow,uniform,irregular,irregular,0,0,1,0.6165154128856097,0.4456250677659702,0.4456250677659702,1.0,0.0336740911006927,29.454082247404333,0.9940905817850928,0.2287338206096798,1.61245154965971,28.93039140117055,,1.2440389294403893,0.4995366336670701,1.0,3445.8080920012435,3734.1640625,9223,4110,SSQ-FMT
sample_2440,2,deep,uniform,ellipsoid,ellipsoid,0,1,0,0.5432615917957943,0.3729300941999276,0.9097726173200054,0.3872528830319323,0.0348721072077751,29.15043582653766,0.9924373897601716,0.1884948379976884,3.03315017762062,1.0071142757489555,,0.574341021416804,0.5794805472931354,1.2328828005937953,3420.8297719960683,3735.1015625,4134,9712,SSQ-FMT
sample_2442,3,medium,uniform,ellipsoid+irregular+sphere,mixed_three_shape,1,1,1,0.7404865246796505,0.5879147299249976,0.8718801996673735,0.6435087719301372,0.025943849235773,31.719311140937787,0.9930623276869438,1.8563970603956688,7.149825172687792,1.6004207111240736,,0.2619298245614035,0.5994402715712804,1.4142135623730951,3361.6369660012424,3734.6015625,8414,11400,SSQ-FMT
sample_2453,1,medium,uniform,ellipsoid,ellipsoid,0,1,0,0.8322363609771594,0.7126753507017627,1.0,0.7126753507017627,0.0220085997134447,33.148151961620485,0.9965818550929604,0.1969126131350727,1.61245154965971,1.7986730268431703,,0.2873246492985972,0.2015217267803578,0.447213595499958,3341.061154002091,3734.9765625,5690,7984,SSQ-FMT
sample_2472,2,medium,uniform,ellipsoid+sphere,mixed_two_shape,1,1,0,0.6242142983025176,0.4537147736981607,0.9475655430712544,0.4653994393837899,0.0357387885451316,28.93720301078025,0.9935869003829928,3.364809999395132,0.7211102550927979,1.1190802439594292,,0.5088472319551507,0.4606466324482597,1.4,3303.019842998765,3735.3515625,5607,11416,SSQ-FMT
sample_2477,2,medium,uniform,ellipsoid+irregular,mixed_two_shape,0,1,1,0.8355520969400975,0.7175521504607774,0.9103682170543178,0.7720992346808916,0.0285488832741975,30.88821737594193,0.9908637221274662,0.2292987164206936,8.5463442476886,2.152875424747044,,0.1518824798397452,0.2156902373649989,0.6000000000000001,3287.4156050020247,3734.1640625,16512,19469,SSQ-FMT
sample_2478,3,medium,uniform,ellipsoid+irregular+sphere,mixed_three_shape,1,1,1,0.5674223971021275,0.3960849282820787,0.9995599075805924,0.3961540138667439,0.0500651895999908,26.009282703303537,0.9864021155078324,0.6421289449934764,2.749545416973504,0.8831129586361163,,0.6036715649936772,0.7128158907308125,1.456021977856104,3282.423019001726,3735.1015625,9089,22933,SSQ-FMT
sample_2483,3,medium,uniform,ellipsoid+irregular+sphere,mixed_three_shape,1,1,1,0.837546376453169,0.7204987446275499,0.8441441890612533,0.8310509007019923,0.0308884512633085,30.20407735329818,0.9898417983182116,1.686728070485421,14.517575555167609,2.8210502664020125,,0.015510724979139,0.1948907481988733,0.632455532033676,3366.48981700273,3734.6015625,20057,20373,SSQ-FMT
sample_2494,3,deep,uniform,irregular+sphere,mixed_two_shape,1,0,1,0.4656321774693487,0.3034684191315783,0.802316602316984,0.3279930550080278,0.037965815514326,28.41214495988816,0.9905938548321398,0.4645796223163353,5.43323108288245,0.981830103812494,,0.5911924867808381,0.6276119933498929,1.4,3325.439262996952,3734.9765625,5180,12671,SSQ-FMT
sample_2505,3,medium,uniform,ellipsoid+sphere,mixed_two_shape,1,1,0,0.7697365612058539,0.6256680780178902,0.9089442371685904,0.6675059241708623,0.0257335789501667,31.789995807200896,0.9906794369417504,0.3991940389357249,6.2545983084447565,1.7666596145417215,,0.265625,0.2819972037225774,0.7483314773547883,3330.437389995496,3735.3515625,9917,13504,SSQ-FMT
sample_2533,1,deep,uniform,irregular,irregular,0,0,1,0.902254388154145,0.821915732040282,0.8482715470047736,0.9635749822317634,0.0153711037710309,36.26589892083052,0.9980290455808126,0.0910184260303161,1.82208671582886,6.101864058770787,,0.1359275053304904,0.0949799578688067,0.282842712474619,3344.150755001465,3734.1640625,6393,5628,SSQ-FMT
sample_2536,3,shallow,uniform,ellipsoid+irregular,mixed_two_shape,0,1,1,0.7605348019856659,0.6135991580919004,0.8597526009667734,0.6818477130979198,0.0300659369677305,30.438504653613148,0.9915542663183756,3.1355955801830984,18.1030384190058,1.5749256343908289,,0.2069256756756756,0.5336715893213865,3.5440090293338704,3357.4002099994686,3735.1015625,12207,15392,SSQ-FMT
sample_2584,1,deep,uniform,irregular,irregular,0,0,1,0.9218760336046028,0.8550742422384893,0.9485434249932636,0.8966670956120233,0.0152749801054596,36.32038660670501,0.9979118632418192,0.1349696194890302,1.5362291495737217,3.317173362750573,,0.0546905160211041,0.083525739782752,0.282842712474619,3284.6473550016526,3734.6015625,7346,7771,SSQ-FMT
sample_2589,3,shallow,uniform,ellipsoid+sphere,mixed_two_shape,1,1,0,0.6885159476321552,0.5249899504224005,0.8854237288136887,0.5632547441061219,0.0251761376857757,31.98021780588816,0.9914829936537464,0.7749629224661515,2.6981475126464085,1.545872776905841,,0.3638585393904542,0.6185691566862844,3.1622776601683795,3265.765550997457,3734.9765625,8850,13912,SSQ-FMT
sample_2600,1,shallow,uniform,sphere,sphere,1,0,0,0.7865809092239537,0.6482351523917018,0.6497222893025238,0.996481481481488,0.0246514584869146,32.16314703237329,0.9957972693399068,0.3119067229568664,2.9529646120466806,14.935538850829449,,0.5337037037037037,0.2732191386405561,0.692820323027551,3213.939656998264,3735.3515625,8282,5400,SSQ-FMT
sample_2603,1,deep,uniform,ellipsoid,ellipsoid,0,1,0,0.9133527909522468,0.8405237535673658,0.9432931424265796,0.8852545968883617,0.0192144624888896,34.32743572402983,0.9968181939845268,0.114718513061248,2.973213749463701,3.204957150234346,,0.0615275813295615,0.1103794958525478,0.3464101615137755,3222.496111004148,3734.1640625,10616,11312,SSQ-FMT
sample_2614,3,medium,uniform,sphere,sphere,1,0,0,0.6735505188705284,0.5077845243659443,0.579050155348798,0.8049111549854332,0.0310030076652765,30.171923218526626,0.9907706958060256,0.585997658162371,21.2122606056026,2.47410781806215,,0.3900542941757157,0.360929717191057,0.916515138991168,3272.8016980036045,3735.1015625,11265,8104,SSQ-FMT
sample_2643,1,deep,uniform,ellipsoid,ellipsoid,0,1,0,0.8001862064027071,0.6669253268073378,0.9999105065330232,0.6669651384911253,0.035004436969757,29.117537668229552,0.992831897719576,0.1584500826589525,2.4819347291981715,1.5814099408964009,,0.3329751671442216,0.3059023144117787,0.5656854249492381,3256.081475999963,3734.6015625,11174,16752,SSQ-FMT
sample_2650,3,medium,uniform,ellipsoid+sphere,mixed_two_shape,1,1,0,0.6455583756347427,0.4766232549428683,0.5050635424945342,0.8943389592125627,0.0305465180426836,30.300765555366084,0.9910219023612558,1.2706584575019728,2.2891046284519194,3.173539495099327,,0.770745428973277,0.3742005412389204,1.3251336950139785,3300.2172609994886,3734.9765625,10072,5688,SSQ-FMT
sample_2655,1,shallow,uniform,ellipsoid,ellipsoid,0,1,0,0.7684098185700805,0.62391681109232,0.62391681109232,1.0,0.0257006250321865,31.801126118404778,0.9959473911615412,0.3723872703427794,0.5656854249492381,26.841204052507752,,0.6027777777777777,0.2969578697785795,0.8485281374238571,3346.987528995669,3735.3515625,8078,5040,SSQ-FMT
sample_2676,3,shallow,uniform,ellipsoid+sphere,mixed_two_shape,1,1,0,0.5610087902890535,0.3898625554509564,0.5004667662439316,0.6382142857147164,0.040367666631937,27.879326578698176,0.988902228465756,2.445182606907143,6.80294054067798,1.310329468029063,,0.2752380952380952,0.5395567038448049,2.04939015319192,3373.083141996176,3734.1640625,10712,8400,SSQ-FMT
sample_2682,2,medium,uniform,irregular,irregular,0,0,1,0.7564817738484523,0.6083399164882021,0.9345527045770332,0.6354099133614455,0.0304204039275646,30.33670067422484,0.991280423950714,0.4767850781786398,2.2891046284519194,1.5611049227950826,,0.3200919431838274,0.3318974497409025,0.7483314773547883,3303.4410680047586,3735.1015625,11536,16967,SSQ-FMT
sample_2684,3,medium,uniform,ellipsoid+irregular,mixed_two_shape,0,1,1,0.7566125968143517,0.6085091379211327,0.987789754841183,0.6131209663096613,0.0372648052871227,28.574023245125357,0.9905791271214088,0.6889419679220599,2.863564212655271,1.4432074077212305,,0.3793001361833146,0.2729930054092229,0.6000000000000001,3325.290414002666,3734.6015625,10483,16889,SSQ-FMT
sample_2698,2,deep,uniform,ellipsoid,ellipsoid,0,1,0,0.8296597781536217,0.7089047805644059,0.9141034548096292,0.7594983207390011,0.0293136145919561,30.658612574877573,0.9919615346618298,0.8076462374193484,3.84187454245971,1.995172950522868,,0.1691330814441645,0.2376483268921409,0.8246211251235323,3357.118347004871,3734.9765625,15833,19056,SSQ-FMT
sample_2702,2,deep,uniform,ellipsoid+irregular,mixed_two_shape,0,1,1,0.5929111671365913,0.4213743676228695,0.4243260454262106,0.983759842519725,0.0332513414323329,29.56381606696325,0.9928842690231766,1.397047564100092,1.2806248474865698,6.134833474074322,,1.3184055118110236,0.4485930194766568,0.938083151964686,3305.838752006821,3735.3515625,9422,4064,SSQ-FMT
sample_2711,3,deep,uniform,ellipsoid+sphere,mixed_two_shape,1,1,0,0.7299338682064755,0.5747211502883255,0.7727628118560148,0.6916030534353107,0.0382905229926109,28.338174141748496,0.9895351585569204,1.2319244351384109,15.658863304850708,1.76139830532981,,0.1050254452926208,0.3407084709244108,1.077032961426901,3301.8061420007143,3734.1640625,14069,15720,SSQ-FMT
sample_2719,1,shallow,uniform,ellipsoid,ellipsoid,0,1,0,0.8115928413735678,0.6829249011860214,0.6939513213915223,0.9772624434389398,0.0281892586499452,30.998326692950503,0.9948769521093253,0.5532201792672882,2.4166091947189146,7.438405695562626,,0.4082579185520362,0.2726510107590817,0.8717797887081349,3350.748716999078,3735.1015625,12449,8840,SSQ-FMT
sample_2741,3,medium,uniform,ellipsoid+sphere,mixed_two_shape,1,1,0,0.752044198895119,0.6026208606341995,0.7529871662488915,0.7511035903474462,0.0299646854400634,30.46780565535675,0.990635534655302,1.1095837936279411,18.193405398660254,2.062132250788629,,0.0025014714537963,0.3669071795014612,1.5748015748023625,3320.8015769996564,3734.6015625,13558,13592,SSQ-FMT
sample_2745,2,medium,uniform,irregular+sphere,mixed_two_shape,1,0,1,0.6267529665591273,0.4564021995293841,1.0,0.4564021995293841,0.0224152412265539,32.98913137329461,0.9949600501086762,2.1513676357041405,15.155197128378106,1.2737556998628283,,0.5435978004713276,0.3801833002708358,0.692820323027551,3351.967053000408,3734.9765625,3486,7638,SSQ-FMT
sample_2747,2,shallow,uniform,irregular+sphere,mixed_two_shape,1,0,1,0.678625613565516,0.5135755774689224,0.9727516950237012,0.5210717467282114,0.0323330089449882,29.8070773731268,0.9915550669411958,0.2937330250771259,11.041738993473809,1.2049063887264988,,0.4643322140752415,0.4007502334692384,0.7483314773547883,3369.359830001485,3735.3515625,7817,14593,SSQ-FMT
sample_2751,2,medium,uniform,sphere,sphere,1,0,0,0.8769248317555167,0.780824700386166,0.8551724137932645,0.8998127340825142,0.0191148575395345,34.372578040806346,0.9960101734514184,0.664447169355868,1.61245154965971,3.668834342106236,,0.0522003745318352,0.1236595694875588,0.447213595499958,3382.129897996492,3734.1640625,8990,8544,SSQ-FMT
sample_2759,1,medium,uniform,irregular,irregular,0,0,1,0.8776096321662004,0.781911229209938,0.986833933672852,0.7901541521633115,0.0216487497091293,33.29134332304717,0.9964135612988582,0.0992918007623744,1.077032961426901,2.168198992650051,,0.1993038289408254,0.1504321443302879,0.4,3332.3299969997606,3735.1015625,8051,10055,SSQ-FMT
sample_2769,3,shallow,uniform,ellipsoid+sphere,mixed_two_shape,1,1,0,0.3197943916658314,0.1903305107898441,0.5840737636218205,0.2201718907992794,0.0344442948698997,29.257654314206277,0.9900589388933576,0.7503049574534948,2.9597297173897488,1.3405473921437878,,0.6230409504550051,0.9225050257160374,2.23606797749979,3330.8176349964924,3734.6015625,5965,15824,SSQ-FMT
sample_2771,1,shallow,uniform,ellipsoid,ellipsoid,0,1,0,0.9280145739009488,0.8656970060479504,0.970471227657326,0.8891170431212069,0.0233460403978824,32.63573539551525,0.9957879816894436,0.2394413095004851,2.668332812825267,3.181476435219889,,0.083829568788501,0.1110351744692841,0.4,3333.341946003202,3734.9765625,17847,19480,SSQ-FMT
sample_2784,1,deep,uniform,sphere,sphere,1,0,0,0.8526068208547113,0.7430816535706473,0.7806891600865385,0.9391191709845874,0.0164514444768428,35.675918511867295,0.9973343104243976,0.2701853647536463,2.7928480087537886,4.936738924002232,,0.2029360967184801,0.1541169562702575,0.447213595499958,3249.4412809974165,3735.3515625,5572,4632,SSQ-FMT
sample_2799,3,medium,uniform,ellipsoid+sphere,mixed_two_shape,1,1,0,0.8000275824024962,0.6667049764396813,0.7477442639857259,0.8601720047450622,0.0333420671522617,29.540149206993057,0.991472690659759,0.3801651863570046,18.358649187780674,2.612719894691508,,0.1503558718861209,0.3058650353099927,1.2806248474865698,3240.1865299980277,3734.1640625,15516,13488,SSQ-FMT
sample_2804,2,medium,uniform,irregular+sphere,mixed_two_shape,1,0,1,0.8280279503106425,0.7065253395166392,0.9501113585746658,0.7337461300311887,0.024576362222433,32.189647667092686,0.9942787079017976,1.1479661004800994,2.244994432064365,2.0389157336535995,,0.2277261781905744,0.1959683711377684,0.5656854249492381,3277.0113140068133,3735.1015625,8980,11628,SSQ-FMT
sample_2833,3,medium,uniform,irregular+sphere,mixed_two_shape,1,0,1,0.704732201763507,0.5440822374518021,0.63355979726126,0.7939189189191974,0.0282980445772409,30.964871405450225,0.9923261410274709,0.9185768153351808,15.84297951775486,2.3007822292202484,,0.2531081081081081,0.3320576813643646,0.8246211251235323,3217.862466997758,3734.6015625,9273,7400,SSQ-FMT
sample_2844,2,medium,uniform,ellipsoid+irregular,mixed_two_shape,0,1,1,0.8064255078094171,0.6756390263748894,0.9292241700858548,0.7122944960688261,0.0307270139455795,30.249592705558467,0.9928168497597876,0.9302053677653084,3.627671429443411,1.7649383518271369,,0.2334524660471765,0.2306322102059514,0.6000000000000001,3202.0519219950074,3734.9765625,10724,13990,SSQ-FMT
sample_2850,3,deep,uniform,ellipsoid+irregular,mixed_two_shape,0,1,1,0.7967196419479011,0.6621230344337555,0.8384476534296941,0.7589481746235593,0.0343850068747997,29.27261730368908,0.989500578372542,1.2547945817533457,10.994544101507802,2.0396527544040794,,0.0948174623436303,0.2548377568539968,0.8,3433.1208250005147,3735.3515625,17728,19585,SSQ-FMT
sample_2872,1,medium,uniform,irregular,irregular,0,0,1,0.801065834795736,0.6681483087601169,0.6749534552626492,0.985134271099768,0.0254219435155391,31.895824424283145,0.9955898082473414,0.2067505286206856,3.0594117081556718,8.89143328992558,,0.4595588235294117,0.2514037993789062,0.6000000000000001,3351.1686119964,3734.1640625,9131,6256,SSQ-FMT
sample_2873,2,shallow,uniform,irregular,irregular,0,0,1,0.4363545484843082,0.2790623335116898,0.2921360847749111,0.8617966436332287,0.0383047275245189,28.33495269731392,0.9931143532889832,1.8905019885446068,3.0594117081556718,3.010800365561362,,1.94998354721948,2.1893063133523265,19.53509656084743,3393.5349349994794,3735.1015625,8965,3039,SSQ-FMT
sample_2874,1,medium,uniform,irregular,irregular,0,0,1,0.8035976822625586,0.6716784733270613,0.6727483347818234,0.9976379643547398,0.0218120831996202,33.226056550576864,0.9964164584146452,0.146384092167238,2.6153393661244047,19.279123346553817,,0.4829289242001288,0.2190934807968214,0.447213595499958,3387.77037300315,3734.6015625,6906,4657,SSQ-FMT
sample_2887,2,shallow,uniform,ellipsoid+irregular,mixed_two_shape,0,1,1,0.7080919568267249,0.5480978004344623,0.9618952948973144,0.5602624722572807,0.0385589525103569,28.27749557825459,0.9886087433867028,2.1462896587637674,3.0724582991474434,1.261513126765006,,0.4175431824761169,0.4062448234557339,1.0,3308.5884009997244,3734.9765625,12072,20726,SSQ-FMT
sample_2909,2,deep,uniform,irregular,irregular,0,0,1,0.6905644419016169,0.5273756601696389,0.9686649452160174,0.5365287978355097,0.0450588166713714,26.92440448387832,0.987387388019194,1.5860512532656272,5.674504383644443,1.2780062883253005,,0.446115191341322,0.481235556135376,1.32664991614216,3336.1970240002847,3735.3515625,14329,25870,SSQ-FMT
sample_2932,2,medium,uniform,ellipsoid+sphere,mixed_two_shape,1,1,0,0.8627464888637173,0.7586228403918427,0.9347525361205544,0.8010405690201521,0.0333104729652404,29.548382995439614,0.9932550051913674,4.734594555895877,20.88157082213884,2.2268313244257185,,0.14304531085353,0.1716731729249149,0.6000000000000001,3332.358634004777,3734.1640625,13012,15184,SSQ-FMT
sample_2934,1,deep,uniform,irregular,irregular,0,0,1,0.885221915135797,0.7940790433135525,0.9737124463519548,0.811475409836206,0.0244298987090587,32.24156725934955,0.9954865495096866,0.2024541776356303,1.5748015748023625,2.3010293150923578,,0.1666169895678092,0.1532341175753063,0.4,3329.042204997677,3735.1015625,11184,13420,SSQ-FMT
sample_2936,1,deep,uniform,ellipsoid,ellipsoid,0,1,0,0.4152063583267114,0.2619939577048193,0.2619939577048193,1.0,0.037188958376646,28.59171950084424,0.9940237436090588,0.2414570119183967,1.63707055437449,26.863582691830835,,2.8168819188191883,0.7844694869630987,1.1489125293076057,3351.3608959983685,3734.6015625,8275,2168,SSQ-FMT
sample_2945,3,deep,uniform,ellipsoid+sphere,mixed_two_shape,1,1,0,0.787664679473182,0.6497085964064476,0.6606988517105066,0.9750364431487336,0.0207887776196002,33.64342064182829,0.9941750336256884,0.5678630424822457,7.079548008171144,6.821890629246102,,0.475765306122449,0.1749906440789034,0.447213595499958,3341.010997995909,3734.9765625,8099,5488,SSQ-FMT
sample_2948,2,deep,uniform,ellipsoid+sphere,mixed_two_shape,1,1,0,0.8741418764302745,0.7764227642278586,0.8943143812710207,0.8548593350385177,0.0201898459345102,33.89734042487552,0.9960235257216628,0.7799872550181334,17.587495557924104,2.8728438121178823,,0.0441176470588235,0.1211986813710752,0.3464101615137755,3332.5506190012675,3735.3515625,8970,9384,SSQ-FMT
sample_2951,1,shallow,uniform,irregular,irregular,0,0,1,0.5847095671984733,0.4131375113173592,0.4131375113173592,1.0,0.036749143153429,28.695055707301947,0.9937710855156278,0.2885273717078991,1.077032961426901,24.66280204758684,,1.4205015826637448,0.5757620093299399,0.916515138991168,3317.013155996392,3734.1640625,9941,4107,SSQ-FMT
sample_2956,2,deep,uniform,ellipsoid+irregular,mixed_two_shape,0,1,1,0.731171777794239,0.5762574988468201,0.5839373392569746,0.9776864357017464,0.0260239951312541,31.692520575938428,0.9945613913791748,0.9103167053507472,2.8354893757515653,7.739794342373827,,0.6743002544529262,0.2800284865678407,0.632455532033676,3354.226777999429,3735.1015625,8554,5109,SSQ-FMT
sample_2961,2,medium,uniform,irregular,irregular,0,0,1,0.6009591367771001,0.4295508105410058,0.6392136025508616,0.5670248868782362,0.0402961187064647,27.89473651886308,0.9911039892805612,0.8820836203390489,2.3579652245103198,1.2389052916659602,,0.1129336349924585,0.4622938775716997,1.4142135623730951,3250.4145140046603,3734.6015625,9410,10608,SSQ-FMT
sample_2977,1,medium,uniform,irregular,irregular,0,0,1,0.7965895249696732,0.6619433198383988,0.8560209424085654,0.7448747152622495,0.0273583382368087,31.258205499258484,0.9952129869553086,0.5069935508206794,1.2328828005937955,1.8430470733485145,,0.1298405466970387,0.2562516746993988,0.6000000000000001,3313.8970820000395,3734.9765625,7640,8780,SSQ-FMT
sample_2987,3,deep,uniform,ellipsoid+sphere,mixed_two_shape,1,1,0,0.4368413240318859,0.2794606400158774,0.6048088779292955,0.3418912639412849,0.0291253589093685,30.714573861744704,0.9926486283571844,1.5389844706594018,3.9496835316263,0.7729615871786534,,0.4347118959107807,0.87819322249076,2.61798970856151,3253.463177999947,3735.3515625,4866,8608,SSQ-FMT
sample_2993,3,deep,uniform,irregular+sphere,mixed_two_shape,1,0,1,0.6373267372942375,0.4677032673474431,0.5506895717400188,0.7563136907401901,0.0382273644208908,28.35251280708128,0.9915030816564592,1.389165246805002,4.979959839195494,2.0586134843953903,,0.3733938856889676,0.3857175570664137,1.4,3213.15240200056,3734.1640625,12399,9028,SSQ-FMT
sample_0002,1,shallow,uniform,ellipsoid,ellipsoid,0,1,0,0.8817861339601025,0.7885666246323761,0.8157231063572348,0.9594926350245914,0.0214903317391872,33.35513735338263,0.9925190658472776,0.0468424025080259,4.049691346263317,5.450531579375008,,0.1762479541734861,0.1612835137220786,0.447213595499958,5921.709565000128,3297.53076171875,11499,9776,w/o transport-aware footprint
sample_0006,1,deep,uniform,sphere,sphere,1,0,0,0.8690607329074913,0.7684415584418591,0.9232329536590368,0.8208934517205593,0.018626183271408,34.597522537220506,0.9947059419967572,0.1664090454673349,2.4166091947189146,3.220391148340432,,0.1108490566037735,0.1501335961226873,0.4,2522.093624000263,3297.53076171875,6409,7208,w/o transport-aware footprint
sample_0022,2,shallow,uniform,irregular,irregular,0,0,1,0.5189345149160086,0.3503791831911567,0.352636370002554,0.98205928237133,0.0390972048044204,28.157085489183103,0.9838334810286624,0.6727988375204128,2.209072203437452,7.166920321093954,,1.7849063962558502,0.5981561073320869,1.3416407864998738,2555.2570660001948,3297.53076171875,14281,5128,w/o transport-aware footprint
sample_0032,1,shallow,uniform,irregular,irregular,0,0,1,0.8840919427632215,0.7922623526462301,0.9267272993986162,0.8452070372601209,0.0249793957918882,32.04836173834892,0.9924404457465076,0.2522957283096452,2.56124969497314,3.0918687247520094,,0.0879657502174058,0.1656325960312527,0.447213595499958,2518.481299999621,3297.53076171875,13634,14949,w/o transport-aware footprint
sample_0038,2,deep,uniform,irregular+sphere,mixed_two_shape,1,0,1,0.7572636433513615,0.6093518060368571,0.7277831129498945,0.7892333573661866,0.0287505183368921,30.827086188062463,0.9862529084199216,1.473640766763849,17.413787640832194,2.772847537729212,,0.0844348313706641,0.3270056201680131,0.8,2435.2872899999056,3297.53076171875,13537,12483,w/o transport-aware footprint
sample_0079,2,medium,uniform,ellipsoid,ellipsoid,0,1,0,0.5832147110944477,0.4116465039986009,0.4154973301877497,0.977981293842578,0.0484494008123874,26.29423155642632,0.9783428663048518,0.6383374546251734,1.019803902718557,7.317052387398419,,1.3537607170693686,0.5777831346805071,1.61245154965971,2449.6322289996897,3297.53076171875,24159,10264,w/o transport-aware footprint
sample_0096,2,medium,uniform,ellipsoid+sphere,mixed_two_shape,1,1,0,0.7641900510205022,0.618371822990828,0.6306578947370851,0.96945792880262,0.0329310707747936,29.647882508033906,0.9827884090627,0.9761004598556818,1.9595917942265424,6.030517656532979,,0.5372168284789643,0.2859733180917678,0.7211102550927979,2424.72223599907,3297.53076171875,15200,9888,w/o transport-aware footprint
sample_0100,2,shallow,uniform,sphere,sphere,1,0,0,0.2898550724642827,0.1694915254244326,0.1694915254244326,1.0,0.0401266440749168,27.931342870657684,0.9876428060370772,0.2578866585536064,1.876166303929372,12.104849481742546,,4.9,0.9199216127789784,1.4142135623730951,2523.7206609999703,3297.53076171875,11800,2000,w/o transport-aware footprint
sample_0108,1,deep,uniform,ellipsoid,ellipsoid,0,1,0,0.8437814800465542,0.7297768246097918,0.7843970609423827,0.9128940308518504,0.0271332114934921,31.329975861480072,0.9876576677532068,0.3646542577072163,3.4467375879228177,4.501687908488641,,0.1638162307176391,0.2302000612667348,0.5656854249492381,2484.665693998977,3297.53076171875,13882,11928,w/o transport-aware footprint
sample_0113,3,medium,uniform,ellipsoid,ellipsoid,0,1,0,0.5862007699143701,0.4146280160862812,0.4197981168891171,0.9711538461539028,0.0340116322040557,29.36745028184504,0.980350196218978,0.9065101009493678,1.939071942966532,6.286101080367357,,1.3133830455259026,0.5103436734978147,1.886796226411321,2467.8555650007183,3297.53076171875,11789,5096,w/o transport-aware footprint
sample_0122,3,deep,uniform,ellipsoid+sphere,mixed_two_shape,1,1,0,0.6920356140994056,0.5290936217832096,0.6394920730335566,0.7539865343730032,0.0342350676655769,29.31057619344683,0.9854143805335052,0.428392656665069,4.2708313008125245,2.5812744795289264,,0.1790396881644224,0.3500891687956696,1.0954451150103324,2501.885028001197,3297.53076171875,13309,11288,w/o transport-aware footprint
sample_0128,3,deep,uniform,ellipsoid+sphere,mixed_two_shape,1,1,0,0.7677526000414051,0.6230506958808211,0.895053797976638,0.6721538832611721,0.0280595328658819,31.03839063576217,0.984771472316354,1.4468950284261817,10.168579055108928,2.450342949388191,,0.2490352146647371,0.2606086289712904,0.66332495807108,2499.3467929998587,3297.53076171875,12454,16584,w/o transport-aware footprint
sample_0130,2,shallow,uniform,ellipsoid+sphere,mixed_two_shape,1,1,0,0.856103286385061,0.7484096039403361,0.8877799415775465,0.826609247506996,0.0205099023878574,33.760727996965294,0.9941176503470862,0.3205306531666175,4.294182110716778,2.827963375518504,,0.0689029918404351,0.169719869987091,0.5656854249492381,2552.964595000958,3297.53076171875,8216,8824,w/o transport-aware footprint
sample_0158,1,medium,uniform,irregular,irregular,0,0,1,0.8503100088575285,0.7395993836675815,0.751879699248509,0.9783938035059552,0.0173946563154459,35.19168320420488,0.9958617012315504,0.0974279290293536,0.894427190999916,7.238064506038942,,0.3012637586628618,0.1647456776005501,0.447213595499958,2534.407065999403,3297.53076171875,6384,4906,w/o transport-aware footprint
sample_0163,3,deep,uniform,ellipsoid+sphere,mixed_two_shape,1,1,0,0.6808265478569362,0.5161008559951574,0.5236941621368922,0.972673397717326,0.0362259894609451,28.81959527377326,0.9804707153879072,0.2718579231420586,20.56307370020348,6.742401601369815,,0.8573309920983319,0.3620093980204455,0.8485281374238571,2538.6992589992587,3297.53076171875,16924,9112,w/o transport-aware footprint
sample_0180,1,medium,uniform,sphere,sphere,1,0,0,0.50505330195244,0.3378403408044657,0.3378403408044657,1.0,0.0351716615259647,29.07614269073063,0.9890337305354076,0.086400111057726,2.6758176320519307,15.92130799814798,,1.9599780701754383,0.7299695659904104,1.264911064067352,2546.313780998389,3297.53076171875,10798,3648,w/o transport-aware footprint
sample_0187,3,medium,uniform,ellipsoid+sphere,mixed_two_shape,1,1,0,0.7710051280125155,0.6273460903589817,0.9642001409443438,0.6423072108163362,0.0386032462120056,28.267523532603057,0.9772275452621182,0.7980636768270782,2.5377155080899043,1.9566014093499215,,0.3338445167751627,0.3481701661771195,0.8717797887081349,2560.15188099991,3297.53076171875,21285,31952,w/o transport-aware footprint
sample_0189,3,shallow,uniform,irregular+sphere,mixed_two_shape,1,0,1,0.7935877941290705,0.6578081606495801,0.7106720827180065,0.8984069557099268,0.036745935678482,28.6958139533209,0.9782447024910048,0.2534376067831493,3.2496153618543846,3.787828863660344,,0.2641652564626247,0.3078134807649536,1.0,2485.058661999574,3297.53076171875,21664,17137,w/o transport-aware footprint
sample_0192,3,medium,uniform,ellipsoid+irregular,mixed_two_shape,0,1,1,0.6087405723733812,0.4375464131891893,0.475621569260998,0.8453371592541674,0.0339186899363994,29.39121857249005,0.9839337064228652,1.5778944316447885,2.8284271247461903,3.7344754184772255,,0.7773314203730273,0.3873567682559559,1.0,2466.355180000392,3297.53076171875,12388,6970,w/o transport-aware footprint
sample_0207,2,medium,uniform,irregular+sphere,mixed_two_shape,1,0,1,0.8074374195170051,0.6770608375034622,0.9248812778817636,0.716459506159235,0.0320533588528633,29.88252856395956,0.9883533071855762,0.3255846451620803,7.696752561957544,2.190673597487757,,0.2253497575385987,0.4151287470320752,0.8246211251235323,2531.7316180007765,3297.53076171875,13898,17941,w/o transport-aware footprint
sample_0234,3,deep,uniform,ellipsoid+sphere,mixed_two_shape,1,1,0,0.5965586849949069,0.4250684931510787,0.5057864710680474,0.7270384254923534,0.0384044498205184,28.312369082085542,0.9741659827493782,1.2626426092731688,0.692820323027551,2.954398146915971,,0.4374414245548266,0.5704513412653431,1.8,2505.45818899991,3297.53076171875,12270,8536,w/o transport-aware footprint
sample_0240,2,deep,uniform,ellipsoid+sphere,mixed_two_shape,1,1,0,0.8388711042426173,0.7224616554698172,0.9745233820637988,0.7363695090440979,0.0279467273503541,31.0733807357372,0.9924250564279772,0.5951600772683722,4.223742416388575,2.675381316249303,,0.2443798449612403,0.1966247718143134,0.4898979485566356,2548.3240810008283,3297.53076171875,11697,15480,w/o transport-aware footprint
sample_0248,3,deep,uniform,irregular,irregular,0,0,1,0.7830668268786896,0.6434756190188199,0.9355640218652004,0.6733161136500404,0.0333024226129055,29.550483228745748,0.984892005626578,0.6736986721815599,17.92651667223725,1.9598263858260705,,0.2803099543016094,0.300807942292834,0.8,2587.4125930004084,3297.53076171875,18111,25165,w/o transport-aware footprint
sample_0260,3,medium,uniform,sphere,sphere,1,0,0,0.660500702145339,0.4930952208809969,0.7043271713315042,0.6218088986144951,0.0275034438818693,31.212258777241697,0.9834208057455296,0.6626178756811343,7.891767862779544,2.4689452990797105,,0.1171590080233406,0.369826435322387,0.8485281374238571,2480.2606129997,3297.53076171875,9683,10968,w/o transport-aware footprint
sample_0276,2,shallow,uniform,irregular+sphere,mixed_two_shape,1,0,1,0.800892613170689,0.6679073300420297,0.7054717586651914,0.9261638929851208,0.0270980913192033,31.34122621089521,0.9874192228119476,0.1207587185038789,10.55840897105241,5.158773141724805,,0.3128291552559511,0.2233279761461971,0.6540641302598532,2574.280872999225,3297.53076171875,12464,9494,w/o transport-aware footprint
sample_0280,1,shallow,uniform,irregular,irregular,0,0,1,0.2864908395416886,0.1671953941967251,0.1671953941967251,1.0,0.03626149892807,28.81108458832477,0.9872176772063952,0.7309370871372749,1.7320508075688774,15.778999218552858,,4.981026001405481,1.060675273576675,1.9798989873223332,2525.480635000349,3297.53076171875,8511,1423,w/o transport-aware footprint
sample_0290,3,medium,uniform,ellipsoid+irregular,mixed_two_shape,0,1,1,0.6290178877391444,0.4588082383526001,0.7821714675304396,0.5260201742322753,0.0421053506433963,27.513254441035464,0.9826320158815872,1.7806907916233874,14.058449416631978,1.5696684556915936,,0.3274873911049977,0.449162959418152,1.6492422502470645,2573.570550999648,3297.53076171875,11734,17448,w/o transport-aware footprint
sample_0297,1,shallow,uniform,irregular,irregular,0,0,1,0.8133186166299436,0.6853723569171667,0.9565556036348276,0.7073920000001873,0.0301354341208934,30.418451119734637,0.990895360250668,0.3317841855304122,3.888444419044716,2.313329107065293,,0.26048,0.2798574724717396,0.8246211251235323,2594.836596001187,3297.53076171875,11555,15625,w/o transport-aware footprint
sample_0300,3,shallow,uniform,ellipsoid+irregular,mixed_two_shape,0,1,1,0.6951114338887499,0.5326979268126251,0.5531715070079806,0.935034802784302,0.0347416102886199,29.18300132268193,0.9822271055121904,0.5486512207196078,9.079647570252934,5.315789707041652,,0.6903162779338137,0.3321444205812217,1.0,2540.8833180008514,3297.53076171875,13842,8189,w/o transport-aware footprint
sample_0308,2,deep,uniform,irregular,irregular,0,0,1,0.8149281952010917,0.6876614496279535,0.8221455173041855,0.8078364869691111,0.026612501591444,31.49828576807912,0.990146479078756,1.1574439963470091,16.644518617250547,2.954618113797747,,0.0174044983934309,0.2064117912058048,0.632455532033676,2494.8905399996875,3297.53076171875,11009,11204,w/o transport-aware footprint
sample_0322,2,deep,uniform,irregular+sphere,mixed_two_shape,1,0,1,0.6174623498568328,0.4466152149947314,0.4602972592157355,0.9375983705213058,0.0465030632913112,26.650368827694827,0.9831875385916372,0.4634471084278888,2.870540018881465,4.642555655577299,,1.0369410239792611,0.5709881088190446,1.4422205101855958,2475.8612799996627,3297.53076171875,22001,10801,w/o transport-aware footprint
sample_0328,1,medium,uniform,irregular,irregular,0,0,1,0.8345417035073183,0.7160631195633056,0.8061724177202981,0.864980449658034,0.0222634226083755,33.04816119225283,0.9948818380845772,0.4430671239411893,3.655133376499413,3.206560830660604,,0.0729472140762463,0.1994528618953185,0.6000000000000001,2471.806583998841,3297.53076171875,8781,8184,w/o transport-aware footprint
sample_0335,1,shallow,uniform,ellipsoid,ellipsoid,0,1,0,0.7618369526524014,0.6152961472115939,0.6152961472115939,1.0,0.021156657487154,33.49105912262332,0.9937739289737834,0.204659298149294,1.6970562748477145,12.224808652397131,,0.625233644859813,0.2789163972226695,0.6000000000000001,2465.2273880001303,3297.53076171875,6956,4280,w/o transport-aware footprint
sample_0347,2,deep,uniform,ellipsoid+irregular,mixed_two_shape,0,1,1,0.5998098859318759,0.4283774609646657,0.4692612791280748,0.830992098332241,0.0281233731657266,31.018651691471227,0.9893858315261044,0.7008506782075449,3.32264954516723,2.9201803838798157,,0.7708516242317822,0.4202211227768334,1.1661903789690602,2496.692341999733,3297.53076171875,8068,4556,w/o transport-aware footprint
sample_0350,3,shallow,uniform,sphere,sphere,1,0,0,0.5506706986124287,0.3799486411305585,0.4132433376010552,0.8250464684018934,0.0302533153444528,30.384540528846973,0.9837453005348528,2.863946968769448,23.4963827003222,3.758993373672385,,0.9965148698884758,0.6277060724837571,2.785677655436824,2492.7839770007267,3297.53076171875,8593,4304,w/o transport-aware footprint
sample_0378,2,deep,uniform,ellipsoid+sphere,mixed_two_shape,1,1,0,0.7258904394918677,0.5697237207783937,0.6206221061381808,0.8741638795987674,0.0352885536849498,29.0473226074519,0.9844857809945536,0.9499843187195944,2.615339366124404,3.7441834518940023,,0.4085284280936455,0.3615989328453303,1.2806248474865698,2483.904525999605,3297.53076171875,16846,11960,w/o transport-aware footprint
sample_0382,2,shallow,uniform,irregular+sphere,mixed_two_shape,1,0,1,0.5793279455553811,0.4077844311383155,0.4077844311383155,1.0,0.0324205495417118,29.78359219052131,0.9896805743319126,0.6287523195067881,20.62716655287391,12.593743915361244,,1.4522760646108663,0.4577551128987363,0.8717797887081349,2503.972487000283,3297.53076171875,10020,4086,w/o transport-aware footprint
sample_0386,3,deep,uniform,irregular+sphere,mixed_two_shape,1,0,1,0.621594698774472,0.4509520517819072,0.536282789029567,0.7391841779977965,0.0383091829717159,28.33394168911173,0.981231884297774,0.8148107305144534,8.78635305459552,2.36330322194732,,0.3783477544293366,0.4010238211524402,1.2806248474865698,2489.82407999938,3297.53076171875,13381,9708,w/o transport-aware footprint
sample_0396,3,deep,uniform,ellipsoid,ellipsoid,0,1,0,0.598815610402178,0.4273638893267037,0.5555934748484366,0.6493299298024494,0.037402406334877,28.542009121622502,0.9830883386791606,1.2478291609380898,21.00285694852012,1.5521894035483927,,0.1687141033822591,0.6370483623637309,2.5377155080899043,2556.497771000068,3297.53076171875,14651,12536,w/o transport-aware footprint
sample_0397,3,medium,uniform,ellipsoid,ellipsoid,0,1,0,0.7453074163678379,0.5940159574470785,0.9103321785205724,0.6309322033900912,0.0264463312923908,31.55269125021927,0.9913753824961042,0.100811057491173,4.907137658554119,1.961307388666544,,0.3069209039548022,0.3496824676543522,0.9797958971132712,2565.1121479986614,3297.53076171875,9814,14160,w/o transport-aware footprint
sample_0401,3,deep,uniform,irregular+sphere,mixed_two_shape,1,0,1,0.5704843609174582,0.3990752848872599,0.3998783284199542,0.9949930135072252,0.0462193340063095,26.70352586884778,0.9706889497999924,2.322364846103887,13.446189051177289,8.745807413882758,,1.4882394038192828,0.6249437338100445,1.456021977856104,2540.6122130007134,3297.53076171875,21369,8588,w/o transport-aware footprint
sample_0409,2,medium,uniform,irregular+sphere,mixed_two_shape,1,0,1,0.4979200000002295,0.3314870046872411,0.3314870046872411,1.0,0.0434066765010356,27.248868866685385,0.9794933858438528,1.5940450010905889,4.24735211631906,10.49585550595369,,2.0167095115681235,0.6901265139736182,1.4142135623730951,2498.102586998357,3297.53076171875,16429,5446,w/o transport-aware footprint
sample_0418,3,medium,uniform,ellipsoid+sphere,mixed_two_shape,1,1,0,0.4630269523155986,0.3012589928065408,0.3281096963769244,0.7863849765264483,0.0316618531942367,29.98927262538882,0.9893741611706371,1.1082685860545185,13.125547607623844,1.9746353465038031,,1.3967136150234742,0.599816093962748,1.3564659966250538,2527.754647999245,3297.53076171875,8168,3408,w/o transport-aware footprint
sample_0436,2,medium,uniform,irregular,irregular,0,0,1,0.4396748431264691,0.2817841147982069,0.2819387288529657,0.9980576238264872,0.0342086441814899,29.317282491330204,0.987223152218788,0.2528290447965349,1.6970562748477145,10.11226442792105,,2.539980576238265,0.6493758555067342,1.216552506059644,2550.7903810012067,3297.53076171875,10935,3089,w/o transport-aware footprint
sample_0438,2,shallow,uniform,ellipsoid+sphere,mixed_two_shape,1,1,0,0.7469335540674641,0.5960845544083639,0.6153750774958272,0.9500382848392992,0.0250117797404527,32.037107998572225,0.9877736936739616,0.1662899195091046,1.8000000000000005,6.286404245831182,,0.5438361408882083,0.2519435405047903,0.66332495807108,2573.6252300011984,3297.53076171875,8065,5224,w/o transport-aware footprint
sample_0447,1,shallow,uniform,sphere,sphere,1,0,0,0.8507378437224008,0.7402469828799604,0.7666036913242746,0.955615942029066,0.0177224297076463,35.029534577891106,0.995624424955984,0.1108061877021994,3.0854497241083023,5.54835766948592,,0.2465579710144927,0.1677562841257719,0.447213595499958,2542.67131800043,3297.53076171875,6881,5520,w/o transport-aware footprint
sample_0449,2,deep,uniform,sphere,sphere,1,0,0,0.7183581736457781,0.5604983848642727,0.622999589659804,0.8481843575421115,0.0272304136306047,31.29891485796673,0.989801320042145,0.2306246656554431,10.067770358922576,3.013618847035345,,0.3614525139664804,0.3427325251954526,0.8485281374238571,2527.898422998988,3297.53076171875,9748,7160,w/o transport-aware footprint
sample_0456,3,medium,uniform,ellipsoid+sphere,mixed_two_shape,1,1,0,0.573855396726922,0.4023823358515965,0.8470948012234286,0.4338972431081241,0.042404007166624,27.451861738392207,0.9872387307826545,0.9960242314505476,8.438009243891594,1.385890820248351,,0.487781954887218,0.5030623581733141,1.0954451150103324,2469.5717230006267,3297.53076171875,8175,15960,w/o transport-aware footprint
sample_0458,1,deep,uniform,irregular,irregular,0,0,1,0.7656386383475665,0.6202710665885441,0.6340199975910925,0.9662199375803816,0.0247374549508094,32.13289947243337,0.9944823130764516,0.0912387693901442,0.8246211251235323,6.238444314798917,,0.5239581420965669,0.2806103798725232,0.692820323027551,2503.3218169992324,3297.53076171875,8301,5447,w/o transport-aware footprint
sample_0469,3,shallow,uniform,ellipsoid+sphere,mixed_two_shape,1,1,0,0.6954701180054742,0.5331193463674254,0.676666666666966,0.7153484729838337,0.0347208566963672,29.18819128743472,0.984732810837022,1.7042241166234269,10.231324449942932,2.306521262028229,,0.0571652310101801,0.324581761911763,0.894427190999916,2518.247641000926,3297.53076171875,10800,10216,w/o transport-aware footprint
sample_0472,1,shallow,uniform,ellipsoid,ellipsoid,0,1,0,0.909270067460051,0.8336344683809357,0.9020905399308904,0.9165647921761028,0.0218205079436302,33.222702859719774,0.9927450560169806,0.17212361019396,4.436214602563767,4.20334716068662,,0.0160452322738386,0.1181715113933475,0.3464101615137755,2480.3908909998427,3297.53076171875,13298,13088,w/o transport-aware footprint
sample_0473,3,medium,uniform,ellipsoid+irregular,mixed_two_shape,0,1,1,0.6423814549293488,0.4731678550370057,0.5381051091333142,0.7967861334298124,0.0394547097384929,28.078023254850983,0.9783559076814689,0.571198925844399,21.313845265460664,3.211007043523109,,0.4807258282928591,0.4664539689541208,1.1832159566199232,2534.6027800005686,3297.53076171875,16402,11077,w/o transport-aware footprint
sample_0511,2,deep,uniform,ellipsoid+irregular,mixed_two_shape,0,1,1,0.7756206238066117,0.6334806342607803,0.6905638991218565,0.8845735027224626,0.026807440444827,31.434892966606927,0.9894589294490054,2.7443664353759205,2.3151673805580453,3.961183280027218,,0.2809437386569873,0.242948476814608,0.66332495807108,2520.4268230008893,3297.53076171875,10587,8265,w/o transport-aware footprint
sample_0521,3,medium,uniform,ellipsoid+sphere,mixed_two_shape,1,1,0,0.7229993339044043,0.5661698956784156,0.656811894882731,0.8040211640213714,0.0286095272749662,30.86978638293944,0.9869766726989856,0.5967468026726258,17.363179432350517,2.8449072606238923,,0.2241269841269841,0.3350856345994452,0.8485281374238571,2560.285314999419,3297.53076171875,11568,9450,w/o transport-aware footprint
sample_0525,3,medium,uniform,ellipsoid+irregular,mixed_two_shape,0,1,1,0.5934175325081855,0.4218860580330662,0.5105995717349993,0.7083023912079187,0.030193094164133,30.401847459391234,0.98775927984761,4.961128615469288,1.019803902718557,2.079908808390063,,0.3871973860092084,0.4514144602331341,1.0954451150103324,2542.447539999557,3297.53076171875,9340,6733,w/o transport-aware footprint
sample_0535,2,medium,uniform,ellipsoid+sphere,mixed_two_shape,1,1,0,0.7856981046591461,0.6470368758164001,0.7423129057574785,0.8344694843212491,0.0303642973303794,30.35273555973445,0.9899487917451212,0.1075227976081632,5.329165037789691,3.0619663992013844,,0.1241478867591627,0.307352117594082,0.8717797887081349,2545.724779000011,3297.53076171875,14017,12469,w/o transport-aware footprint
sample_0536,2,deep,uniform,sphere,sphere,1,0,0,0.7574724490606854,0.6096222562536886,0.6228973790590391,0.9662216828479648,0.0236344076693058,32.529105626757506,0.9918449460550044,2.5463469879575595,17.63065512112355,6.397489185867732,,0.551173139158576,0.2660769602625392,1.0,2495.018923000316,3297.53076171875,7669,4944,w/o transport-aware footprint
sample_0541,1,shallow,uniform,irregular,irregular,0,0,1,0.6807978408270154,0.51606786427194,0.5163255117328843,0.999034003091192,0.0284801349043846,30.90915913475377,0.9922212667051434,0.2091153659518842,1.661324772583615,13.637821225865254,,0.9348918083462132,0.4115023495200066,0.8,2471.848578999925,3297.53076171875,10015,5176,w/o transport-aware footprint
sample_0566,3,medium,uniform,irregular+sphere,mixed_two_shape,1,0,1,0.5159613615456495,0.3476738059078983,0.3821675581754004,0.7938990728290792,0.0606598034501075,24.34197983542536,0.9735005497528484,0.5717625854366909,2.785677655436824,2.4717174351620312,,1.0773586241064477,0.6677569058512263,1.897366596101028,2472.9160639999463,3297.53076171875,29351,14129,w/o transport-aware footprint
sample_0585,2,deep,uniform,ellipsoid+sphere,mixed_two_shape,1,1,0,0.680153970101298,0.515328269126753,0.863605364855804,0.560986414648877,0.0319643765687942,29.90667539273092,0.9881277199303504,3.6161976613272735,12.08966500776593,1.8176544153647536,,0.3504134672179563,0.4375705341368833,0.894427190999916,2525.477477000095,3297.53076171875,8798,13544,w/o transport-aware footprint
sample_0603,1,medium,uniform,irregular,irregular,0,0,1,0.8247599451304156,0.7017799824922655,0.735623980424413,0.9384755463060114,0.0233921650797128,32.618591399434315,0.9939240896505246,0.2439036461293998,3.566510900025402,4.985229786559898,,0.2757544224765869,0.2234126398579458,0.7211102550927979,2498.957674999474,3297.53076171875,9808,7688,w/o transport-aware footprint
sample_0610,2,medium,uniform,sphere,sphere,1,0,0,0.5984305040683653,0.4269716955211411,0.4479279279283258,0.9012470997681248,0.0384168475866317,28.309565144313563,0.9841119296668044,0.4071637625333928,8.858893836140041,3.9580720192837457,,1.01203596287703,0.5393742605024054,1.6,2462.434013999882,3297.53076171875,13875,6896,w/o transport-aware footprint
sample_0626,3,shallow,uniform,ellipsoid+sphere,mixed_two_shape,1,1,0,0.4949510641605193,0.3288604459128154,0.3312538989398361,0.9785012285012616,0.0455428883433342,26.83158878798342,0.9768127247223508,1.0319869248405695,12.93986089569745,6.6752271676877735,,1.953931203931204,0.6814870374137536,1.5748015748023625,2500.0896100009413,3297.53076171875,19236,6512,w/o transport-aware footprint
sample_0633,2,medium,uniform,irregular+sphere,mixed_two_shape,1,0,1,0.5337820346884685,0.3640536723171326,0.395423165431609,0.8210777807278442,0.0306299868971109,30.27706346310696,0.9890035281614056,3.169302464484661,19.109160107131867,2.90757437835836,,1.0764534112025483,0.4974259324372627,1.1661903789690602,2525.596126000892,3297.53076171875,7822,3767,w/o transport-aware footprint
sample_0646,3,deep,uniform,ellipsoid+irregular,mixed_two_shape,0,1,1,0.7756881984192897,0.6335707925203076,0.7199595244120752,0.8407680945348688,0.0275504346936941,31.1974308081896,0.98780682188878,0.2267507736936377,19.54993606127652,2.8266124112997155,,0.1677991137370753,0.509188522663976,0.8246211251235323,2538.9732389994606,3297.53076171875,11859,10155,w/o transport-aware footprint
sample_0647,3,deep,uniform,ellipsoid+irregular+sphere,mixed_three_shape,1,1,1,0.7646997750476675,0.6190396145012501,0.7227528457413824,0.8118157101919231,0.0346056520938873,29.21705844731285,0.9829837331119808,1.195211012458796,3.5440090293338704,2.6315981540226727,,0.1232272760673084,0.386702259622199,1.8439088914585773,2536.936294000043,3297.53076171875,15286,13609,w/o transport-aware footprint
sample_0652,3,medium,uniform,ellipsoid+irregular+sphere,mixed_three_shape,1,1,1,0.6959057931387598,0.5336315348059639,0.759993629559038,0.6417860264947605,0.0345222614705562,29.238015009768684,0.9844366396721596,1.558331166386773,1.5362291495737217,1.70147355152189,,0.1555376235626387,0.4688869437324175,2.4166091947189146,2583.236626000144,3297.53076171875,12558,14871,w/o transport-aware footprint
sample_0661,1,medium,uniform,irregular,irregular,0,0,1,0.6244167032267282,0.4539286749785712,0.4539286749785712,1.0,0.0424654297530651,27.43928964063284,0.9875293917677056,0.4713638066651727,5.063595560468866,20.697097392544222,,1.2029892692897293,0.5848848862902608,1.212414379544733,2604.448557998694,3297.53076171875,17245,7828,w/o transport-aware footprint
sample_0666,1,deep,uniform,ellipsoid,ellipsoid,0,1,0,0.43743798919665,0.2799492027661351,0.2799492027661351,1.0,0.0422148145735263,27.490701973532488,0.9848549937345872,0.3373849379292059,3.5042830935870466,20.177727283108855,,2.572076612903226,0.9109169002981888,1.562049935181331,2477.817142998901,3297.53076171875,14174,3968,w/o transport-aware footprint
sample_0674,3,shallow,uniform,ellipsoid+irregular,mixed_two_shape,0,1,1,0.7909977494374377,0.6542566393648211,0.6869502899213715,0.9321899036336908,0.0299855191260576,30.46176803124453,0.9819899750886008,3.141081748304656,17.782013384316187,5.056180529024761,,0.3569976129431527,0.2632044581596727,0.8485281374238571,2502.243486000225,3297.53076171875,15349,11311,w/o transport-aware footprint
sample_0676,3,medium,uniform,irregular+sphere,mixed_two_shape,1,0,1,0.7578756570600842,0.6101447583471806,0.6979368364828084,0.8290767766498818,0.0317316874861717,29.970136902755293,0.9893088851262076,0.8598929649021833,4.565084884205332,3.2699178386581105,,0.1878965736040609,0.3022210062841035,0.894427190999916,2500.738802000342,3297.53076171875,14977,12608,w/o transport-aware footprint
sample_0681,3,medium,uniform,ellipsoid+irregular+sphere,mixed_three_shape,1,1,1,0.7857208687905792,0.6470677528717061,0.7959666376199452,0.7757355171369271,0.0328708477318286,29.66378138981052,0.9841504198751426,1.2463196668060312,8.565045242145544,2.682334790998539,,0.0254170457992114,0.387265671494879,1.077032961426901,2527.4849149991496,3297.53076171875,16066,16485,w/o transport-aware footprint
sample_0712,2,shallow,uniform,irregular+sphere,mixed_two_shape,1,0,1,0.4517912428132177,0.291815454935515,0.2993187312289946,0.9208924949291843,0.0413541309535503,27.669621901910347,0.9856937381091302,0.2669886078170945,1.7204650534085255,4.575165992630803,,2.0766283524904217,0.6537527002721052,1.5231546211727818,2543.9753139999084,3297.53076171875,13651,4437,w/o transport-aware footprint
sample_0751,3,shallow,uniform,irregular+sphere,mixed_two_shape,1,0,1,0.8111652381246406,0.6823195822816549,0.8084234677155816,0.8139256692654318,0.0375873669981956,28.499161703093897,0.9779063582899996,0.5659506402459811,2.3579652245103198,3.050825677090758,,0.0068060883554015,0.2550141697663779,0.7483314773547883,2571.033164000255,3297.53076171875,24408,24243,w/o transport-aware footprint
sample_0761,1,deep,uniform,sphere,sphere,1,0,0,0.7665062817430055,0.6214107703980697,0.6280113885242794,0.983367626886174,0.0243834145367145,32.25810937949359,0.9923415365198022,0.1655606141207337,1.624807680927192,7.592641061359825,,0.565843621399177,0.3041485455368147,0.66332495807108,2562.979758000438,3297.53076171875,9132,5832,w/o transport-aware footprint
sample_0777,2,medium,uniform,ellipsoid+irregular,mixed_two_shape,0,1,1,0.8587901034862069,0.7525259867704615,0.8734812689841911,0.8445849479910893,0.0354337766766548,29.0116512577919,0.9821224579033264,0.5657714599896813,5.2,3.1096433220105024,,0.0330817866612278,0.1958366498604125,0.6000000000000001,2483.4444290008832,3297.53076171875,23704,24515,w/o transport-aware footprint
sample_0778,1,deep,uniform,ellipsoid,ellipsoid,0,1,0,0.7131383096309362,0.5541685753552713,0.9527466036621848,0.569830428638972,0.0386690348386764,28.25273371655907,0.9910928986874648,0.4646976422576878,4.004996878900157,1.596696381310729,,0.4019076778144135,0.4584930117582899,1.077032961426901,2535.5057460001262,3297.53076171875,10158,16984,w/o transport-aware footprint
sample_0791,1,medium,uniform,sphere,sphere,1,0,0,0.926852288815548,0.8636763412491404,0.945139557266708,0.9092592592594272,0.0123223084956407,38.18615799438694,0.9975061985618588,0.0951619518975682,1.939071942966532,4.200220908049137,,0.0379629629629629,0.0702605678438641,0.2,2522.2074530011014,3297.53076171875,5195,5400,w/o transport-aware footprint
sample_0796,1,deep,uniform,ellipsoid,ellipsoid,0,1,0,0.8918368687201078,0.8047884319073073,0.8728628358402457,0.9116541353384644,0.017293807119131,35.24218824740347,0.9956287168157512,0.1964938469448882,3.7841775856849,4.252255978928486,,0.0444414607948442,0.1254803780575236,0.3464101615137755,2552.2680480007693,3297.53076171875,7779,7448,w/o transport-aware footprint
sample_0807,1,medium,uniform,ellipsoid,ellipsoid,0,1,0,0.7287997027129478,0.5733161833494231,0.583204472463919,0.9712757527734324,0.0249250587075948,32.06727614531948,0.9904846607842456,0.2432794884246388,2.08806130178211,6.421911598215028,,0.6654120443740095,0.3411083432290532,0.8246211251235323,2530.503460999171,3297.53076171875,8407,5048,w/o transport-aware footprint
sample_0817,1,shallow,uniform,sphere,sphere,1,0,0,0.5901232378760616,0.4185637026796396,0.4185637026796396,1.0,0.0281314142048358,31.016168689090104,0.9902091757177484,0.3387531470494477,1.4142135623730951,15.600464746015248,,1.3891225961538465,0.5235616617644588,0.9797958971132712,2504.492787000345,3297.53076171875,7951,3328,w/o transport-aware footprint
sample_0823,1,deep,uniform,irregular,irregular,0,0,1,0.7453965872868009,0.594129252107614,0.9338470212366718,0.6202334144669411,0.0363435931503772,28.791442828984405,0.9891691280919956,0.3424238726775277,4.404543109109048,1.7634649602605064,,0.3358297447419334,0.4042820819512803,1.1489125293076057,2471.098804000576,3297.53076171875,10642,16023,w/o transport-aware footprint
sample_0858,3,deep,uniform,ellipsoid+irregular,mixed_two_shape,0,1,1,0.7672227896947527,0.6223531577979664,0.7142253402080491,0.8287157357917773,0.0376814529299736,28.47744710739088,0.9761339658796198,0.687715575589553,2.172556098240044,3.3461399545017647,,0.1603001029765115,0.3144118635337438,0.9797958971132712,2397.64835799906,3297.53076171875,23662,20393,w/o transport-aware footprint
sample_0860,3,deep,uniform,ellipsoid+sphere,mixed_two_shape,1,1,0,0.7877740503541771,0.6498574383632527,0.8010474812212797,0.7749333333334834,0.0287262462079525,30.834422198652497,0.9804442744088464,0.4656557477853207,15.680561214446378,2.665782363209347,,0.0326,0.2743698010287748,1.0954451150103324,2362.3701649994478,3297.53076171875,14511,15000,w/o transport-aware footprint
sample_0867,3,medium,uniform,ellipsoid+irregular,mixed_two_shape,0,1,1,0.6585385121791552,0.4909112323821244,0.8542734166838463,0.5357785585741984,0.042401049286127,27.452468027769307,0.9813343520806512,0.8307480320430888,15.775931034332016,1.6185195266247252,,0.3728254349130174,0.5153125116695351,1.562049935181331,2529.9499510001624,3297.53076171875,14637,23338,w/o transport-aware footprint
sample_0870,3,shallow,uniform,ellipsoid+sphere,mixed_two_shape,1,1,0,0.4855169672581679,0.3205826389348988,0.5532782244371495,0.4325424929183493,0.036915399134159,28.655848690441736,0.9851632742180372,1.7624919462677648,1.939071942966532,1.1174865177068645,,0.2182188385269121,0.8309105565128951,3.4058772731852804,2501.9006929996976,3297.53076171875,8831,11296,w/o transport-aware footprint
sample_0875,3,shallow,uniform,sphere,sphere,1,0,0,0.6966424926136467,0.5344983925484011,0.5593995341216811,0.9231207289294944,0.0296472515910863,30.56031103862761,0.9831895455629516,2.7642760245366005,2.60768096208106,5.102358405616362,,0.6501993166287016,0.3291881012267153,1.0392304845413265,2484.0763110005355,3297.53076171875,11591,7024,w/o transport-aware footprint
sample_0881,3,deep,uniform,ellipsoid+irregular,mixed_two_shape,0,1,1,0.7326325253294145,0.5780742680964837,0.6700082221239422,0.808170582850241,0.0491327196359634,26.17258373958723,0.9763475834697788,0.3368411528214029,6.343500610861483,2.710659200018187,,0.2062099481232835,0.3723046116777141,1.077032961426901,2498.3741809992357,3297.53076171875,31622,26216,w/o transport-aware footprint
sample_0895,2,deep,uniform,sphere,sphere,1,0,0,0.7735964912281695,0.6307846362923748,0.8415076335879375,0.7158279220781527,0.027990298345685,31.059849746005668,0.9913852464254336,2.322073968430824,2.65329983228432,2.384869169119423,,0.1493506493506493,0.2613297376926305,0.6000000000000001,2548.496632998649,3297.53076171875,10480,12320,w/o transport-aware footprint
sample_0911,2,medium,uniform,irregular+sphere,mixed_two_shape,1,0,1,0.6468567740151578,0.478040137653931,0.997015349630474,0.4787252192310783,0.0539749898016452,25.35614848807777,0.98153590197267,0.9473580191604588,4.349712634186309,1.4008660965860638,,0.5198416760500905,0.5762994634576115,1.077032961426901,2613.530621998507,3297.53076171875,14072,29307,w/o transport-aware footprint
sample_0913,2,shallow,uniform,ellipsoid,ellipsoid,0,1,0,0.4507783380840546,0.290970846306757,0.290970846306757,1.0,0.0429798103868961,27.334710177829425,0.9834181131156586,0.7130850171947777,19.443250757010777,13.311644720575888,,2.436770428015564,0.7125858058281408,1.5748015748023625,2651.0567410005024,3297.53076171875,14132,4112,w/o transport-aware footprint
sample_0914,1,deep,uniform,ellipsoid,ellipsoid,0,1,0,0.5650353908215503,0.3937625967970788,0.3937625967970788,1.0,0.0312382578849792,30.10626340722898,0.9916513336821908,0.2220741580310785,3.130495168499705,24.91865487718852,,1.5396012931034482,0.5865064252375632,1.0,2598.7873249996483,3297.53076171875,9427,3712,w/o transport-aware footprint
sample_0920,1,medium,uniform,sphere,sphere,1,0,0,0.6788569839395961,0.5138406483533166,0.5225302365412366,0.9686507936508558,0.0281176585704088,31.020417149141416,0.9904316728963796,0.3989992589042283,2.814249455894058,6.386570117335765,,0.8537698412698412,0.4427501114264499,1.077032961426901,2640.5611660011346,3297.53076171875,9343,5040,w/o transport-aware footprint
sample_0932,1,medium,uniform,irregular,irregular,0,0,1,0.4319984523124085,0.2755089450965138,0.2755089450965138,1.0,0.032803788781166,29.681520207229507,0.992358189407053,0.2648125229126477,1.4966629547095769,27.93191176062472,,2.6296462158531124,0.7388696215965054,1.148912529307606,2477.714565999122,3297.53076171875,8105,2233,w/o transport-aware footprint
sample_0942,2,deep,uniform,irregular+sphere,mixed_two_shape,1,0,1,0.8520472616483228,0.7422320041432648,0.923783435385234,0.7906495655774505,0.0171195454895496,35.33015520794242,0.9936465997799264,1.288183365921408,1.63707055437449,2.853140706223118,,0.1441180526823886,0.141299938870093,0.4898979485566356,2499.788498000271,3297.53076171875,6206,7251,w/o transport-aware footprint
sample_0953,1,medium,uniform,ellipsoid,ellipsoid,0,1,0,0.8512394325835074,0.7410068353042254,0.8647452692868327,0.838148984198737,0.0300137624144554,30.453591438483308,0.9884455957555311,0.3693827016593681,3.104834939252005,3.083944636079586,,0.0307562076749435,0.2469381444356632,0.7483314773547883,2472.2657540005457,3297.53076171875,17175,17720,w/o transport-aware footprint
sample_0960,1,medium,uniform,ellipsoid,ellipsoid,0,1,0,0.796277964759588,0.6615131578951079,0.6631856656044155,0.9962021136063473,0.0232148244976997,32.68469225558247,0.9949000574122544,0.2414977054127555,1.61245154965971,14.58770108524583,,0.5021466314398944,0.2537623681059934,0.692820323027551,2536.002413999085,3297.53076171875,9097,6056,w/o transport-aware footprint
sample_0974,2,medium,uniform,ellipsoid+sphere,mixed_two_shape,1,1,0,0.696894646599641,0.5347953216381071,0.5713839425186327,0.893066406250261,0.0229925476014614,32.768258234011526,0.9916315843505504,0.2485800985134901,13.695254652615994,3.344033000533024,,0.56298828125,0.2884585256908745,0.6000000000000001,2489.362447999156,3297.53076171875,6402,4096,w/o transport-aware footprint
sample_0977,3,shallow,uniform,ellipsoid+sphere,mixed_two_shape,1,1,0,0.6041016495766072,0.4327690833602508,0.7453245324534787,0.5078710644680735,0.0448612533509731,26.96257142327005,0.9822478801694668,1.0030379137839762,9.56869897112455,1.2101784067941588,,0.3185907046476761,0.6261106564332032,2.973213749463701,2521.655117001501,3297.53076171875,10908,16008,w/o transport-aware footprint
sample_0979,1,medium,uniform,sphere,sphere,1,0,0,0.743942992874283,0.5922844175496085,0.5947911014654423,0.9929347826087084,0.0251945443451404,31.9738701982091,0.991538656067386,0.3042149258376019,2.870540018881465,8.254332725405408,,0.6693840579710145,0.3472056811518863,0.894427190999916,2608.3761859990773,3297.53076171875,9215,5520,w/o transport-aware footprint
sample_1000,3,medium,uniform,irregular+sphere,mixed_two_shape,1,0,1,0.6946854880634644,0.5321977819989387,0.5538481157944566,0.9315744315745048,0.0384611152112484,28.299562328616357,0.978873996721598,0.2660331096000666,5.844655678480984,4.402638307645897,,0.682003432003432,0.443390126827711,1.8110770276274837,2461.417237000205,3297.53076171875,15683,9324,w/o transport-aware footprint
sample_1002,2,deep,uniform,irregular,irregular,0,0,1,0.7126444504166513,0.553572360524214,0.9041854914330372,0.5880689693410278,0.0388870127499103,28.20390887950557,0.9894994979749904,0.5144935002218578,4.907137658554119,1.6193947885805835,,0.3496146809336364,0.5177193170809279,2.218107301281884,2356.4473669994186,3297.53076171875,11731,18037,w/o transport-aware footprint
sample_1003,3,medium,uniform,ellipsoid+sphere,mixed_two_shape,1,1,0,0.7069966279091734,0.5467863759442649,0.6173054027095224,0.8271817868231169,0.047054786235094,26.547923895036547,0.9745787944228304,1.1455399360833591,18.15488914865635,3.537303542369604,,0.3399879268713349,0.5032036101233863,2.4054072952429806,2372.23126400022,3297.53076171875,31077,23192,w/o transport-aware footprint
sample_1015,3,medium,uniform,ellipsoid+irregular,mixed_two_shape,0,1,1,0.8176661023493964,0.6915695337622129,0.8105163987518045,0.8249430660434945,0.0302138924598693,30.39586636737642,0.9858163950066576,0.3494908430530867,14.63283977907228,2.5971168761332084,,0.017799352750809,0.2631016090018591,0.916515138991168,2640.4284939999343,3297.53076171875,16983,16686,w/o transport-aware footprint
sample_1018,1,medium,uniform,ellipsoid,ellipsoid,0,1,0,0.7504549162328227,0.6005825047709142,0.6047123066036962,0.9887566137566324,0.0255860295146703,31.83994196051494,0.9918016239968784,0.0910711196826284,3.736308338453881,8.917614185058879,,0.6350859788359788,0.3213341095481343,0.692820323027551,2326.997616000881,3297.53076171875,9889,6048,w/o transport-aware footprint
sample_1028,2,shallow,uniform,ellipsoid+sphere,mixed_two_shape,1,1,0,0.7027807872879829,0.5417594654792063,0.5868010683211968,0.8759002057614764,0.0308400765061378,30.21769074481618,0.9885674904827588,2.216946709421697,10.20392081505928,3.408282259209212,,0.4926697530864197,0.4682211074993243,1.969771560359221,2535.495901000104,3297.53076171875,11607,7776,w/o transport-aware footprint
sample_1068,3,shallow,uniform,ellipsoid+irregular+sphere,mixed_three_shape,1,1,1,0.8632723349517145,0.7594363729285541,0.9669083472764762,0.7797016715390302,0.0235967710614204,32.54294814612648,0.9884043047142064,0.1268617665809735,2.441311123146741,2.515148831229544,,0.1936136721385203,0.3899500385880761,4.209513035969837,2528.7263579994037,3297.53076171875,10758,13341,w/o transport-aware footprint
sample_1069,3,shallow,uniform,ellipsoid+sphere,mixed_two_shape,1,1,0,0.6941508790727867,0.53157050684387,0.7952795446937868,0.6158399585207329,0.041520532220602,27.63474170503016,0.971443210476978,2.50195575833551,15.27612516314265,1.989820897621044,,0.2256308330452817,0.4238571383410096,1.264911064067352,2550.344586999927,3297.53076171875,17922,23144,w/o transport-aware footprint
sample_1072,3,medium,uniform,ellipsoid+irregular,mixed_two_shape,0,1,1,0.4910478089178809,0.3254230397889499,0.3425881345961897,0.8665764546686514,0.0458120293915271,26.78040906683767,0.9755679625455604,2.7196908665724044,5.909314681077663,3.432258668971308,,1.5294993234100136,0.7201689684530537,2.349041622756626,2665.32903299958,3297.53076171875,18693,7390,w/o transport-aware footprint
sample_1078,2,medium,uniform,irregular+sphere,mixed_two_shape,1,0,1,0.7308561684578931,0.5758655168106638,0.9593961478397092,0.5902510889062322,0.030533505603671,30.30446640709296,0.9896134177309068,0.279264017460893,9.325234581499814,1.8867876339494625,,0.384768127081732,0.3335944591716477,0.7483314773547883,2466.448811999726,3297.53076171875,9605,15612,w/o transport-aware footprint
sample_1081,2,shallow,uniform,ellipsoid+sphere,mixed_two_shape,1,1,0,0.783338909334298,0.6438431501954331,0.841866820077778,0.7324199199200874,0.032948799431324,29.64320858916274,0.9839513092057586,0.1105253652330436,2.28910462845192,2.942711552810583,,0.130005005005005,0.2704156946580776,0.66332495807108,2465.7154050000827,3297.53076171875,13906,15984,w/o transport-aware footprint
sample_1085,2,medium,uniform,irregular,irregular,0,0,1,0.8459175613609555,0.7329784537390454,0.8216640145488624,0.8716464701272855,0.0311030093580484,30.14395153041196,0.9865176102174212,2.4017913224305256,13.0384048104053,3.5844797311873,,0.06083077108579,0.1983669009237029,0.6000000000000001,2451.7662819998804,3297.53076171875,17596,16587,w/o transport-aware footprint
sample_1086,2,deep,uniform,irregular+sphere,mixed_two_shape,1,0,1,0.7474570069522521,0.5967515774718429,0.6276268895174787,0.9238422575978222,0.0235397201031446,32.56397400637361,0.993012219135874,0.3239497108189748,2.785677655436824,4.029213518429347,,0.4719609261939218,0.269752321991727,0.6000000000000001,2465.0182210007188,3297.53076171875,8137,5528,w/o transport-aware footprint
sample_1092,3,deep,uniform,ellipsoid+irregular+sphere,mixed_three_shape,1,1,1,0.6298212407993145,0.4596635559924731,0.6094920221429424,0.6515533896095625,0.03728748857975,28.568737708004576,0.9809482159366802,3.109641131225859,3.117691453623979,1.7392198415496831,,0.0690105299799843,0.4018167597074161,1.0,2416.14464399936,3297.53076171875,12284,11491,w/o transport-aware footprint
sample_1093,2,deep,uniform,ellipsoid+sphere,mixed_two_shape,1,1,0,0.8635294968713193,0.7598345003184215,0.898938173055276,0.8308045657016768,0.0230649542063474,32.74094814565987,0.9900723990627208,1.9120352050365677,16.93517050401324,3.562905163211165,,0.075793429844098,0.1651484846316019,0.447213595499958,2531.5389190000133,3297.53076171875,13279,14368,w/o transport-aware footprint
sample_1096,2,shallow,uniform,ellipsoid+irregular,mixed_two_shape,0,1,1,0.6326851677051059,0.4627209131077583,0.6944329327257256,0.5810217290802236,0.0337472073733806,29.43524295996964,0.981854136930029,1.8877692471222431,2.04939015319192,1.8437321517164804,,0.1633148404993065,0.5521038958042701,1.3416407864998738,2483.635963000779,3297.53076171875,14478,17304,w/o transport-aware footprint
sample_1112,3,medium,uniform,ellipsoid+irregular+sphere,mixed_three_shape,1,1,1,0.6807061790669691,0.5159625310651144,0.6487460940632571,0.7159784242641117,0.035469751805067,29.002836217614657,0.9861551268276444,2.7610910573909173,10.37496987947435,1.9013028690969984,,0.1036342735874082,0.4196705232379671,1.5362291495737217,2519.0280829992844,3297.53076171875,12481,11309,w/o transport-aware footprint
sample_1126,1,medium,uniform,irregular,irregular,0,0,1,0.6583404886428394,0.4906911798935411,0.4935627340829897,0.9882821654558512,0.027708513662219,31.14773548692706,0.991906867077086,0.1137617155198898,3.9496835316263,8.757409365491105,,1.0023435669088352,0.4104857226676087,0.8246211251235323,2497.826630999043,3297.53076171875,8544,4267,w/o transport-aware footprint
sample_1133,1,shallow,uniform,irregular,irregular,0,0,1,0.8359602007573866,0.718154311649443,0.7416028745512551,0.9578288942696572,0.018413346260786,34.69734565705779,0.9966386325638618,0.1701216938972819,2.0591260281974,5.564886877602198,,0.2915657788539144,0.1786459584355451,0.5656854249492381,2517.1254280012363,3297.53076171875,6401,4956,w/o transport-aware footprint
sample_1135,3,deep,uniform,irregular+sphere,mixed_two_shape,1,0,1,0.6800598140564073,0.5152201753524208,0.8424613402063125,0.570151531669263,0.0360067524015903,28.87232132515589,0.9864097872242588,1.1319019453837225,14.229546725036606,1.6941757323762872,,0.3232312220647552,0.4946272530810244,1.4696938456699071,2486.372106001,3297.53076171875,12416,18346,w/o transport-aware footprint
sample_1139,1,medium,uniform,irregular,irregular,0,0,1,0.5008044463949826,0.3340487804884545,0.3340487804884545,1.0,0.0339293032884597,29.388501086223982,0.9896175961820348,0.1894131261757665,3.32264954516723,13.126415356108824,,1.99357476635514,0.6734976521685638,1.0,2479.993443999774,3297.53076171875,10250,3424,w/o transport-aware footprint
sample_1167,2,medium,uniform,ellipsoid+sphere,mixed_two_shape,1,1,0,0.7711880619859521,0.627588354351839,0.6857774753320127,0.8809003496504797,0.0291566681116819,30.70524249702141,0.9878349474905244,0.9492849077846556,12.91665591397402,3.652321893022064,,0.284527972027972,0.2714333321838487,1.0954451150103324,2483.586127000308,3297.53076171875,11756,9152,w/o transport-aware footprint
sample_1175,1,deep,uniform,irregular,irregular,0,0,1,0.8158615077311416,0.6889916281398363,0.7149896265563862,0.949870801033678,0.0210690256208181,33.52711091910667,0.9953287272527672,0.1226618717942243,3.693237062523878,5.13914624765293,,0.3285099052540913,0.2146019456462356,0.4898979485566356,2510.730470999988,3297.53076171875,7712,5805,w/o transport-aware footprint
sample_1185,2,medium,uniform,ellipsoid+irregular,mixed_two_shape,0,1,1,0.5062481836678255,0.3389105058370903,0.339942237140473,0.9911242603550496,0.0376131944358348,28.49319554322923,0.9845263982778468,0.5972832196133957,2.925747767665559,8.946060658787491,,1.9155666818388712,0.6501377555603884,2.0,2482.568524999806,3297.53076171875,12811,4394,w/o transport-aware footprint
sample_1211,1,medium,uniform,irregular,irregular,0,0,1,0.6742789176332594,0.5086129553207351,0.5086129553207351,1.0,0.0311997234821319,30.116984936232257,0.9916034442887508,0.3530324898278839,2.734958866235469,23.344582081094988,,0.9661315928735228,0.4495963876147905,0.916515138991168,2558.97369000013,3297.53076171875,11146,5669,w/o transport-aware footprint
sample_1215,2,shallow,uniform,ellipsoid+sphere,mixed_two_shape,1,1,0,0.8118336554648632,0.6832659914993529,0.8590183401505086,0.7695626477542733,0.028974799439311,30.759590871887767,0.9851096881193544,1.5510101804183234,13.298120167903432,2.8682286568348814,,0.1041371158392435,0.2935806452043469,1.0,2513.0869789991266,3297.53076171875,15158,16920,w/o transport-aware footprint
sample_1230,3,deep,uniform,ellipsoid+sphere,mixed_two_shape,1,1,0,0.5464613591103383,0.3759524127794573,0.3942664891011465,0.8900316455697943,0.0378546938300132,28.43760473460036,0.9805396583524632,1.9955283801885535,9.493155429044656,4.101845099876836,,1.2574367088607594,0.5608554363041606,1.5362291495737217,2377.362404999076,3297.53076171875,14267,6320,w/o transport-aware footprint
sample_1244,1,shallow,uniform,sphere,sphere,1,0,0,0.8206793882799969,0.6958916685796466,0.712908535151995,0.9668367346939304,0.0210779197514057,33.52344526559828,0.9943749871975784,0.2262667421346103,2.638181191654584,6.301116481451206,,0.3561862244897959,0.2255282175616153,0.6000000000000001,2330.7264409995696,3297.53076171875,8506,6272,w/o transport-aware footprint
sample_1259,2,deep,uniform,irregular+sphere,mixed_two_shape,1,0,1,0.7075668688477142,0.5474688413605574,0.5630192262049505,0.9519732441472214,0.0311285480856895,30.1368225030865,0.9870718662040172,2.1922480645729863,3.212475680841802,5.439692161826713,,0.6908361204013378,0.3419676032994234,0.8485281374238571,2490.55861800116,3297.53076171875,12639,7475,w/o transport-aware footprint
sample_1262,1,shallow,uniform,irregular,irregular,0,0,1,0.650591377337161,0.4821307396522482,0.4922632794463137,0.9590551181103284,0.0283606611192226,30.945673048112784,0.9912997247641216,0.3187561603494424,2.12602916254693,5.663050806991115,,0.9482564679415072,0.4497245808954808,1.077032961426901,2473.740686999008,3297.53076171875,8660,4445,w/o transport-aware footprint
sample_1266,2,medium,uniform,ellipsoid+sphere,mixed_two_shape,1,1,0,0.446342660776194,0.2872851365024175,0.302542260083452,0.8506736526951696,0.029516676440835,30.598650511088547,0.9887817320858628,0.9268788771412736,2.039607805437114,3.535705056077022,,1.811751497005988,0.5937315910502132,1.1313708498984762,2479.3343920009647,3297.53076171875,7513,2672,w/o transport-aware footprint
sample_1276,1,deep,uniform,irregular,irregular,0,0,1,0.7889567874293005,0.6514687331056921,0.6585899070875231,0.9836734693877996,0.0184548888355493,34.67777144824917,0.9966110302211189,0.0972032051710841,1.7088007490635064,8.451535166558786,,0.4936054421768707,0.2142035740828414,0.6000000000000001,2558.583853000528,3297.53076171875,5489,3675,w/o transport-aware footprint
sample_1285,2,medium,uniform,irregular+sphere,mixed_two_shape,1,0,1,0.6750727449080666,0.5095168374821771,0.5162694095544295,0.9749719835637376,0.0284396763890981,30.921507026912806,0.9889638736210138,1.0978980710508968,16.580711685570073,6.942977277897455,,0.8884945834889802,0.3500086579093462,0.916515138991168,2538.4186119990773,3297.53076171875,10111,5354,w/o transport-aware footprint
sample_1286,1,medium,uniform,irregular,irregular,0,0,1,0.7885381550720845,0.6508980521124964,0.9781038546339405,0.66052266776215,0.0365031547844409,28.75339199444944,0.9907519701054666,0.1248964527028605,5.0990195135927845,1.7686918146969657,,0.3246906607793808,0.3622189050066987,0.8,2441.9143499999336,3297.53076171875,13153,19477,w/o transport-aware footprint
sample_1288,1,shallow,uniform,irregular,irregular,0,0,1,0.5713205645163991,0.399894161228259,0.4003178527287653,0.9973603167619944,0.0356454849243164,28.959909197142387,0.9911885046466632,0.4536278525139152,3.334666400106613,13.470573866483177,,1.491421029476463,0.5990907885026828,1.0954451150103324,2367.443060000369,3297.53076171875,11326,4546,w/o transport-aware footprint
sample_1292,1,deep,uniform,irregular,irregular,0,0,1,0.7850330154073026,0.6461352657007883,0.6712070974104568,0.9453489839707871,0.026151368394494,31.650111690360163,0.9909493678136204,0.2587993284344927,5.6178287620752565,5.122816921869182,,0.4084311498169885,0.2724139326094071,0.66332495807108,2299.896720000106,3297.53076171875,11159,7923,w/o transport-aware footprint
sample_1319,1,medium,uniform,ellipsoid,ellipsoid,0,1,0,0.5887189163693047,0.4171521344671787,0.4171521344671787,1.0,0.0322736985981464,29.8230250021182,0.9908585946217268,0.1291321843184869,2.078460969082653,21.93344934622393,,1.3972069597069596,0.5667273347862992,0.916515138991168,2286.498698998912,3297.53076171875,10471,4368,w/o transport-aware footprint
sample_1327,3,shallow,uniform,ellipsoid+irregular+sphere,mixed_three_shape,1,1,1,0.8403270539927816,0.7246241769165582,0.9000771604939043,0.7880159427144579,0.0266054179519414,31.50059782622141,0.9832472055054254,1.5701078376338844,19.72409693750261,2.9323275286665296,,0.1245017901776666,0.1609562408171594,0.447213595499958,2417.6592439998785,3297.53076171875,12960,14803,w/o transport-aware footprint
sample_1328,1,medium,uniform,irregular,irregular,0,0,1,0.6808297298993039,0.5161045130645927,0.5216055310163994,0.9799747429190332,0.0295863226056098,30.57818030591756,0.9907562298146484,0.4943015366942672,1.9798989873223332,7.615397149417251,,0.8787660111852788,0.4558791599229453,1.216552506059644,2486.0428359988878,3297.53076171875,10414,5543,w/o transport-aware footprint
sample_1366,2,shallow,uniform,sphere,sphere,1,0,0,0.3862739143641126,0.2393677079417642,0.2393677079417642,1.0,0.0430678948760032,27.316927460584367,0.9810837424495056,0.581202072974702,11.847362575695913,13.51492940330853,,3.1776729559748427,0.9119759489683316,2.209072203437452,2505.447188001199,3297.53076171875,15942,3816,w/o transport-aware footprint
sample_1372,2,shallow,uniform,ellipsoid+irregular,mixed_two_shape,0,1,1,0.611442193087339,0.4403433476401712,0.4592071611260112,0.9146714212941552,0.0281712710857391,31.00387155143681,0.9908796229534484,3.51323974317564,2.374868417407584,4.014098022487378,,0.9918492103922568,0.5327766722340112,2.3151673805580453,2540.152641000532,3297.53076171875,7820,3926,w/o transport-aware footprint
sample_1378,3,shallow,uniform,ellipsoid+irregular+sphere,mixed_three_shape,1,1,1,0.7058371198882538,0.5454005293579942,0.647160620433504,0.7762146371465435,0.0351570211350917,29.079759214876468,0.9818866832301,1.743804327937733,1.341640786499874,3.0761643013533404,,0.1994157441574415,0.3282738108292644,1.0392304845413265,2541.101464999884,3297.53076171875,15602,13008,w/o transport-aware footprint
sample_1384,2,shallow,uniform,irregular+sphere,mixed_two_shape,1,0,1,0.547955758543142,0.3773685008341841,0.3818544366904042,0.9698091156993186,0.036830399185419,28.6758710335516,0.9821009107907652,0.9959261265222162,2.7928480087537886,6.381688070867729,,1.5397350993377483,0.5955783582387645,1.4142135623730951,2565.6858229995123,3297.53076171875,13039,5134,w/o transport-aware footprint
sample_1389,2,medium,uniform,ellipsoid+irregular,mixed_two_shape,0,1,1,0.7671246640376361,0.6222240332506327,0.722429862326857,0.8177144693157237,0.0361117869615554,28.84702061700585,0.9839403747467584,0.3919933866075078,5.325410782277739,2.993518252388637,,0.1318946128306736,0.3173473727453219,1.0,2352.688498000134,3297.53076171875,21137,18674,w/o transport-aware footprint
sample_1404,3,shallow,uniform,ellipsoid+irregular,mixed_two_shape,0,1,1,0.7669606970408765,0.6220083132795353,0.7227249618710103,0.8169645422677909,0.0389643833041191,28.186644064077832,0.9802244323540892,0.889731964677113,5.207686626516615,3.026509245154202,,0.1303948048962703,0.2994597616005383,0.894427190999916,2385.308274999261,3297.53076171875,19670,17401,w/o transport-aware footprint
sample_1429,2,shallow,uniform,irregular,irregular,0,0,1,0.7823578266382033,0.6425186674327668,0.6728571428573888,0.9344262295082651,0.0287128910422325,30.83846177859613,0.9873210353700737,0.9706773840776876,2.785677655436824,4.862501993612242,,0.3887438655111204,0.2747424416646568,0.8,2430.640336000579,3297.53076171875,13300,9577,w/o transport-aware footprint
sample_1432,2,medium,uniform,sphere,sphere,1,0,0,0.8544723618091915,0.7459203369016566,0.8532717784025426,0.8556763285027059,0.0172787979245185,35.24972987862702,0.99540606929605,0.366824279423033,3.82099463490856,2.5188124077192224,,0.002818035426731,0.2553468120566304,1.854723699099141,2445.5791340005817,3297.53076171875,4982,4968,w/o transport-aware footprint
sample_1438,1,deep,uniform,irregular,irregular,0,0,1,0.5794780545676461,0.4079331941557245,0.4107630859797965,0.9833920483141247,0.021898191422224,33.19183545854056,0.9948677248585815,0.3439420624496774,1.661324772583615,8.795344145235562,,1.3940613990941118,0.4245739069580642,0.938083151964686,2497.650021001391,3297.53076171875,4757,1987,w/o transport-aware footprint
sample_1455,2,shallow,uniform,ellipsoid,ellipsoid,0,1,0,0.7410421522538849,0.5886155390990406,0.6803772216179322,0.8135843164470736,0.0308824460953474,30.20576636832776,0.9888114192082668,0.3078651144206578,5.8991524815010505,3.135908716823812,,0.1957841776544066,0.3210571344226832,0.916515138991168,2437.917467999796,3297.53076171875,13785,11528,w/o transport-aware footprint
sample_1470,3,medium,uniform,ellipsoid+irregular,mixed_two_shape,0,1,1,0.831217447916701,0.711182286589712,0.8650067750678079,0.7999686716792763,0.0363348275423049,28.793538096804383,0.9823030985229838,0.6130770951234471,4.787483681434329,3.2169812200995533,,0.075187969924812,0.2602441669915614,0.7211102550927979,2351.581843000531,3297.53076171875,23616,25536,w/o transport-aware footprint
sample_1482,3,medium,uniform,irregular+sphere,mixed_two_shape,1,0,1,0.6833144154371597,0.5189655172417399,0.6727891156465764,0.6941742705307388,0.0342873446643352,29.29732299648624,0.9856547271942327,2.28639217526511,13.695254652615994,1.9703699195832745,,0.0317858217186403,0.5827944129849272,3.251767426932332,2334.396250998907,3297.53076171875,10290,9973,w/o transport-aware footprint
sample_1486,2,medium,uniform,ellipsoid+irregular,mixed_two_shape,0,1,1,0.8660482615464887,0.763743492935322,0.8234749892063015,0.913263561119151,0.0269607976078987,31.385345158354497,0.9863894330377676,0.3805725645928023,12.293087488503447,4.723427484210719,,0.1090361857856214,0.175100661238778,0.632455532033676,2319.190965999951,3297.53076171875,16213,14619,w/o transport-aware footprint
sample_1513,3,shallow,uniform,ellipsoid+sphere,mixed_two_shape,1,1,0,0.6394711992447406,0.4700166574129163,0.7402710975079357,0.5628324468088739,0.0317245386540889,29.972093842692946,0.9850227415732316,0.4293473339133213,16.95405556201819,1.8320466906542237,,0.2396941489361702,0.381823075945801,1.0,2546.9141530011257,3297.53076171875,9148,12032,w/o transport-aware footprint
sample_1516,3,deep,uniform,ellipsoid+sphere,mixed_two_shape,1,1,0,0.8455789804909355,0.7324701873937087,0.8909980106101699,0.8045658682636193,0.0270787384361028,31.347431777313645,0.9884631625126968,1.371142753578248,4.223742416388575,2.6885645012664177,,0.097005988023952,0.2456394623512859,0.8485281374238571,2473.428403000071,3297.53076171875,12064,13360,w/o transport-aware footprint
sample_1529,2,medium,uniform,ellipsoid,ellipsoid,0,1,0,0.6896876176139476,0.5263535832258479,0.6209058052859606,0.7756066591423705,0.0391947962343692,28.135431104229344,0.9864615234915698,0.7582672369477376,3.2310988842807027,2.7543074195931325,,0.2491534988713318,0.419716760274808,1.2328828005937953,2604.545536998557,3297.53076171875,17708,14176,w/o transport-aware footprint
sample_1566,3,medium,uniform,irregular+sphere,mixed_two_shape,1,0,1,0.3625667284021339,0.2214238190291274,0.2703493095050606,0.5502645502652939,0.0448492020368576,26.96490494440736,0.9842884743371484,2.110894766612688,2.80713376952364,1.5401226420903398,,1.035383597883598,0.699813317840429,1.886796226411321,2627.630793000208,3297.53076171875,12310,6048,w/o transport-aware footprint
sample_1572,2,medium,uniform,irregular+sphere,mixed_two_shape,1,0,1,0.8484504132232188,0.7367901677583774,0.8749334185577129,0.8235235134865903,0.023362411186099,32.62964637523701,0.9923190337465306,0.2451141260255054,23.598305023878307,2.880134576069981,,0.0587586483505464,0.1813043052023565,0.6000000000000001,2497.3146470001666,3297.53076171875,9387,9973,w/o transport-aware footprint
sample_1599,3,medium,uniform,irregular+sphere,mixed_two_shape,1,0,1,0.5957525620449464,0.4242504176563578,0.483466933868253,0.7759729816664909,0.0322325862944126,29.83409750467238,0.9846851220538432,2.692311568239628,8.378544026261364,2.2197804244545627,,0.6050176905757478,0.445496616302301,1.077032961426901,2504.1704369996296,3297.53076171875,9980,6218,w/o transport-aware footprint
sample_1620,2,medium,uniform,ellipsoid+irregular,mixed_two_shape,0,1,1,0.4312048540887424,0.2748637100344225,0.637015536964936,0.3259084556260255,0.0387392528355121,28.236975148658267,0.987762422331771,1.1471564718671734,6.393746945258313,1.112969220945957,,0.488382250174703,0.6533350786429907,1.7088007490635064,2351.34321699843,3297.53076171875,5857,11448,w/o transport-aware footprint
sample_1634,1,medium,uniform,irregular,irregular,0,0,1,0.5165769339759729,0.3482330468010045,0.3482330468010045,1.0,0.0349370278418064,29.13428088475108,0.9904726498025954,0.5816725136149142,1.661324772583615,22.72462824662204,,1.8716401535929783,0.679293051455417,1.3416407864998738,2425.880236000012,3297.53076171875,10470,3646,w/o transport-aware footprint
sample_1635,3,medium,uniform,ellipsoid+irregular,mixed_two_shape,0,1,1,0.7440965445199593,0.5924790964411012,0.6331992139984873,0.9020862494168486,0.0396638624370098,28.03210002494953,0.9800502586469656,0.7203984015917014,13.184839779079608,4.120639779228561,,0.4246484036526028,0.3257557337288814,0.916515138991168,2461.398073999589,3297.53076171875,21374,15003,w/o transport-aware footprint
sample_1642,2,medium,uniform,ellipsoid+irregular,mixed_two_shape,0,1,1,0.7977223427332573,0.6635092467300048,0.7057694614371443,0.9172252533126132,0.0322073325514793,29.840904911074908,0.9838474115376118,0.367343376930958,4.064480286580315,4.482802101963499,,0.2996102883865939,0.2900439461252137,0.8246211251235323,2441.210945000421,3297.53076171875,16674,12830,w/o transport-aware footprint
sample_1643,3,shallow,uniform,ellipsoid+sphere,mixed_two_shape,1,1,0,0.763627444969108,0.6176353898038001,0.7419277969738223,0.7866346639718377,0.0364671871066093,28.76195497012596,0.9848937413259884,1.076296244289578,10.287856919689348,2.2760847497694674,,0.0602577059120768,0.3568228901644887,1.2806248474865698,2473.7939739989088,3297.53076171875,16786,15832,w/o transport-aware footprint
sample_1683,1,medium,uniform,ellipsoid,ellipsoid,0,1,0,0.6588035638526442,0.4912058711888002,0.4912058711888002,1.0,0.0267254542559385,31.46149824092896,0.9930133762009424,0.1177457103559051,3.4583232931581165,15.330157659376017,,1.0358062854198866,0.4174776591683629,0.8,2436.2485260007816,3297.53076171875,7903,3882,w/o transport-aware footprint
sample_1686,2,deep,uniform,ellipsoid,ellipsoid,0,1,0,0.7421871996925842,0.590061732168211,0.658032853929754,0.8510225669959001,0.0346904471516609,29.195801686534796,0.9875259428440012,3.241411275762378,13.63671514698463,3.1935168871487045,,0.2932827926657264,0.333454467568016,1.0392304845413265,2467.675710000549,3297.53076171875,14671,11344,w/o transport-aware footprint
sample_1688,3,deep,uniform,ellipsoid+irregular+sphere,mixed_three_shape,1,1,1,0.7236491346846682,0.566967245723666,0.8989697224559515,0.6055520147301143,0.0272609218955039,31.289189135909474,0.9853431955546128,1.259757361347857,20.52413213755944,2.078407246795269,,0.3263933149210395,0.2877105739147155,0.7483314773547883,2437.3677100011264,3297.53076171875,9512,14121,w/o transport-aware footprint
sample_1697,2,shallow,uniform,ellipsoid+sphere,mixed_two_shape,1,1,0,0.5460126002910204,0.3755277386864857,0.3766996062119201,0.9917840375587016,0.0366683825850486,28.714165221319263,0.9820365109296604,1.244676552138576,3.298484500494129,9.398205394533772,,1.6328247261345852,0.5709913343055264,1.077032961426901,2449.761715000932,3297.53076171875,13459,5112,w/o transport-aware footprint
sample_1717,3,medium,uniform,ellipsoid+irregular,mixed_two_shape,0,1,1,0.7320578025349879,0.5773589710940289,0.7077739619108607,0.7580672128407969,0.040748193860054,27.797832873423715,0.9833125702264294,3.4936946410917846,19.72815247305231,2.259757182945887,,0.0710583514462464,0.3777880119294932,1.28062484748657,2518.361125999945,3297.53076171875,19218,17943,w/o transport-aware footprint
sample_1718,3,medium,uniform,ellipsoid+irregular,mixed_two_shape,0,1,1,0.5703438709207441,0.3989378000206315,0.5063520871145509,0.6528497409328359,0.0470464490354061,26.54946300697923,0.9702891191231424,0.6539843401016946,24.233035303073365,2.11040624514029,,0.2893197392612401,0.6189175760417309,1.6492422502470645,2523.7076800003706,3297.53076171875,23142,17949,w/o transport-aware footprint
sample_1729,2,deep,uniform,ellipsoid,ellipsoid,0,1,0,0.7744494597183871,0.6319196428575536,0.6826621654211686,0.89475347661205,0.0231474563479423,32.709934574375296,0.9915101911643708,1.4619962697972628,2.04939015319192,4.0100992671428095,,0.3106826801517067,0.2140467304068403,0.5656854249492381,2520.4299809993245,3297.53076171875,8294,6328,w/o transport-aware footprint
sample_1731,2,shallow,uniform,sphere,sphere,1,0,0,0.7225048362830676,0.5655636567587599,0.5747178844185857,0.9726080246914108,0.025241732597351,31.957616705219444,0.987832649504606,0.9011960708472382,8.067217612039483,6.791001394220405,,0.6923225308641975,0.3065083290706477,0.8246211251235323,2551.759428999503,3297.53076171875,8773,5184,w/o transport-aware footprint
sample_1734,2,deep,uniform,ellipsoid+irregular,mixed_two_shape,0,1,1,0.7941144997325874,0.6585322566335446,0.8582167225629024,0.7389226326797381,0.0248265769332647,32.10166268673844,0.9904335905849092,0.7244578271996407,8.219489035213806,2.3627559984683435,,0.1390022901523449,0.2333731101461835,0.8,2542.14857199986,3297.53076171875,8647,10043,w/o transport-aware footprint
sample_1741,3,deep,uniform,irregular,irregular,0,0,1,0.6855934312018698,0.521599212509173,0.8518518518519435,0.5736353416331875,0.0388001427054405,28.22333347480011,0.9787692219465652,1.961261208600389,18.524578267804102,1.8009580003696108,,0.3266019902569013,0.4012636371844543,1.1661903789690602,2516.1642510011006,3297.53076171875,16173,24017,w/o transport-aware footprint
sample_1760,3,shallow,uniform,ellipsoid+irregular,mixed_two_shape,0,1,1,0.7276271092053997,0.5718662464987868,0.8922425566785768,0.6142924306536839,0.0356673970818519,28.95457215414784,0.9794902890816352,1.4123314522235677,14.2,2.0760421644697518,,0.3115185707569347,0.3377319672654628,1.077032961426901,2463.0945039989456,3297.53076171875,14644,21270,w/o transport-aware footprint
sample_1765,1,medium,uniform,ellipsoid,ellipsoid,0,1,0,0.8024601366743497,0.6700905424943544,0.9992058089403232,0.6704476248479976,0.0268326122313737,31.426740727906104,0.9931813544423184,0.1264041717829663,2.9799328851502684,2.2563407363848174,,0.3290194884287454,0.2861627589587045,0.6000000000000001,2464.2476919998444,3297.53076171875,8814,13136,w/o transport-aware footprint
sample_1787,2,deep,uniform,sphere,sphere,1,0,0,0.8290250356199582,0.7079784460286668,0.8261663286007582,0.8319035947715852,0.0171274039894342,35.32616876190626,0.995685487956305,1.7751997322933653,3.111269837220809,2.4247162592924383,,0.0069444444444444,0.2397354835993569,1.451881537554949,2485.0705959997867,3297.53076171875,4930,4896,w/o transport-aware footprint
sample_1809,1,medium,uniform,ellipsoid,ellipsoid,0,1,0,0.8373441935086774,0.7201995541877505,0.7854827506369697,0.8965380549684242,0.0225029047578573,32.95522850952637,0.9921271389912196,0.3276403725636095,3.2186953878862163,3.8274014264833487,,0.1413847780126849,0.2036186059129328,0.5656854249492381,2475.6728600004863,3297.53076171875,8638,7568,w/o transport-aware footprint
sample_1811,2,shallow,uniform,sphere,sphere,1,0,0,0.6137987455687953,0.4427919420841652,0.4646189414586205,0.9040809768639072,0.0342642292380332,29.30318094983145,0.984521897172638,0.7400116448860091,12.284950142348972,4.177216129094612,,0.9458547557840618,0.5008571647445725,1.2328828005937955,2516.431210000519,3297.53076171875,12111,6224,w/o transport-aware footprint
sample_1812,1,shallow,uniform,ellipsoid,ellipsoid,0,1,0,0.8033958062721268,0.6713964487867943,0.998961698200278,0.6718653010554998,0.0269183088093996,31.39904416645679,0.9931241264871936,0.094697938850131,4.617358552246079,2.282125081796655,,0.3274363749224084,0.2785365786068338,0.6000000000000001,2495.068139000068,3297.53076171875,8668,12888,w/o transport-aware footprint
sample_1815,3,medium,uniform,ellipsoid+irregular+sphere,mixed_three_shape,1,1,1,0.3230039291276881,0.192608637991604,0.1933436875974291,0.9806437092055352,0.0539384745061397,25.362026704662387,0.9745769085279364,0.4592277061346513,7.343023900274328,7.400005062299018,,4.072023407607473,0.9207980696452892,1.8000000000000005,2459.278156000437,3297.53076171875,22535,4443,w/o transport-aware footprint
sample_1826,2,shallow,uniform,sphere,sphere,1,0,0,0.8072176606520443,0.6767518549054602,0.7031263383300188,0.9474838411819628,0.0295475963503122,30.589557610718657,0.987279903033356,3.103511221339711,12.181953866272847,5.605089353826761,,0.3475300092336103,0.2244727624643689,0.632455532033676,2488.351824000347,3297.53076171875,11675,8664,w/o transport-aware footprint
sample_1837,2,shallow,uniform,irregular+sphere,mixed_two_shape,1,0,1,0.7408877131100305,0.5884206840203172,0.5890739117735384,0.998118998119,0.0392481684684753,28.123612164236963,0.98185583746578,1.0867604453807649,21.976350925483512,10.06633995329121,,0.6943866943866944,0.352526606147552,0.8,2496.6835380000703,3297.53076171875,17115,10101,w/o transport-aware footprint
sample_1839,1,deep,uniform,irregular,irregular,0,0,1,0.7982279915521567,0.6642091727392505,0.6765039727585117,0.9733668341708878,0.0264480300247669,31.552132971398645,0.9930738634796624,0.3272001970056706,1.148912529307606,7.128378111257094,,0.4388190954773869,0.2826635384029661,0.7211102550927979,2490.3684639994026,3297.53076171875,11453,7960,w/o transport-aware footprint
sample_1843,1,medium,uniform,ellipsoid,ellipsoid,0,1,0,0.8125581395350291,0.6842929886412269,0.6995461825951688,0.9691198224852642,0.0200188141316175,33.97123328449685,0.9942026929759884,0.1365111774212594,2.9799328851502684,6.42463507096279,,0.3853550295857988,0.2162309290605938,0.447213595499958,2467.508588999408,3297.53076171875,7492,5408,w/o transport-aware footprint
sample_1858,3,medium,uniform,ellipsoid+irregular,mixed_two_shape,0,1,1,0.6942531229098299,0.531690433338078,0.5643165721340218,0.9019257867543908,0.0523201078176498,25.626627658595147,0.9669223186200584,1.4775182283903003,10.65269918846862,3.948054686188568,,0.5982620948802254,0.4512803166388749,1.5362291495737217,2450.3223430001526,3297.53076171875,34027,21290,w/o transport-aware footprint
sample_1863,2,shallow,uniform,ellipsoid+sphere,mixed_two_shape,1,1,0,0.5158680337591436,0.3475890591227111,0.3674118231501565,0.8656367041201647,0.0339026153087616,29.395336162953317,0.9836859276759476,0.90288144358529,1.661324772583615,3.2615558586210947,,1.3560393258426966,0.5789913484068254,1.4,2495.259270999668,3297.53076171875,10065,4272,w/o transport-aware footprint
sample_1865,2,deep,uniform,ellipsoid+sphere,mixed_two_shape,1,1,0,0.7866063225236375,0.6482696730048526,0.6662823542977655,0.9599667774086712,0.0333050489425659,29.549798152548146,0.9854471711458568,2.748216678227808,2.08806130178211,6.231233482006574,,0.44078073089701,0.2727230643140736,0.66332495807108,2486.730554999667,3297.53076171875,17347,12040,w/o transport-aware footprint
sample_1869,3,deep,uniform,ellipsoid+irregular+sphere,mixed_three_shape,1,1,1,0.8136180712628696,0.685797761711555,0.8289835987071538,0.7988117898138093,0.034056581556797,29.35597931961245,0.984269191288587,0.3050661497781411,4.2708313008125245,2.9179223685758457,,0.0363961469689104,0.2477717615865745,0.7211102550927979,2424.231945999054,3297.53076171875,16706,17337,w/o transport-aware footprint
sample_1881,2,deep,uniform,ellipsoid+sphere,mixed_two_shape,1,1,0,0.5045238735111488,0.3373667185823201,0.3373667185823201,1.0,0.0292971823364496,30.663482883737924,0.9892090114275488,0.2801881572741427,14.621901381147392,11.817030313466995,,1.9641335227272727,0.5315006228238383,1.0,2446.806492000178,3297.53076171875,8347,2816,w/o transport-aware footprint
sample_1885,3,shallow,uniform,ellipsoid+sphere,mixed_two_shape,1,1,0,0.5387480164514593,0.3686893311469488,0.9161801960569268,0.3815596330278066,0.0413997434079647,27.660046741772856,0.9772205039983904,0.9696778531759518,2.3579652245103198,1.3432770119407804,,0.5835321100917431,0.5871318885562637,1.8675892619972876,2434.196731001066,3297.53076171875,9079,21800,w/o transport-aware footprint
sample_1893,1,medium,uniform,irregular,irregular,0,0,1,0.651848301480048,0.4835125766603115,0.4835125766603115,1.0,0.0306632667779922,30.26763141915721,0.9895610138714735,0.206145700423917,2.04939015319192,16.495737178624445,,1.0681985294117646,0.4818026797181983,0.8246211251235323,2401.538778000031,3297.53076171875,11251,5440,w/o transport-aware footprint
sample_1894,1,medium,uniform,ellipsoid,ellipsoid,0,1,0,0.496341075406064,0.330088870081115,0.330088870081115,1.0,0.0332943648099899,29.552585368556134,0.9911949162409718,0.3674768786422109,2.973213749463701,20.40483203047099,,2.0294871794871794,0.6985386566665369,1.148912529307606,2378.140558001178,3297.53076171875,9452,3120,w/o transport-aware footprint
sample_1904,1,deep,uniform,sphere,sphere,1,0,0,0.7158220024723635,0.5574164982196963,0.5596250483189412,0.9929698216735374,0.0284303799271583,30.92434705601338,0.9901994685082762,0.3810785836342784,3.671511950137164,8.581198832462968,,0.7743484224965707,0.4046162651762147,1.2328828005937953,2445.8134880005678,3297.53076171875,10348,5832,w/o transport-aware footprint
sample_1927,3,medium,uniform,irregular+sphere,mixed_two_shape,1,0,1,0.3985872855704346,0.2488972904856654,0.2517687551792645,0.9561849431131536,0.0461065545678138,26.72474694325342,0.9815066105529128,1.177540562287236,5.310367218940701,5.669856866711375,,2.797869765190027,0.7573132531778693,1.4966629547095769,2448.284111000248,3297.53076171875,15689,4131,w/o transport-aware footprint
sample_1944,2,medium,uniform,irregular+sphere,mixed_two_shape,1,0,1,0.7286869128251131,0.5731765999865449,0.6633253778841183,0.8083373727583051,0.033141802996397,29.59247790637411,0.9859155713222896,1.609541011084714,3.4525353003264136,2.8251410389518603,,0.2186136694134755,0.3415027896643546,1.177257004442115,2504.909889999908,3297.53076171875,12570,10315,w/o transport-aware footprint
sample_1989,2,medium,uniform,ellipsoid+sphere,mixed_two_shape,1,1,0,0.8131780366057816,0.6851727231946105,0.8878070047959776,0.7501227897841968,0.0199600290507078,33.996776677719204,0.994142616109786,1.6361107528919665,0.938083151964686,2.2387158388056725,,0.1550834970530452,0.1937708455236719,0.8485281374238571,2462.079488999734,3297.53076171875,6881,8144,w/o transport-aware footprint
sample_1993,3,deep,uniform,ellipsoid+sphere,mixed_two_shape,1,1,0,0.6739010909512766,0.50818312748243,0.5644481070339985,0.8360137851810483,0.0405216626822948,27.846254467486112,0.9819396229468508,0.9637225219908288,6.086049621881176,3.4782005034594974,,0.4811171740379092,0.4019124754905059,1.3564659966250538,2480.2138960003504,3297.53076171875,20629,13928,w/o transport-aware footprint
sample_2021,3,shallow,uniform,ellipsoid+irregular,mixed_two_shape,0,1,1,0.7158755394050319,0.5574814290769555,0.8356309650054112,0.6261422328170312,0.030865466222167,30.21054344060538,0.9833261322998886,0.3912676869771646,8.8656641037206,2.1089480908400478,,0.2506952721493842,0.3740093203111541,1.019803902718557,2478.8933449999604,3297.53076171875,15088,20136,w/o transport-aware footprint
sample_2024,2,deep,uniform,irregular,irregular,0,0,1,0.7823267737315154,0.6424767801859799,0.7695616702515986,0.7955225024919148,0.0285592824220657,30.885054371260104,0.9875006476684371,0.3427975131903,7.929691040639605,3.106977721997842,,0.0337345702675764,0.252652262635537,0.632455532033676,2487.2061089990893,3297.53076171875,13483,13043,w/o transport-aware footprint
sample_2044,2,medium,uniform,ellipsoid+sphere,mixed_two_shape,1,1,0,0.669171445521387,0.502823179792715,0.7659574468090404,0.5941011235962183,0.021736541762948,33.25619103019102,0.9913956449466742,4.296050036518507,29.68164415931166,1.9541321773897269,,0.2243679775280899,0.5162724462883693,0.916515138991168,2476.9245899988164,3297.53076171875,4418,5696,w/o transport-aware footprint
sample_2059,3,shallow,uniform,ellipsoid+irregular,mixed_two_shape,0,1,1,0.7731580068143705,0.6302017791279539,0.8628208174905758,0.7003761574075519,0.0348988287150859,29.14378322413592,0.9804370105365944,1.9951301881197492,2.6076809620810595,2.520826145418932,,0.1882716049382716,0.2820913714670338,0.8246211251235323,2483.135721000508,3297.53076171875,16832,20736,w/o transport-aware footprint
sample_2067,3,medium,uniform,ellipsoid+irregular,mixed_two_shape,0,1,1,0.6952882695331404,0.5329056628351516,0.7788777307125891,0.627901622990589,0.0416804663836956,27.601348181137464,0.9776523226369837,0.6162694228384614,18.317205026968495,1.7960073302476132,,0.1938380079039251,0.4330676323240953,1.5362291495737217,2462.713951999831,3297.53076171875,21011,26063,w/o transport-aware footprint
sample_2069,2,shallow,uniform,ellipsoid+sphere,mixed_two_shape,1,1,0,0.7256782399098797,0.5694623309726582,0.6261616072222088,0.8628048780489477,0.0296485349535942,30.559935068676445,0.9846860933897216,2.521364241429852,1.82208671582886,3.804580629824212,,0.3779268292682927,0.3157618753836691,0.7483314773547883,2508.1939739993686,3297.53076171875,11299,8200,w/o transport-aware footprint
sample_2070,2,deep,uniform,irregular+sphere,mixed_two_shape,1,0,1,0.8323016777977552,0.7127711515660788,0.7352856526120771,0.9588102833552647,0.0264427568763494,31.55386553178671,0.988249604781338,1.5589195203724435,4.054626986542659,5.54468923004031,,0.3039969975605179,0.1991401687101427,0.692820323027551,2450.1498749996244,3297.53076171875,13898,10658,w/o transport-aware footprint
sample_2072,3,shallow,uniform,ellipsoid+sphere,mixed_two_shape,1,1,0,0.7397203582725651,0.5869493831216461,0.6872837132657582,0.8008192524322831,0.0386524572968483,28.256457652530603,0.9828187469075332,0.4008458093127269,6.794115100585213,2.717344108324493,,0.1651945724526369,0.3546321230964213,1.4,2501.341394001429,3297.53076171875,18205,15624,w/o transport-aware footprint
sample_2077,3,medium,uniform,ellipsoid+irregular+sphere,mixed_three_shape,1,1,1,0.64844411515674,0.4797760288188732,0.7123008952449063,0.5950947061682395,0.0410156100988388,27.741015844340104,0.9734045699103472,1.2667131508945422,11.843985815594344,1.877473406864748,,0.1645458960660515,0.4630729693371589,1.4142135623730951,2494.664005000232,3297.53076171875,17202,20590,w/o transport-aware footprint
sample_2079,2,medium,uniform,ellipsoid+sphere,mixed_two_shape,1,1,0,0.5437478470551638,0.3733885274992626,0.3863191385225326,0.917732558139774,0.0306451320648193,30.272770093822345,0.9883223513783682,2.496410102928992,1.6248076809271923,4.528729525268288,,1.3755813953488372,0.5649433182608316,1.1661903789690602,2461.542716000622,3297.53076171875,8172,3440,w/o transport-aware footprint
sample_2086,1,medium,uniform,sphere,sphere,1,0,0,0.894437420986177,0.8090337335623085,0.9509408602151362,0.8442720763725473,0.0158080700784921,36.02242251965719,0.9967893448729918,0.2307268424050345,3.4292856398964497,3.254854609445976,,0.1121718377088305,0.1151732064856552,0.282842712474619,2448.3496400007425,3297.53076171875,5952,6704,w/o transport-aware footprint
sample_2087,2,shallow,uniform,ellipsoid+irregular,mixed_two_shape,0,1,1,0.5643651258048826,0.3931118809869643,0.4571631709924669,0.7372444104725067,0.030610617250204,30.282557947494727,0.9869167527481536,0.7119198035580059,9.202173656261872,2.464448595362171,,0.6126504872921842,0.4699752232100044,1.359383461568043,2459.5707160005986,3297.53076171875,8439,5233,w/o transport-aware footprint
sample_2111,2,medium,uniform,ellipsoid+sphere,mixed_two_shape,1,1,0,0.8534274734114516,0.7443292540340289,0.7929745889388864,0.9238583591332006,0.0257381685078144,31.788447641099733,0.9878721063395628,0.238762689477063,3.720215047547655,3.8944273447894,,0.1650541795665634,0.2510086728416761,0.7483314773547883,2481.83431599864,3297.53076171875,12042,10336,w/o transport-aware footprint
sample_2119,2,shallow,uniform,ellipsoid+sphere,mixed_two_shape,1,1,0,0.8050527613033178,0.673714064715951,0.9189379286091798,0.7162828947370365,0.0229093898087739,32.79973002433569,0.9904861513547836,0.3684377375627862,13.566134305689298,2.4083840563486008,,0.220531798245614,0.2403454872549897,0.4898979485566356,2464.1605200013146,3297.53076171875,11374,14592,w/o transport-aware footprint
sample_2121,2,shallow,uniform,ellipsoid,ellipsoid,0,1,0,0.8470884751646939,0.7347384919981296,0.9576366861996894,0.7594218963166101,0.0327256694436073,29.70222905223336,0.9837029602401236,0.6558208606654795,16.77736570502056,2.6544705209843973,,0.2069832878581173,0.2124468692628984,0.5391598082117997,2502.965376999782,3297.53076171875,18601,23456,w/o transport-aware footprint
sample_2129,3,medium,uniform,ellipsoid+irregular+sphere,mixed_three_shape,1,1,1,0.8359849580561773,0.7181908548709505,0.9205287466157664,0.765664326401003,0.0250129420310258,32.03670507829656,0.990459522529631,0.2669162716801338,9.16733330909267,2.585507148125045,,0.1682342032057226,0.2131673476635672,0.632455532033676,2461.3744979997136,3297.53076171875,12558,15098,w/o transport-aware footprint
sample_2166,3,medium,uniform,ellipsoid+irregular+sphere,mixed_three_shape,1,1,1,0.6401485454922055,0.4707488772912545,0.5876960375789168,0.7028814787969346,0.03425869718194,29.304582730310923,0.9832085785281318,1.6849431003487785,8.774964387392123,2.401477935868292,,0.1959949256977165,0.4505178696053467,1.5748015748023625,2424.1556950000813,3297.53076171875,13199,11036,w/o transport-aware footprint
sample_2167,1,shallow,uniform,ellipsoid,ellipsoid,0,1,0,0.6011423866620691,0.429738081224669,0.4299595141704601,0.9988030095759256,0.0355933345854282,28.9726263314926,0.9863335638942022,0.34283831085437,3.6331804249169903,11.086783724546708,,1.323016415868673,0.6186355037493542,1.1661903789690602,2441.263467999306,3297.53076171875,13585,5848,w/o transport-aware footprint
sample_2172,1,shallow,uniform,ellipsoid,ellipsoid,0,1,0,0.8137818836791507,0.6860305642636304,0.694535356541015,0.9824635241302154,0.0240669623017311,32.37157425905369,0.9896952403345288,0.1504821602629528,2.925747767665559,6.847658881529534,,0.4145622895622896,0.2388221636809908,0.632455532033676,2415.666913999303,3297.53076171875,10083,7128,w/o transport-aware footprint
sample_2175,2,shallow,uniform,irregular+sphere,mixed_two_shape,1,0,1,0.6206188907492464,0.4499256127167411,0.4624175116695135,0.9433590543425656,0.0336933061480522,29.44912741934672,0.9865817872133918,0.4229369199464661,4.009987531152684,5.181960463369349,,1.0400591035954687,0.4325182433667101,1.2000000000000002,2413.13680300118,3297.53076171875,12426,6091,w/o transport-aware footprint
sample_2196,3,shallow,uniform,ellipsoid+sphere,mixed_two_shape,1,1,0,0.5692515092904465,0.3978697255228202,0.4374380686429713,0.8147651006714517,0.0342385619878768,29.309689638682205,0.9827687420615135,1.710437386476772,14.436065946094873,3.238403028464627,,0.8625838926174496,0.5495338134787225,1.9798989873223332,2467.53781499865,3297.53076171875,11101,5960,w/o transport-aware footprint
sample_2199,2,medium,uniform,irregular+sphere,mixed_two_shape,1,0,1,0.8750904799370968,0.7779207699195513,0.8584218325513346,0.8924192823673583,0.0271747969090938,31.31667366093456,0.988997707293212,0.9132681858282582,13.863621460498695,3.9380738460731695,,0.0396045959304191,0.1502560485849295,0.447213595499958,2496.586388999276,3297.53076171875,16196,15579,w/o transport-aware footprint
sample_2202,2,medium,uniform,irregular+sphere,mixed_two_shape,1,0,1,0.6096152137211325,0.4384507222300416,0.4960948799544459,0.7905047245914024,0.0265967790037393,31.5034191905237,0.9897466910809511,0.759523351039545,14.277254638059798,2.951162700681354,,0.5934547130675271,0.5146177729562362,2.3151673805580453,2473.258572999839,3297.53076171875,6914,4339,w/o transport-aware footprint
sample_2207,2,deep,uniform,ellipsoid+sphere,mixed_two_shape,1,1,0,0.7026169061089486,0.5415647154780466,0.5756585528512334,0.9014202172097938,0.0332138240337371,29.57362282790691,0.98428583570941,0.6404057798935342,1.8000000000000005,4.113305343856723,,0.5658939014202172,0.3891145810205511,1.019803902718557,2513.288308000483,3297.53076171875,14995,9576,w/o transport-aware footprint
sample_2208,3,medium,uniform,ellipsoid+irregular,mixed_two_shape,0,1,1,0.6563175825804604,0.4884469529943168,0.6582090439124973,0.654436960888778,0.0421106852591037,27.512154423816213,0.9761502143345444,2.126569661442254,4.911211663123471,2.1464490266464176,,0.0057308283114734,0.4535729187060651,1.3564659966250538,2454.7824660003243,3297.53076171875,16829,16926,w/o transport-aware footprint
sample_2209,1,deep,uniform,sphere,sphere,1,0,0,0.6962302636551362,0.5340132112648811,0.5355026147594009,0.994818652849752,0.025884985923767,31.73904153764739,0.9899902104722852,0.1896818315407472,2.505992817228334,8.925711700012545,,0.8577288428324698,0.4065868039704641,0.938083151964686,2509.9697090008704,3297.53076171875,8605,4632,w/o transport-aware footprint
sample_2225,3,shallow,uniform,ellipsoid+sphere,mixed_two_shape,1,1,0,0.8354077309686512,0.7173392381039734,0.8058277069903012,0.8672421328672054,0.0350864082574844,29.097221407289258,0.9758729373253896,1.1324874198788255,21.442014830700963,4.061081385768566,,0.0762128496503496,0.20524173997876,0.6000000000000001,2474.8060410001926,3297.53076171875,19699,18304,w/o transport-aware footprint
sample_2234,2,deep,uniform,ellipsoid+sphere,mixed_two_shape,1,1,0,0.816279676493704,0.689588292339161,0.770109284237698,0.8683392539965936,0.0250960700213909,32.00788560795768,0.9907105723672944,0.4246246477648751,2.23606797749979,3.5753378895182,,0.1275532859680284,0.1961442612440088,0.5656854249492381,2465.8425440011342,3297.53076171875,10157,9008,w/o transport-aware footprint
sample_2259,2,medium,uniform,ellipsoid+sphere,mixed_two_shape,1,1,0,0.8486086487320401,0.7370288545225032,0.7441530350143679,0.9871771879483616,0.0267354492098093,31.45824984486199,0.9880267396860946,0.6467745912142705,3.5156791662493894,7.868881189950625,,0.3265781922525108,0.1926389009550508,0.447213595499958,2515.59930500116,3297.53076171875,14794,11152,w/o transport-aware footprint
sample_2263,2,medium,uniform,irregular+sphere,mixed_two_shape,1,0,1,0.7014181678806047,0.5401416765057653,0.5502104630190917,0.9672304439746876,0.0274483617395162,31.229671261421693,0.991007787440001,0.4968549707452296,1.0392304845413265,6.819844867170567,,0.7579281183932347,0.3230469292025282,0.8246211251235323,2459.061535999353,3297.53076171875,9978,5676,w/o transport-aware footprint
sample_2266,2,deep,uniform,ellipsoid+sphere,mixed_two_shape,1,1,0,0.5193788501029778,0.3507844326953707,0.3520354906059916,0.989970645792588,0.0372157581150531,28.58546236098995,0.9864284624132266,1.7576355800191956,0.916515138991168,7.895178781782916,,1.812133072407045,0.5748164004803343,1.3564659966250538,2498.250829999961,3297.53076171875,11496,4088,w/o transport-aware footprint
sample_2270,3,deep,uniform,irregular+sphere,mixed_two_shape,1,0,1,0.4483177948929015,0.2889237199587334,0.3639526137651711,0.5835971656873457,0.0389056243002414,28.19975241117056,0.9834561744182628,4.17440140509166,9.09945053286186,2.034752469777702,,0.6034976631991558,0.6789780622306167,2.23606797749979,2494.266626999888,3297.53076171875,10636,6633,w/o transport-aware footprint
sample_2271,3,shallow,uniform,ellipsoid+irregular,mixed_two_shape,0,1,1,0.7217702813643847,0.5646639808492061,0.7381879245861094,0.7060670219758297,0.0367575883865356,28.693060328598328,0.9800512267831092,1.4177401924940218,12.771844032871686,2.463246934230583,,0.0435131780681901,0.3073484620862504,1.0392304845413265,2471.465130998695,3297.53076171875,13101,13697,w/o transport-aware footprint
sample_2281,2,deep,uniform,ellipsoid+sphere,mixed_two_shape,1,1,0,0.758354401287116,0.6107655856657742,0.8527861056549918,0.6827512001325597,0.0378316529095172,28.44289358756804,0.9814768413299008,2.4846491077141724,13.376098085764772,2.0599280079401505,,0.1993875186227446,0.379621177867052,1.264911064067352,2503.41095099975,3297.53076171875,19346,24164,w/o transport-aware footprint
sample_2293,1,deep,uniform,ellipsoid,ellipsoid,0,1,0,0.8948232267223107,0.8096652484548369,0.9766631161034408,0.8256385068763706,0.0213957857340574,33.39343490469554,0.9942924961512878,0.0780297497795759,3.583294573433784,3.136624541163805,,0.1546332678454486,0.1411158787191919,0.447213595499958,2464.3105429986463,3297.53076171875,10327,12216,w/o transport-aware footprint
sample_2299,1,medium,uniform,irregular,irregular,0,0,1,0.5449351073385479,0.3745091439477453,0.3745091439477453,1.0,0.0316794998943805,29.98443289080816,0.9915777647109478,0.1782834594760546,1.3416407864998738,18.09626054207564,,1.6701617735170762,0.5880238412525138,1.019803902718557,2460.250212998289,3297.53076171875,8913,3338,w/o transport-aware footprint
sample_2306,3,shallow,uniform,irregular+sphere,mixed_two_shape,1,0,1,0.6239519556994845,0.4534376239870052,0.8988259086568738,0.4778258921906891,0.055656298995018,25.08971319098777,0.9769161354324624,0.6538504553568862,2.918903903865285,1.5271504744004605,,0.46838883081977,0.5385140330319615,1.3114877048604,2442.967842000144,3297.53076171875,17801,33485,w/o transport-aware footprint
sample_2323,3,shallow,uniform,ellipsoid+irregular,mixed_two_shape,0,1,1,0.7974171792071818,0.6630871200052059,0.8851880210992491,0.7254819928181413,0.0410865359008312,27.72600912563873,0.9827004728907246,2.595161979755585,0.894427190999916,2.163332929679512,,0.1804204581110762,0.2752886591670564,1.0,2487.3069139994186,3297.53076171875,23508,28683,w/o transport-aware footprint
sample_2357,3,medium,uniform,ellipsoid+irregular+sphere,mixed_three_shape,1,1,1,0.7680029558471206,0.623380518234391,0.841197895588959,0.7065261726718515,0.0263765752315521,31.575631911912904,0.9879815284563788,0.3001518418619961,2.2715633383201097,2.4211461931336027,,0.1600951733514616,0.2563270784012819,0.7211102550927979,2460.287365998738,3297.53076171875,12355,14710,w/o transport-aware footprint
sample_2361,2,shallow,uniform,ellipsoid+sphere,mixed_two_shape,1,1,0,0.8385956998948133,0.722053207327515,0.7697350262215225,0.9209874504624166,0.0292527917772531,30.67665368325572,0.9844664423855588,1.2729295107990986,3.2310988842807027,4.456165463231952,,0.1964993394980184,0.2457897290794781,0.8246211251235323,2456.866402000742,3297.53076171875,14492,12112,w/o transport-aware footprint
sample_2372,3,deep,uniform,ellipsoid+sphere,mixed_two_shape,1,1,0,0.5028960817719625,0.335912608102389,0.3495973472292416,0.895631067961346,0.040848258882761,27.776529363127192,0.9840740189578112,2.194778275571486,9.219544457292889,3.5928630447361734,,1.5618932038834952,0.663933151327048,2.1633307652783937,2479.9603299998125,3297.53076171875,14777,5768,w/o transport-aware footprint
sample_2375,2,medium,uniform,ellipsoid+irregular,mixed_two_shape,0,1,1,0.7612592592593477,0.614542845183511,0.6336395585426761,0.9532510898803884,0.0328656435012817,29.66515698175883,0.9817814541677322,0.8855849826452555,3.709447398198282,6.077254424751674,,0.5044058992672293,0.2900994281054468,0.66332495807108,2450.545931000306,3297.53076171875,16219,10781,w/o transport-aware footprint
sample_2378,3,shallow,uniform,ellipsoid+sphere,mixed_two_shape,1,1,0,0.6518678209318383,0.4835340562693101,0.6386377136825038,0.6656576774905988,0.0370349138975143,28.627772947132392,0.978366100167994,0.6389255430688432,7.942291860665913,2.2694378474736863,,0.0423087506879471,0.4038079342890955,1.077032961426901,2466.0195090000343,3297.53076171875,15151,14536,w/o transport-aware footprint
sample_2385,2,deep,uniform,irregular,irregular,0,0,1,0.6414706980219844,0.4721802445398101,0.5628889616777548,0.7455531453367775,0.0253556855022907,31.91849251597305,0.9922916745996904,4.920637209450884,30.2264784584642,2.210380860738882,,0.3245119305856833,0.317346285146378,0.7211102550927979,2422.6510179996694,3297.53076171875,6106,4610,w/o transport-aware footprint
sample_2409,2,shallow,uniform,ellipsoid+sphere,mixed_two_shape,1,1,0,0.4823681811641883,0.3178426909463089,0.3181041574388925,0.99742063492064,0.0430143140256404,27.32773986056557,0.9837240799220766,2.239237131117788,1.28062484748657,11.296128923975004,,2.135515873015873,0.6873276661702967,1.148912529307606,2402.7704000000085,3297.53076171875,15803,5040,w/o transport-aware footprint
sample_2413,3,shallow,uniform,ellipsoid+irregular,mixed_two_shape,0,1,1,0.586742468643891,0.4151702401196802,0.5425428137873712,0.6387825421135537,0.0417430736124515,27.5883117776726,0.9749094472905748,0.7168136651942141,4.014971979976947,2.121598660556122,,0.1773864216436957,0.5101767184614122,1.4142135623730951,2493.079145999218,3297.53076171875,18452,15672,w/o transport-aware footprint
sample_2418,1,deep,uniform,sphere,sphere,1,0,0,0.6585794655417909,0.4909567496730131,0.5018756698827681,0.9575664621677976,0.0260691549628973,31.67746044080261,0.9901572966148452,0.0737651516933066,2.0976176963403037,5.609903176808502,,0.9079754601226994,0.4931000928157603,1.6180118087300748,2410.6040469996515,3297.53076171875,7464,3912,w/o transport-aware footprint
sample_2435,1,shallow,uniform,irregular,irregular,0,0,1,0.6101418071129184,0.4389957264963258,0.4390426327605096,0.9997566909975676,0.0301147848367691,30.42440521082582,0.9914620827369036,0.193343964129247,1.4422205101855958,15.17065322572318,,1.2771289537712895,0.4987822697203568,0.8246211251235323,2425.6212130003405,3297.53076171875,9359,4110,w/o transport-aware footprint
sample_2440,2,deep,uniform,ellipsoid,ellipsoid,0,1,0,0.7043294614573534,0.5436022819888762,0.5815560026830439,0.8928130148271285,0.0360892750322818,28.85243685522841,0.9830268635306012,2.1798963043696604,3.622154055254967,4.334848912919427,,0.5352141680395387,0.4111776822038369,1.7549928774784247,2437.296435000462,3297.53076171875,14910,9712,w/o transport-aware footprint
sample_2442,3,medium,uniform,ellipsoid+irregular+sphere,mixed_three_shape,1,1,1,0.6231894054353624,0.4526326336358636,0.5134689702207812,0.7925438596493048,0.0403920114040374,27.87409060970137,0.9775798588201112,3.623377250317836,7.496665925596525,2.7879527524936583,,0.5435087719298246,0.624046004379344,2.4413111231467406,2481.6611089991056,3297.53076171875,17596,11400,w/o transport-aware footprint
sample_2453,1,medium,uniform,ellipsoid,ellipsoid,0,1,0,0.8465585585586691,0.7339415146216771,0.9969444915973572,0.7355961923851007,0.0194448754191398,34.223897052349834,0.9964829822979951,0.122251416993371,3.423448553724738,2.330482177095197,,0.2621492985971944,0.186907656099725,0.447213595499958,2506.569686000148,3297.53076171875,5891,7984,w/o transport-aware footprint
sample_2472,2,medium,uniform,ellipsoid+sphere,mixed_two_shape,1,1,0,0.792139256458809,0.6558200195633155,0.7195907269607044,0.8809565522075324,0.0296964608132839,30.54590640026623,0.9882867299443396,0.9078530061486002,1.854723699099141,3.6718134271604175,,0.2242466713384723,0.2555509559425042,0.7483314773547883,2461.967010998705,3297.53076171875,13976,11416,w/o transport-aware footprint
sample_2477,2,medium,uniform,ellipsoid+irregular,mixed_two_shape,0,1,1,0.7483370288249113,0.5978742249780544,0.934399753902996,0.6240690328216015,0.033518336713314,29.49435056180308,0.9856352909143516,0.8131168045540088,8.138795979750322,2.0427008191806006,,0.3321177256150804,0.3398012263870042,0.916515138991168,2523.2235209987266,3297.53076171875,13003,19469,w/o transport-aware footprint
sample_2478,3,medium,uniform,ellipsoid+irregular+sphere,mixed_three_shape,1,1,1,0.7680863029807844,0.6234903506953212,0.9282051282051724,0.655082195962301,0.0352226458489894,29.063560474884103,0.9827542720666212,2.039533333125469,4.345112196480087,2.2368042209515364,,0.2942484629137051,0.3768376242489338,1.019803902718557,2526.6340849993867,3297.53076171875,16185,22933,w/o transport-aware footprint
sample_2483,3,medium,uniform,ellipsoid+irregular+sphere,mixed_three_shape,1,1,1,0.7983787207093609,0.6644179280686155,0.8249397968799995,0.7734746969028746,0.0356889963150024,28.949313629346197,0.9804857214899269,1.8877931976567497,15.60256389187367,2.698648417895542,,0.0623864919255877,0.2529007878847814,0.8485281374238571,2545.68186600045,3297.53076171875,19102,20373,w/o transport-aware footprint
sample_2494,3,deep,uniform,irregular+sphere,mixed_two_shape,1,0,1,0.5949684447135839,0.4234555746988533,0.6577463442610554,0.5431299818486756,0.0383733697235584,28.31940096603905,0.986104207204578,1.0427514038135226,1.5362291495737217,1.7060651347674844,,0.1742561755189014,0.4478207833067907,1.216552506059644,2520.6852779992914,3297.53076171875,10463,12671,w/o transport-aware footprint
sample_2505,3,medium,uniform,ellipsoid+sphere,mixed_two_shape,1,1,0,0.679703816214265,0.514811619212197,0.5934357387558883,0.7953199052134218,0.0389141216874122,28.1978558692011,0.9839912630068656,0.8849030325461232,10.315037566582102,2.769626814920071,,0.3401954976303317,0.4680085313246048,2.12602916254693,2490.3508700008388,3297.53076171875,18098,13504,w/o transport-aware footprint
sample_2533,1,deep,uniform,irregular,irregular,0,0,1,0.6826369094549806,0.5181843292518937,0.5181843292518937,1.0,0.031794473528862,29.95296729636905,0.992120065458736,0.4588382969956244,4.467661580737736,23.74989384380228,,0.929815209665956,0.4128677521790571,0.8,2493.721511998956,3297.53076171875,10861,5628,w/o transport-aware footprint
sample_2536,3,shallow,uniform,ellipsoid+irregular,mixed_two_shape,0,1,1,0.7441860465117245,0.5925925925928376,0.8882480173036336,0.6403326403328741,0.0272314269095659,31.29859204971076,0.9899579675564886,1.7327993014109715,3.212475680841802,1.7268414985312286,,0.2791060291060291,0.3431828763014793,1.456021977856104,2395.8863629995903,3297.53076171875,11096,15392,w/o transport-aware footprint
sample_2584,1,deep,uniform,irregular,irregular,0,0,1,0.8827560886061175,0.7901193997154231,0.8415587446040816,0.9281945695535604,0.0183962136507034,34.70543062160719,0.9953102863308798,0.1458431433839905,1.939071942966532,4.499887944294963,,0.1029468536867842,0.1403855289683673,0.447213595499958,2461.8372559998534,3297.53076171875,8571,7771,w/o transport-aware footprint
sample_2589,3,shallow,uniform,ellipsoid+sphere,mixed_two_shape,1,1,0,0.7352050734568548,0.5812840153197031,0.660388160531482,0.8291403105234121,0.0361725389957428,28.83242066816555,0.9768369132388494,0.7601990183331292,2.712931993250108,2.9670454100813477,,0.2555347901092581,0.3677725504189774,1.1661903789690602,2518.320567000046,3297.53076171875,17467,13912,w/o transport-aware footprint
sample_2600,1,shallow,uniform,sphere,sphere,1,0,0,0.8263482400688158,0.7040829897596701,0.7141508161342046,0.9803703703704068,0.0196172501891851,34.14723771957717,0.9942660589141328,0.1966314838736769,1.2328828005937955,6.7980339072118126,,0.3727777777777777,0.1989737744646426,0.5656854249492381,2540.454687001329,3297.53076171875,7413,5400,w/o transport-aware footprint
sample_2603,1,deep,uniform,ellipsoid,ellipsoid,0,1,0,0.8907569985092385,0.8030314343315142,0.8378778435650999,0.9507602545969318,0.0225587841123342,32.9336860171393,0.9916671741213912,0.1532197132589407,4.09878030638384,5.011534837123245,,0.1347241867043847,0.1552927202476491,0.447213595499958,2517.361238999001,3297.53076171875,12836,11312,w/o transport-aware footprint
sample_2614,3,medium,uniform,sphere,sphere,1,0,0,0.4533017343534131,0.2930770302275434,0.4022175492263408,0.5192497532088854,0.0390346124768257,28.17100275187988,0.976874790357241,1.6340369333237612,22.324874019801324,1.5769101989325516,,0.2909674234945706,0.652968169647095,1.8000000000000005,2476.632773999881,3297.53076171875,10462,8104,w/o transport-aware footprint
sample_2643,1,deep,uniform,ellipsoid,ellipsoid,0,1,0,0.8978843523557613,0.8146915927335157,0.8759865992846085,0.9209049665712028,0.0260597541928291,31.68059384375679,0.9893071008689572,0.3123253391076093,4.37264222181509,4.506844245172934,,0.0512774594078319,0.1552813887005064,0.5656854249492381,2500.658729000861,3297.53076171875,17611,16752,w/o transport-aware footprint
sample_2650,3,medium,uniform,ellipsoid+sphere,mixed_two_shape,1,1,0,0.4204457256904237,0.2661799803457035,0.2661799803457035,1.0,0.0508417524397373,25.87558969148412,0.9705472298156672,5.171022564140367,1.811077027627484,10.883786622858713,,2.7568565400843883,0.9299007542701688,2.749545416973504,2447.869351999543,3297.53076171875,21369,5688,w/o transport-aware footprint
sample_2655,1,shallow,uniform,ellipsoid,ellipsoid,0,1,0,0.6568914956013966,0.4890829694328101,0.4890829694328101,1.0,0.0306756552308797,30.26412334937966,0.9927060632684234,0.4839312573296468,1.886796226411321,19.49944075012936,,1.0446428571428572,0.4850430380045825,1.019803902718557,2455.3446659992915,3297.53076171875,10305,5040,w/o transport-aware footprint
sample_2676,3,shallow,uniform,ellipsoid+sphere,mixed_two_shape,1,1,0,0.6130425155006571,0.4420052686202266,0.5729511589408391,0.6591666666670724,0.0367051027715206,28.705471355407145,0.9768892151120396,1.932789100900167,5.607138307550475,2.005557793505118,,0.1504761904761904,0.4515220686306225,1.6733200530681511,2507.796091998898,3297.53076171875,9664,8400,w/o transport-aware footprint
sample_2682,2,medium,uniform,irregular,irregular,0,0,1,0.8537019216750201,0.7447468837447241,0.8448574396861106,0.8627335415807964,0.0270113702863454,31.369067594940205,0.9845641556329014,0.2225307205804151,12.550697191789784,3.876323465422141,,0.021158719867979,0.1900068829265247,0.447213595499958,2498.5277830001,3297.53076171875,17326,16967,w/o transport-aware footprint
sample_2684,3,medium,uniform,ellipsoid+irregular,mixed_two_shape,0,1,1,0.8350887317847829,0.71686896210071,0.8144770910729402,0.8567706791403537,0.0308488961309194,30.21520721221908,0.9853006397457474,1.4159959734450809,2.2,3.698542911913487,,0.0519272899520397,0.1951853281156285,0.6000000000000001,2343.6116999982914,3297.53076171875,17766,16889,w/o transport-aware footprint
sample_2698,2,deep,uniform,ellipsoid,ellipsoid,0,1,0,0.840651021953109,0.725106105125822,0.8669975462860434,0.8158585222503065,0.0277152210474014,31.14563297717803,0.9880460650992012,0.5705507367472739,4.8207883172775805,2.676074759795352,,0.0589840470193115,0.2161060963142546,0.66332495807108,2363.4639410011005,3297.53076171875,17932,19056,w/o transport-aware footprint
sample_2702,2,deep,uniform,ellipsoid+irregular,mixed_two_shape,0,1,1,0.7037793667010175,0.5429472025223909,0.6016416346496654,0.8476870078743906,0.0236135181039571,32.53678628173022,0.991770004454557,3.115409960721611,11.009087155618309,3.660539667256269,,0.4089566929133858,0.2716499726870124,0.8246211251235323,2402.5267689994507,3297.53076171875,5726,4064,w/o transport-aware footprint
sample_2711,3,deep,uniform,ellipsoid+sphere,mixed_two_shape,1,1,0,0.7171590010833162,0.5590396640651975,0.6643163204427703,0.779134860051031,0.0407947227358818,27.78791966150152,0.9772887226506712,2.49000948827745,13.95994269329212,2.8571902573640395,,0.1728371501272264,0.3861549253678792,1.661324772583615,2408.977811001023,3297.53076171875,18437,15720,w/o transport-aware footprint
sample_2719,1,shallow,uniform,ellipsoid,ellipsoid,0,1,0,0.8034588190331533,0.6714844685780792,0.6954184584852007,0.9512443438914578,0.0273798983544111,31.251363361411293,0.9877639296493004,0.5339108664178681,2.60768096208106,4.9278393632937405,,0.3678733031674208,0.2784183982683371,0.8246211251235323,2290.64483899856,3297.53076171875,12092,8840,w/o transport-aware footprint
sample_2741,3,medium,uniform,ellipsoid+sphere,mixed_two_shape,1,1,0,0.6756445293208404,0.5101685644674506,0.6114786340070257,0.754855797528138,0.0378186032176017,28.445890372102,0.9793894719145392,1.268898712794232,3.6331804249169903,2.480423935976772,,0.2344761624484991,0.8239766048900335,3.989987468652001,2426.3654019996466,3297.53076171875,16779,13592,w/o transport-aware footprint
sample_2745,2,medium,uniform,irregular+sphere,mixed_two_shape,1,0,1,0.828331046005234,0.7069667956817,0.7609911193950651,0.908745744959533,0.0229435227811336,32.78679801548673,0.9914259286770732,1.4573713557177723,14.759403781996074,4.124468375471895,,0.1941607750720083,0.1776388612197037,0.5656854249492381,2495.7787709990957,3297.53076171875,9121,7638,w/o transport-aware footprint
sample_2747,2,shallow,uniform,irregular+sphere,mixed_two_shape,1,0,1,0.737617554859037,0.5843059349394187,0.8613526127941235,0.644966764887518,0.0319769717752933,29.903254076140875,0.9890770311244084,1.4436773732050043,10.943491216243563,2.0238309234237284,,0.2512163365997396,0.3259058345556165,0.916515138991168,2512.48847900024,3297.53076171875,10927,14593,w/o transport-aware footprint
sample_2751,2,medium,uniform,sphere,sphere,1,0,0,0.7253515052187849,0.5690600257159308,0.5743067886903604,0.9841994382022656,0.0319617949426174,29.907376690018083,0.9847117485709508,0.2034495734815047,1.4142135623730951,8.115871285554245,,0.7137172284644194,0.3454205729396546,0.8,2462.5118110016047,3297.53076171875,14642,8544,w/o transport-aware footprint
sample_2759,1,medium,uniform,irregular,irregular,0,0,1,0.847948164146934,0.7360329958757136,0.7495227185950748,0.9761312779711824,0.0246020704507827,32.18056731990296,0.9927956564178656,0.0592554590073785,4.054626986542659,6.63632989663328,,0.3023371456986574,0.2132322721122377,0.6000000000000001,2348.5502780004026,3297.53076171875,13095,10055,w/o transport-aware footprint
sample_2769,3,shallow,uniform,ellipsoid+sphere,mixed_two_shape,1,1,0,0.6280310378274809,0.4577589254156149,0.6949555351121627,0.5728640040447593,0.0355306826531887,28.98792908216896,0.985180921497526,0.7398077801020118,15.14199458459816,1.6904128772585478,,0.1756825075834175,0.4748430177803318,1.4553319044725634,2423.066902001665,3297.53076171875,13044,15824,w/o transport-aware footprint
sample_2771,1,shallow,uniform,ellipsoid,ellipsoid,0,1,0,0.9098258706467878,0.8345693097547788,0.851800429953488,0.9763347022587392,0.0257166549563407,31.79571021135316,0.9913623683503922,0.3248044102703247,3.9698866482558417,6.6933342207857205,,0.1462012320328542,0.149211686523994,0.447213595499958,2449.2606019994128,3297.53076171875,22328,19480,w/o transport-aware footprint
sample_2784,1,deep,uniform,sphere,sphere,1,0,0,0.6670034642034736,0.5003789929621002,0.5009757155252591,0.9976252158894696,0.0274202581495046,31.238568473806705,0.9885747279187012,0.2483994060929565,2.638181191654584,9.822061896621788,,0.9913644214162348,0.4546394048576852,1.077032961426901,2440.835957999297,3297.53076171875,9224,4632,w/o transport-aware footprint
sample_2799,3,medium,uniform,ellipsoid+sphere,mixed_two_shape,1,1,0,0.8203960682278764,0.6954843453221644,0.8002679075015509,0.8415628706999988,0.0299126766622066,30.48289405583496,0.9883964890096202,0.1884936554788967,18.149380154705007,2.63277691934737,,0.0516014234875444,0.2736125126446091,1.4,2474.243351000041,3297.53076171875,14184,13488,w/o transport-aware footprint
sample_2804,2,medium,uniform,irregular+sphere,mixed_two_shape,1,0,1,0.7616254713030155,0.6150202976999196,0.973754686663131,0.6253869969043468,0.0276532564312219,31.16507434783275,0.9921934511026088,2.2897138361715634,3.736308338453881,2.2100415645409117,,0.3577571379428964,0.2750278228948677,0.6000000000000001,2506.9067450003786,3297.53076171875,7468,11628,w/o transport-aware footprint
sample_2833,3,medium,uniform,irregular+sphere,mixed_two_shape,1,0,1,0.6137013801758526,0.4426906089353104,0.4881437125752589,0.826216216216451,0.033802580088377,29.42100303497725,0.9834631163952304,1.4232666023000853,1.969771560359221,3.5625356229950285,,0.6925675675675675,0.7423968789405287,3.9648455203198014,2338.141013000495,3297.53076171875,12525,7400,w/o transport-aware footprint
sample_2844,2,medium,uniform,ellipsoid+irregular,mixed_two_shape,0,1,1,0.8245283018868538,0.7014446227931149,0.8064935064936388,0.8433881343818131,0.0290462914854288,30.738185892055625,0.9868125521448616,0.8901391896324607,1.7204650534085255,3.3170698409266337,,0.045746962115797,0.2121161664638085,0.5656854249492381,2383.0112560008274,3297.53076171875,14630,13990,w/o transport-aware footprint
sample_2850,3,deep,uniform,ellipsoid+irregular,mixed_two_shape,0,1,1,0.7823287158368196,0.642479399827966,0.7652343750001146,0.8002042379372989,0.0345413275063037,29.23321955636426,0.9815952028349534,1.0235575791406004,10.59245014149229,3.039413625803911,,0.0456982384477916,0.271825574926597,0.7211102550927979,2421.7912320000323,3297.53076171875,20480,19585,w/o transport-aware footprint
sample_2872,1,medium,uniform,irregular,irregular,0,0,1,0.7338580813163675,0.5796017575024963,0.582652006390769,0.991048593350398,0.0287332665175199,30.8323003717654,0.9926324577322456,0.3203733565069565,3.6932370625238775,9.482051116086186,,0.7009271099744245,0.3669113543701192,0.894427190999916,2425.0966440013144,3297.53076171875,10641,6256,w/o transport-aware footprint
sample_2873,2,shallow,uniform,irregular,irregular,0,0,1,0.440635389730742,0.2825736757326991,0.2841082317079991,0.9812438302073668,0.0336988270282745,29.44770452655481,0.9853920920071928,4.042585721655519,2.08806130178211,8.565999574932693,,2.453767686739059,0.6666222125095682,1.2328828005937955,2507.338830999288,3297.53076171875,10496,3039,w/o transport-aware footprint
sample_2874,1,medium,uniform,irregular,irregular,0,0,1,0.6825943569075247,0.5181352915003136,0.5181352915003136,1.0,0.0279863011091947,31.061089909837385,0.9933922172664394,0.2414220741527137,3.944616584663205,15.644364710261698,,0.929997852694868,0.400335948041822,0.8246211251235323,2549.579309999899,3297.53076171875,8988,4657,w/o transport-aware footprint
sample_2887,2,shallow,uniform,ellipsoid+irregular,mixed_two_shape,0,1,1,0.8623029335462327,0.7579372039994046,0.8926763764074513,0.8339283991123063,0.0301086865365505,30.42616376788674,0.9864064508635976,2.3051834020648947,2.80713376952364,3.260878550915387,,0.065811058573772,0.1799212775249778,0.4898979485566356,2655.0870110004325,3297.53076171875,19362,20726,w/o transport-aware footprint
sample_2909,2,deep,uniform,irregular,irregular,0,0,1,0.6958857627598625,0.533607979184904,0.8912361178175451,0.5707769617319015,0.0398458316922187,27.992342351348967,0.9815509971021632,0.6914808331173729,5.517245689653489,1.9171111682233752,,0.3595670660997294,0.4594490481395739,1.0954451150103324,2443.647791998956,3297.53076171875,16568,25870,w/o transport-aware footprint
sample_2932,2,medium,uniform,ellipsoid+sphere,mixed_two_shape,1,1,0,0.841539900897522,0.726429767887218,0.8879707495430436,0.7997233930454427,0.0324870012700557,29.765806948165533,0.9896800648926576,4.764213381888236,21.708063018150654,2.673569950368764,,0.0993809272918861,0.1962000341125735,0.66332495807108,2416.110808000667,3297.53076171875,13675,15184,w/o transport-aware footprint
sample_2934,1,deep,uniform,irregular,irregular,0,0,1,0.7360015031944119,0.5822803627177179,0.9956786985256793,0.5837555886739316,0.0330230817198753,29.62364742793349,0.9930568988547094,0.1015106053051943,4.089009660052175,1.5519351639885686,,0.4137108792846498,0.3767555679031087,0.66332495807108,2361.0360490001767,3297.53076171875,7868,13420,w/o transport-aware footprint
sample_2936,1,deep,uniform,ellipsoid,ellipsoid,0,1,0,0.3691469436409252,0.2263520567976337,0.2263520567976337,1.0,0.0360879190266132,28.852762772199583,0.9894384705135796,0.2267853166418941,2.3409399821439254,21.321039919079155,,3.4178966789667897,0.8993421308945232,1.61245154965971,2331.328960999599,3297.53076171875,9578,2168,w/o transport-aware footprint
sample_2945,3,deep,uniform,ellipsoid+sphere,mixed_two_shape,1,1,0,0.7287555523194286,0.5732615419869707,0.6069132807767047,0.9118075801750878,0.0252610817551612,31.950961693629445,0.9880045799946954,1.1439827925913253,19.614280511912742,4.815252368246573,,0.502368804664723,0.2538413732690945,0.8246211251235323,2388.526295999327,3297.53076171875,8245,5488,w/o transport-aware footprint
sample_2948,2,deep,uniform,ellipsoid+sphere,mixed_two_shape,1,1,0,0.8280049680298873,0.706491875343664,0.7284500202349425,0.9590792838875116,0.0252585913985967,31.95181733246634,0.989144671702304,0.3387523197160438,19.44222209522358,6.205345055962542,,0.3166027280477408,0.1894832182274344,0.5656854249492381,2374.193981999269,3297.53076171875,12355,9384,w/o transport-aware footprint
sample_2951,1,shallow,uniform,irregular,irregular,0,0,1,0.5565903065736139,0.3856079871909337,0.386080724255577,0.9968346725103558,0.0339256078004837,29.389446414620625,0.9909886106242244,0.2312017945293607,3.649657518178932,14.635385194554516,,1.5819332846359873,0.6234664176976684,1.077032961426901,2482.903492998957,3297.53076171875,10604,4107,w/o transport-aware footprint
sample_2956,2,deep,uniform,ellipsoid+irregular,mixed_two_shape,0,1,1,0.6656901258408245,0.4989021956092825,0.5044399596372305,0.978469367782387,0.0294825546443462,30.608698052861023,0.9871134007522002,0.1984286116157153,18.128430709799456,6.91210504957308,,0.9397142297905656,0.3647694544713168,0.894427190999916,2437.4642580005457,3297.53076171875,9910,5109,w/o transport-aware footprint
sample_2961,2,medium,uniform,irregular,irregular,0,0,1,0.62350722815856,0.4529680365300372,0.5952340133725396,0.6546003016594507,0.0387747026979923,28.22903023921082,0.9817598821050822,0.8451770246813021,7.370210309075312,2.201514859289259,,0.09973604826546,0.5125427738347386,1.7204650534085255,2330.6120580000425,3297.53076171875,11666,10608,w/o transport-aware footprint
sample_2977,1,medium,uniform,irregular,irregular,0,0,1,0.6826208495263636,0.5181658213440449,0.8503482249025813,0.5701594533034507,0.0308485198765993,30.215313547048595,0.9941883381170205,0.6223097749276674,2.9529646120466806,1.38399234132294,,0.329498861047836,0.4026527125813267,0.8717797887081349,2322.1624060006434,3297.53076171875,5887,8780,w/o transport-aware footprint
sample_2987,3,deep,uniform,ellipsoid+sphere,mixed_two_shape,1,1,0,0.5258631921826163,0.3567261799544182,0.4199209266841784,0.7032992565059208,0.0394699536263942,28.074667893130503,0.9880710872765024,0.9198083257725216,1.0954451150103324,2.3033698038587183,,0.6748373605947955,0.5534290393769767,1.6733200530681511,2255.305341001076,3297.53076171875,14417,8608,w/o transport-aware footprint
sample_2993,3,deep,uniform,irregular+sphere,mixed_two_shape,1,0,1,0.6732004612091611,0.5073867163255695,0.5357891976930154,0.90540540540551,0.0361812636256217,28.830325673903,0.979511088838088,0.2026206997645082,15.444092721814382,4.3422833324014265,,0.689853788214444,0.3716513278197934,1.1661903789690602,2497.243157000412,3297.53076171875,15256,9028,w/o transport-aware footprint
sample_0002,1,shallow,uniform,ellipsoid,ellipsoid,0,1,0,0.8959703075292174,0.8115454807417044,0.9300968736240312,0.8642594108021029,0.0200193952769041,33.970980734049554,0.9935233609060972,0.1986029318053813,3.104834939252005,3.6315077718227977,,0.070785597381342,0.1304652355881805,0.4,6313.754983999388,3699.17236328125,9084,9776,w/o query-canonical reliability
sample_0006,1,deep,uniform,sphere,sphere,1,0,0,0.8699020611022732,0.769758116673432,0.9192153228299056,0.8256104328526281,0.0179372802376747,34.924868276054056,0.9954773986134204,0.2003224631041298,3.0789608636681307,3.0267153860930645,,0.1018312985571587,0.1466001516935909,0.4,3279.6145559987053,3699.17236328125,6474,7208,w/o query-canonical reliability
sample_0022,2,shallow,uniform,irregular,irregular,0,0,1,0.5846647264954655,0.4130927402438832,0.4203604065253903,0.9598283931358038,0.0343090742826461,29.29181939281961,0.9867448809104652,1.077180262560654,14.142135623730953,6.117008590369068,,1.2833463338533542,0.4736976322838304,1.0,3315.4111670010025,3699.17236328125,11709,5128,w/o query-canonical reliability
sample_0032,1,shallow,uniform,irregular,irregular,0,0,1,0.8967085318319992,0.8127576054957064,0.9736656477780596,0.8310254866547387,0.0235406700521707,32.563623004431626,0.9937489016057712,0.1951501837084793,4.054626986542659,2.9964232424036146,,0.146498093517961,0.1427264997236662,0.4,3267.446942998504,3699.17236328125,12759,14949,w/o query-canonical reliability
sample_0038,2,deep,uniform,irregular+sphere,mixed_two_shape,1,0,1,0.838874872914923,0.7224672460761951,0.7914594287339837,0.8923335736602641,0.0252230130136013,31.964060609019,0.9881033394288165,0.5692891745854286,17.204650534085253,3.877555098923441,,0.1274533365376912,0.2051703363791773,0.6000000000000001,3363.278154,3699.17236328125,14074,12483,w/o query-canonical reliability
sample_0079,2,medium,uniform,ellipsoid,ellipsoid,0,1,0,0.6679986454454223,0.5014999745769556,0.5119381293472895,0.9609314107560786,0.0393252745270729,28.10656476539153,0.9830452285693796,0.5313373127850974,6.082762530298219,6.265441271800102,,0.877045985970382,0.4305953227961717,1.4366465803947903,3536.1673649968,3699.17236328125,19266,10264,w/o query-canonical reliability
sample_0096,2,medium,uniform,ellipsoid+sphere,mixed_two_shape,1,1,0,0.774884419330709,0.6324990323831554,0.6359037551075712,0.9916059870550248,0.0328001230955123,29.682490305530163,0.9848348237880116,1.393254917665426,2.383275057562597,7.485833668964785,,0.5593648867313916,0.2860177428290944,0.8246211251235323,3619.017085999076,3699.17236328125,15419,9888,w/o query-canonical reliability
sample_0100,2,shallow,uniform,sphere,sphere,1,0,0,0.4324324324330459,0.275862068966516,0.275862068966516,1.0,0.0289823003113269,30.757343248991024,0.9918226694149892,0.4421202488540186,1.6733200530681511,16.07850053955687,,2.625,0.5739006223444862,1.0,3341.986995001207,3699.17236328125,7250,2000,w/o query-canonical reliability
sample_0108,1,deep,uniform,ellipsoid,ellipsoid,0,1,0,0.8448198868711504,0.7313317440888272,0.7595690578160067,0.9516264252180152,0.0270780511200428,31.34765185317185,0.989656687902466,0.2229692782070135,2.218107301281884,5.148630401946412,,0.2528504359490275,0.2311446105607953,0.6000000000000001,3387.829466999392,3699.17236328125,14944,11928,w/o query-canonical reliability
sample_0113,3,medium,uniform,ellipsoid,ellipsoid,0,1,0,0.5768447051561736,0.4053280111077704,0.420848725110892,0.9166012558871338,0.0334864743053913,29.50261136009272,0.9822191452767975,2.349044394268959,1.5362291495737217,4.412563621468811,,1.1779827315541602,0.4444882679065317,1.0,3412.893078999332,3699.17236328125,11099,5096,w/o query-canonical reliability
sample_0122,3,deep,uniform,ellipsoid+sphere,mixed_two_shape,1,1,0,0.6573146292586663,0.4895522388063014,0.6466655237445168,0.6683203401845602,0.032096441835165,29.870862115513688,0.9877193599233672,0.6198213726779556,4.8373546489791295,2.14908591966515,,0.0334868887313961,0.3822800802935609,1.077032961426901,3304.027934002079,3699.17236328125,11666,11288,w/o query-canonical reliability
sample_0128,3,deep,uniform,ellipsoid+sphere,mixed_two_shape,1,1,0,0.8087059048469428,0.6788465653757335,0.8575386902751521,0.7651350699470785,0.0320167541503906,29.89245454318981,0.985166757112944,1.4855955621744148,10.647065323364933,2.5329044809528654,,0.1077544621321755,0.2133070624452754,0.6000000000000001,3339.9406819989963,3699.17236328125,14797,16584,w/o query-canonical reliability
sample_0130,2,shallow,uniform,ellipsoid+sphere,mixed_two_shape,1,1,0,0.8681069467654166,0.7669513866922207,0.9169188098841188,0.8242293744335627,0.0191054474562406,34.37685603083455,0.9948960840219137,0.3478640953579376,3.82099463490856,2.7669764907706837,,0.1010879419764279,0.1591082228657854,0.5656854249492381,3359.482047999336,3699.17236328125,7932,8824,w/o query-canonical reliability
sample_0158,1,medium,uniform,irregular,irregular,0,0,1,0.8575952314428075,0.7506929724445611,0.7895729720463222,0.938442723196212,0.016591403633356,35.602337934605,0.9970339894774108,0.1056413807652887,2.918903903865285,4.642641159214116,,0.1885446392172849,0.1505565517683865,0.447213595499958,3229.9870120004925,3699.17236328125,5831,4906,w/o query-canonical reliability
sample_0163,3,deep,uniform,ellipsoid+sphere,mixed_two_shape,1,1,0,0.7018276762403505,0.5406275140791774,0.6184221534346035,0.8112379280072308,0.0302979163825511,30.37174495025817,0.9872092059443548,1.0883280404740443,20.33617466486753,3.1879164067154244,,0.3117866549604917,0.3127349613803781,0.7483314773547883,3213.617342997168,3699.17236328125,11953,9112,w/o query-canonical reliability
sample_0180,1,medium,uniform,sphere,sphere,1,0,0,0.5442339251085004,0.3738470998161776,0.3738470998161776,1.0,0.0325617417693138,29.7458470372605,0.9902183122156945,0.2957501887444806,1.148912529307606,17.65215038691523,,1.674890350877193,0.6463811400442968,1.2806248474865698,3202.964759999304,3699.17236328125,9758,3648,w/o query-canonical reliability
sample_0187,3,medium,uniform,ellipsoid+sphere,mixed_two_shape,1,1,0,0.7325109337308572,0.5779228817232228,0.9809843988023424,0.5844704556836553,0.0438197068870067,27.16661047603185,0.9840307285999356,2.244914441903827,11.497825881443848,1.6670508125321035,,0.4042000500751126,0.4131845870914345,1.0,3276.108452999324,3699.17236328125,19037,31952,w/o query-canonical reliability
sample_0189,3,shallow,uniform,irregular+sphere,mixed_two_shape,1,0,1,0.764012316319182,0.6181391015515785,0.6690048224464407,0.8904709108946196,0.0394679270684719,28.07511373770721,0.9753306793737272,0.6070207049027759,2.734958866235469,3.735067241523757,,0.3310381046857676,0.3725453975863819,1.2328828005937953,3328.445603998261,3699.17236328125,22810,17137,w/o query-canonical reliability
sample_0192,3,medium,uniform,ellipsoid+irregular,mixed_two_shape,0,1,1,0.5861140494280286,0.4145412500854148,0.4407723459651136,0.8744619799140969,0.0357286222279071,28.939674949555812,0.98464877227141,0.6738330393293163,1.7204650534085255,4.000392115073676,,0.9839311334289812,0.4122275080926166,1.0,3500.6461640005,3699.17236328125,13828,6970,w/o query-canonical reliability
sample_0207,2,medium,uniform,irregular+sphere,mixed_two_shape,1,0,1,0.7521275882866206,0.6027279561810747,0.9427971440571667,0.6256061535033579,0.0346038453280925,29.217513240752623,0.9892505163766996,0.316413663951307,7.681145747868609,1.869873723101182,,0.3364360960927484,0.5199049477930104,1.077032961426901,3418.5143760005303,3699.17236328125,11905,17941,w/o query-canonical reliability
sample_0234,3,deep,uniform,ellipsoid+sphere,mixed_two_shape,1,1,0,0.5447030179494113,0.3742899385266716,0.5271232876717511,0.5634957825684588,0.0381243154406547,28.37595912791248,0.9805511695467642,1.9639897357311,9.579144011862438,1.7110101906723223,,0.0690018744142455,0.7387862264152081,2.973213749463701,3406.423549000465,3699.17236328125,9125,8536,w/o query-canonical reliability
sample_0240,2,deep,uniform,ellipsoid+sphere,mixed_two_shape,1,1,0,0.8328352835284131,0.7135541982850802,0.940707604717413,0.7471576227391814,0.0293776988983154,30.639644453564216,0.9921386453654768,1.9152869295181592,15.69458505345076,2.4573517348327063,,0.2057493540051679,0.2050378642497276,0.6000000000000001,3415.562966001744,3699.17236328125,12295,15480,w/o query-canonical reliability
sample_0248,3,deep,uniform,irregular,irregular,0,0,1,0.7934274452287575,0.657587844254641,0.93719885225492,0.6878998609180657,0.0333062894642353,29.549474446949876,0.986485506812,1.3590332116736703,18.5137786526684,1.9751781533225456,,0.2660043711504073,0.284865211816065,0.7483314773547883,3342.102638001961,3699.17236328125,18471,25165,w/o query-canonical reliability
sample_0260,3,medium,uniform,sphere,sphere,1,0,0,0.6783367948121569,0.5132448207302205,0.6338217821785078,0.7295769511308081,0.0310068186372518,30.170855602283183,0.984999671023303,0.6413582680730554,8.513518661517105,2.422941681253133,,0.1510758570386579,0.3845182615923512,0.9797958971132712,3296.0038980018,3699.17236328125,12625,10968,w/o query-canonical reliability
sample_0276,2,shallow,uniform,irregular+sphere,mixed_two_shape,1,0,1,0.7821839748809267,0.642284186402175,0.8730529595017225,0.7084474404890367,0.0236365050077438,32.52833513823877,0.9930031715598528,0.594000784166929,10.32666451474047,2.3358583991512947,,0.1885401306088055,0.2270429476538092,0.66332495807108,3338.9322319999337,3699.17236328125,7704,9494,w/o query-canonical reliability
sample_0280,1,shallow,uniform,irregular,irregular,0,0,1,0.2103940267618759,0.1175644415076688,0.1175644415076688,1.0,0.0441730730235576,27.096847865050258,0.9864872807093518,0.697647814731827,1.1661903789690602,19.90306489649141,,7.50597329585383,1.3606986972643789,2.23606797749979,3348.976839999523,3699.17236328125,12104,1423,w/o query-canonical reliability
sample_0290,3,medium,uniform,ellipsoid+irregular,mixed_two_shape,0,1,1,0.6128868989684202,0.4418434938815303,0.9555663469710384,0.4511118752868803,0.0403422191739082,27.88480457882024,0.9863874196048468,1.4800333176571328,2.2715633383201097,1.4194158891497677,,0.5279115084823476,0.4788405941631446,1.7088007490635064,3319.399649000843,3699.17236328125,8237,17448,w/o query-canonical reliability
sample_0297,1,shallow,uniform,irregular,irregular,0,0,1,0.8040375127114594,0.6722932543933537,0.9769357495881597,0.6831360000002028,0.0312321409583091,30.10796450978185,0.9924792177069094,0.3076144700765466,2.7202941017470885,2.0201820570322173,,0.300736,0.2956163867190062,0.7483314773547883,3298.1686019993504,3699.17236328125,10926,15625,w/o query-canonical reliability
sample_0300,3,shallow,uniform,ellipsoid+irregular,mixed_two_shape,0,1,1,0.6429837280491207,0.4738216787371044,0.4797163291066291,0.9747221883014108,0.0396047756075859,28.045048446079885,0.9805100357731444,0.7231301460956114,9.635351576356724,7.152563326720105,,1.0318720234460863,0.4003340771129067,0.916515138991168,3260.655411002517,3699.17236328125,16639,8189,w/o query-canonical reliability
sample_0308,2,deep,uniform,irregular,irregular,0,0,1,0.8025472668302339,0.6702120631567218,0.7206279301039064,0.9054801856480672,0.0289703924208879,30.760912382557773,0.9882367496693808,0.7222899996827211,16.31441080762649,4.191273443535039,,0.2565155301677972,0.2308220410611856,0.7483314773547883,3340.5619229997683,3699.17236328125,14078,11204,w/o query-canonical reliability
sample_0322,2,deep,uniform,irregular+sphere,mixed_two_shape,1,0,1,0.6479301948053139,0.4792135674623647,0.5104172217192356,0.8868623275623675,0.041607029736042,27.616666181660555,0.986405548260562,0.1925927844805651,3.1874754901018454,3.2765847261829064,,0.7375243033052495,0.4932734420642736,1.1489125293076057,3366.76637599885,3699.17236328125,18767,10801,w/o query-canonical reliability
sample_0328,1,medium,uniform,irregular,irregular,0,0,1,0.8556784799050843,0.7477605418399084,0.875879718490242,0.8363880742915,0.0201625507324934,33.90909050739873,0.9959567203797332,0.1954508583242122,2.4166091947189146,2.9072971035917488,,0.0450879765395894,0.1726167459299644,0.5656854249492381,3316.938371001015,3699.17236328125,7815,8184,w/o query-canonical reliability
sample_0335,1,shallow,uniform,ellipsoid,ellipsoid,0,1,0,0.8563380281691586,0.7487684729068459,0.7519434628979648,0.9943925233644992,0.0158299226313829,36.01042383166015,0.9958388467139876,0.1583490760462496,0.7211102550927979,9.229042273512514,,0.322429906542056,0.1499049684828738,0.4,3332.478478001576,3699.17236328125,5660,4280,w/o query-canonical reliability
sample_0347,2,deep,uniform,ellipsoid+irregular,mixed_two_shape,0,1,1,0.6429213887393029,0.473753976670899,0.5446510210308676,0.7844600526782606,0.0250692646950483,32.01716732759513,0.9917219922545416,0.8504417404142125,3.212475680841802,2.699640015309086,,0.4402985074626865,0.3353300829085418,1.0,3237.0701729996654,3699.17236328125,6562,4556,w/o query-canonical reliability
sample_0350,3,shallow,uniform,sphere,sphere,1,0,0,0.5387975095255656,0.3687356906647561,0.4489701099590383,0.6735594795546618,0.027210596948862,31.305238817569165,0.989166044837206,4.052564743499218,23.469980826579302,2.273178191255586,,0.5002323420074349,0.4757225811256674,1.345347089031169,3226.672105000034,3699.17236328125,6457,4304,w/o query-canonical reliability
sample_0378,2,deep,uniform,ellipsoid+sphere,mixed_two_shape,1,1,0,0.7278039585298173,0.5720847532971017,0.8339092872571987,0.6456521739133397,0.0239605326205492,32.41007037076234,0.9890187508279424,0.3780453162777591,2.95296461204668,1.957719489866608,,0.225752508361204,0.3289163312223959,1.019803902718557,3259.7848400000657,3699.17236328125,9260,11960,w/o query-canonical reliability
sample_0382,2,shallow,uniform,irregular+sphere,mixed_two_shape,1,0,1,0.7058410188847555,0.5454051852863507,0.5504863679962317,0.983357807146394,0.0244049467146396,32.25044278459264,0.9929488429943656,1.102764323579019,2.569046515733026,7.403798853865657,,0.7863436123348018,0.2805554863312514,0.7483314773547883,3303.2699930008675,3699.17236328125,7299,4086,w/o query-canonical reliability
sample_0386,3,deep,uniform,irregular+sphere,mixed_two_shape,1,0,1,0.5962325298766068,0.4247373888956338,0.4913534085601312,0.7580346106306571,0.0411868281662464,27.704832726392496,0.9835951371778822,0.2374975976242639,1.5362291495737217,2.565540719306072,,0.5427482488669139,0.4274611794545926,1.4142135623730951,3311.2203829987266,3699.17236328125,14977,9708,w/o query-canonical reliability
sample_0396,3,deep,uniform,ellipsoid,ellipsoid,0,1,0,0.6854886475815655,0.5214779212979745,0.6787082649154127,0.6924058710915025,0.031578566879034,30.01215154741828,0.985313341094051,0.639348212678412,20.99619013059274,1.6254188644461545,,0.0201818761965539,0.6225592378521252,3.3823069050575527,3413.295279999147,3699.17236328125,12789,12536,w/o query-canonical reliability
sample_0397,3,medium,uniform,ellipsoid,ellipsoid,0,1,0,0.7666390291702093,0.6215852838723819,0.8219654113465154,0.7182909604521763,0.0310333594679832,30.163424000682788,0.9902336037766508,0.2128925456130468,4.28018691180654,2.3062172851007343,,0.1261299435028248,0.3031647426675175,0.8717797887081349,3523.547985001642,3699.17236328125,12374,14160,w/o query-canonical reliability
sample_0401,3,deep,uniform,irregular+sphere,mixed_two_shape,1,0,1,0.6655701754387375,0.4987674609699141,0.5217535043642411,0.9188402421985108,0.0361666344106197,28.83383822258716,0.9776715822893924,2.3917947442955696,12.677539193392382,4.591257135081327,,0.7610619469026548,0.4159647901788911,1.077032961426901,3379.38627100084,3699.17236328125,15124,8588,w/o query-canonical reliability
sample_0409,2,medium,uniform,irregular+sphere,mixed_two_shape,1,0,1,0.5288718372106606,0.3595008583128485,0.3595245955765206,0.9998163789937572,0.0397890619933605,28.004726425999152,0.984320993296208,2.0034653744515443,3.059411708155671,10.58451170465585,,1.7809401395519648,0.628163770392749,1.3114877048604,3297.768193002412,3699.17236328125,15145,5446,w/o query-canonical reliability
sample_0418,3,medium,uniform,ellipsoid+sphere,mixed_two_shape,1,1,0,0.4254340096220189,0.2701912858670693,0.3305167370826608,0.5968309859166759,0.0308892130851745,30.203863442601712,0.990533347705164,0.6887440471623423,13.72443077143821,1.3885512497123431,,0.8057511737089202,0.6767570829038633,1.692309030491806,3417.3647930001607,3699.17236328125,6154,3408,w/o query-canonical reliability
sample_0436,2,medium,uniform,irregular,irregular,0,0,1,0.3998436074551024,0.2498778302661264,0.2503059476223788,0.9932016833927058,0.0380991585552692,28.38169239489707,0.9860273080749564,0.339095172246549,11.03086578651014,10.879594568301664,,2.967950793136937,0.7291773657569425,1.4696938456699071,3359.0699910018884,3699.17236328125,12257,3089,w/o query-canonical reliability
sample_0438,2,shallow,uniform,ellipsoid+sphere,mixed_two_shape,1,1,0,0.6776158215289964,0.5124197888640939,0.527319203323541,0.9477411944870832,0.0283985938876867,30.934063229243726,0.9889569610807166,0.3930434274623631,1.264911064067352,5.798871744892859,,0.7972817764165391,0.3469658720686207,0.8543410502449266,3280.723644998943,3699.17236328125,9389,5224,w/o query-canonical reliability
sample_0447,1,shallow,uniform,sphere,sphere,1,0,0,0.8838880807736084,0.791934989267415,0.8375222960923666,0.935688405797218,0.0159071087837219,35.96817505709454,0.9963363863156672,0.1258347657719319,2.12602916254693,4.773721657734062,,0.1172101449275362,0.1270281992819644,0.4,3371.184489998996,3699.17236328125,6167,5520,w/o query-canonical reliability
sample_0449,2,deep,uniform,sphere,sphere,1,0,0,0.7891280044719193,0.6517022504331774,0.7895693512307193,0.788687150838284,0.020993361249566,33.55836034838764,0.992935900275211,1.0668422406297215,11.271202242884298,2.625335916386752,,0.0011173184357541,0.2373577704317565,0.6000000000000001,3298.8137139982427,3699.17236328125,7152,7160,w/o query-canonical reliability
sample_0456,3,medium,uniform,ellipsoid+sphere,mixed_two_shape,1,1,0,0.644721449029955,0.4757113942139089,0.905085513648312,0.5006892230579569,0.0403475388884544,27.88365918110423,0.9880776109562084,0.8059474897934484,3.286335345030997,1.441627841065103,,0.4468045112781955,0.4298519543034271,1.0392304845413265,3310.6575010024244,3699.17236328125,8829,15960,w/o query-canonical reliability
sample_0458,1,deep,uniform,irregular,irregular,0,0,1,0.8385730575013531,0.7220196353440084,0.7536231884061577,0.94510739856812,0.0192389748990535,34.3163619242981,0.9966225235938496,0.1672205116671504,2.870540018881465,5.122681638359015,,0.2540848173306407,0.1821295271119664,0.6000000000000001,3361.9159480003877,3699.17236328125,6831,5447,w/o query-canonical reliability
sample_0469,3,shallow,uniform,ellipsoid+sphere,mixed_two_shape,1,1,0,0.6409218662171777,0.4715857391020997,0.752706627938008,0.5580462020364545,0.0332738682627677,29.55793486900155,0.9890675206127146,2.142208701670528,11.740528097151335,1.4646070556679152,,0.2586139389193422,0.4203747680347333,1.469693845669907,3396.986196999933,3699.17236328125,7574,10216,w/o query-canonical reliability
sample_0472,1,shallow,uniform,ellipsoid,ellipsoid,0,1,0,0.9012180810165912,0.8201974071892898,0.9580142820270516,0.8507793398534148,0.0215281974524259,33.33984684309863,0.9942477718038636,0.1536318970271793,4.039801975344831,3.303379524818327,,0.1119345965770171,0.1352532197155468,0.447213595499958,3378.402949998417,3699.17236328125,11623,13088,w/o query-canonical reliability
sample_0473,3,medium,uniform,ellipsoid+irregular,mixed_two_shape,0,1,1,0.7188670030930657,0.561118170267115,0.6544646165248948,0.7973277963349307,0.0341253839433193,29.338449342317865,0.9818677126735108,0.4475457927608433,21.133859089148864,2.884017267913911,,0.2182901507628419,0.3963507383169185,1.0954451150103324,3364.2907550020027,3699.17236328125,13495,11077,w/o query-canonical reliability
sample_0511,2,deep,uniform,ellipsoid+irregular,mixed_two_shape,0,1,1,0.8168206807814851,0.690360850222748,0.7905581342694548,0.8448880822748397,0.0231401808559894,32.71266557864255,0.9923659949169382,1.995283195993712,3.4985711369071804,3.587808487307232,,0.0687235329703569,0.1827955979787334,0.447213595499958,3378.268749998824,3699.17236328125,8833,8265,w/o query-canonical reliability
sample_0521,3,medium,uniform,ellipsoid+sphere,mixed_two_shape,1,1,0,0.7721254987306075,0.6288309578320443,0.6754719974617838,0.9010582010583058,0.0270149782299995,31.36790761668364,0.98868160988788,0.1661088271534166,17.805617091243988,4.221351461670408,,0.3339682539682539,0.2767201427723624,0.6000000000000001,3350.803792000079,3699.17236328125,12606,9450,w/o query-canonical reliability
sample_0525,3,medium,uniform,ellipsoid+irregular,mixed_two_shape,0,1,1,0.5201538053569874,0.3514918018104547,0.4697641001084064,0.5826526065653013,0.0318912528455257,29.92656847215253,0.9905848127016612,6.401158506493597,1.61245154965971,1.509337503409346,,0.2403089261844646,0.5829228230232955,1.341640786499874,3290.146195999114,3699.17236328125,8351,6733,w/o query-canonical reliability
sample_0535,2,medium,uniform,ellipsoid+sphere,mixed_two_shape,1,1,0,0.8284000623150691,0.7070673492455907,0.8052547891271256,0.8529152297699472,0.0269964132457971,31.37387837151623,0.9899484661589448,0.2045349989430943,4.431703961232068,3.4061131525130004,,0.0591867832223915,0.2338706166028499,0.66332495807108,3256.629016999796,3699.17236328125,13207,12469,w/o query-canonical reliability
sample_0536,2,deep,uniform,sphere,sphere,1,0,0,0.7394191535324911,0.5865701954816114,0.6116479152884028,0.934668284789776,0.0234121140092611,32.61118800851482,0.9929109331897942,3.405331392732956,18.28879438344693,4.98739751116895,,0.5281148867313916,0.2773837052167402,0.8717797887081349,3322.786354001437,3699.17236328125,7555,4944,w/o query-canonical reliability
sample_0541,1,shallow,uniform,irregular,irregular,0,0,1,0.813076549603647,0.6850286337609967,0.6995265942638548,0.970633693972236,0.0197309162467718,34.09705548435848,0.9947163154824544,0.100934965038466,3.411744421846396,6.577378769947963,,0.3875579598145286,0.2059112572484256,0.447213595499958,3352.46129600273,3699.17236328125,7182,5176,w/o query-canonical reliability
sample_0566,3,medium,uniform,irregular+sphere,mixed_two_shape,1,0,1,0.5349443388543212,0.3651358463992864,0.4339456411614317,0.6972184868004125,0.0547988079488277,25.224577953550607,0.9813454894815687,0.8142658955320687,6.696267617113284,1.7690927776374563,,0.6066954490763677,0.6590905236857878,2.2715633383201097,3344.3097389972536,3699.17236328125,22701,14129,w/o query-canonical reliability
sample_0585,2,deep,uniform,ellipsoid+sphere,mixed_two_shape,1,1,0,0.7287794372396982,0.5732911019449224,0.9959053103007092,0.57464559952778,0.0272125173360109,31.30462529177349,0.9905825343830528,2.6411264305068287,2.374868417407584,1.86271378080736,,0.4229917306556409,0.3208888636063792,0.692820323027551,3378.933763000532,3699.17236328125,7815,13544,w/o query-canonical reliability
sample_0603,1,medium,uniform,irregular,irregular,0,0,1,0.804133024674042,0.672426817752906,0.7104659283650498,0.926248699271688,0.0247202217578887,32.138952685671114,0.994264362890252,0.1300939713144065,3.2557641192199416,4.54628947990338,,0.3037200832466181,0.2521040904103436,0.7483314773547883,3618.048601001647,3699.17236328125,10023,7688,w/o query-canonical reliability
sample_0610,2,medium,uniform,sphere,sphere,1,0,0,0.632075471698285,0.4620689655176087,0.4661752548915223,0.9812935034803056,0.0374837964773178,28.52312881063962,0.9855029266934742,0.1149281344370291,7.725283166331187,7.181549177680991,,1.1049883990719258,0.4925652674180777,1.562049935181331,3917.4442349976734,3699.17236328125,14516,6896,w/o query-canonical reliability
sample_0626,3,shallow,uniform,ellipsoid+sphere,mixed_two_shape,1,1,0,0.506137712381308,0.3388114932524277,0.3441680486460231,0.9560810810811484,0.0431633815169334,27.29769061433118,0.9793337865830576,0.9189601026215468,13.392535234226566,5.921460242336529,,1.777948402948403,0.6569438424976737,1.385640646055102,3893.586129997857,3699.17236328125,18090,6512,w/o query-canonical reliability
sample_0633,2,medium,uniform,irregular+sphere,mixed_two_shape,1,0,1,0.6446210916802918,0.4756021269948771,0.5365208186317281,0.8072736925940874,0.0244007296860218,32.25194370225859,0.9916491262020388,1.780107494439213,3.27414110874898,2.834622920505377,,0.5046456065834882,0.3526706275515291,1.077032961426901,3902.706096996553,3699.17236328125,5668,3767,w/o query-canonical reliability
sample_0646,3,deep,uniform,ellipsoid+irregular,mixed_two_shape,0,1,1,0.7818667175136896,0.6418564608283307,0.7577381502358332,0.8075824716890128,0.0258278977125883,31.758218748159788,0.9886884794159528,1.1295390803180183,2.078460969082653,2.8462207341382624,,0.065780403741999,0.2321282258029457,0.632455532033676,3888.5427239983983,3699.17236328125,10823,10155,w/o query-canonical reliability
sample_0647,3,deep,uniform,ellipsoid+irregular+sphere,mixed_three_shape,1,1,1,0.8070427023582668,0.6765059436358511,0.881252718573396,0.7443603497687233,0.0297512691468,30.52988988888369,0.988053858072019,0.8340523443272693,2.441311123146741,2.3582739818750893,,0.1553383790138878,0.3666037019148322,2.449489742783178,3940.4948400006106,3699.17236328125,11495,13609,w/o query-canonical reliability
sample_0652,3,medium,uniform,ellipsoid+irregular+sphere,mixed_three_shape,1,1,1,0.6905350679139554,0.527341397996865,0.7392572130143192,0.6478380741041976,0.034430406987667,29.261157013332443,0.9878356348888452,1.4185318245396272,3.237282811247729,1.7074619238200093,,0.123663506152915,0.4217154966190811,1.939071942966532,3596.608460000425,3699.17236328125,13032,14871,w/o query-canonical reliability
sample_0661,1,medium,uniform,irregular,irregular,0,0,1,0.7322465804760482,0.5775938516113083,0.5781065088760516,0.9984670413898844,0.0320668071508407,29.87888492760979,0.9920941087627648,0.3315355217038664,3.026549190084312,17.027436235018815,,0.7271333673990802,0.3721266852189731,0.8485281374238571,3613.8037600030657,3699.17236328125,13520,7828,w/o query-canonical reliability
sample_0666,1,deep,uniform,ellipsoid,ellipsoid,0,1,0,0.4786201073521026,0.3145960516932414,0.3145960516932414,1.0,0.0387019850313663,28.2453347904495,0.9883549056622666,0.4164221396865762,2.340939982143925,18.974042436669368,,2.178679435483871,0.7998011768724467,1.456021977856104,3386.722634000762,3699.17236328125,12613,3968,w/o query-canonical reliability
sample_0674,3,shallow,uniform,ellipsoid+irregular,mixed_two_shape,0,1,1,0.750665551076386,0.6008523592087667,0.6586798371489965,0.8725134824508244,0.0327052026987075,29.707663398910704,0.983358445610758,4.229259126992592,1.4142135623730951,3.9311101286920342,,0.3246397312350809,0.3184967160546348,1.148912529307606,3397.467234997748,3699.17236328125,14983,11311,w/o query-canonical reliability
sample_0676,3,medium,uniform,irregular+sphere,mixed_two_shape,1,0,1,0.7700976709241957,0.6261453879049114,0.6762024709129926,0.8942734771574443,0.03694399446249,28.64912314105256,0.9885318140192044,0.3941253593667076,4.512205669071391,3.332374493338771,,0.322493654822335,0.2949648211547879,0.8,3314.109425002244,3699.17236328125,16674,12608,w/o query-canonical reliability
sample_0681,3,medium,uniform,ellipsoid+irregular+sphere,mixed_three_shape,1,1,1,0.7446435056289359,0.5931729424812723,0.7429796485296558,0.746314831665304,0.0359576642513275,28.88417075114176,0.9843818986228235,1.867903371086081,9.651942809610924,2.308613513024258,,0.0044889293296936,0.4612669202865468,1.42828568570857,3312.928938001278,3699.17236328125,16559,16485,w/o query-canonical reliability
sample_0712,2,shallow,uniform,irregular+sphere,mixed_two_shape,1,0,1,0.5058876520175626,0.3385874246345059,0.354016570605769,0.8859589812939239,0.0359326787292957,28.89020829466416,0.987760758197437,0.4577794985870548,4.331281565541543,4.291376793353546,,1.5025918413342347,0.5500717172961102,1.5748015748023625,3335.795307997614,3699.17236328125,11104,4437,w/o query-canonical reliability
sample_0751,3,shallow,uniform,irregular+sphere,mixed_two_shape,1,0,1,0.8054298642534377,0.6742424242425477,0.891917622889266,0.7342325619767627,0.034750547260046,29.180767234724563,0.9801309342586584,0.5461819958870299,16.321764610482532,2.5885819449520024,,0.1767933011590974,0.2545368751865346,0.7211102550927979,3321.739103001164,3699.17236328125,19957,24243,w/o query-canonical reliability
sample_0761,1,deep,uniform,sphere,sphere,1,0,0,0.8281906417500883,0.7067622697494044,0.7169551040886419,0.9802812071330927,0.0204334259033203,33.79317615604454,0.993286978294214,0.179830716605728,2.28910462845192,7.135550977816584,,0.3672839506172839,0.2102978456910464,0.5656854249492381,3611.293469999509,3699.17236328125,7974,5832,w/o query-canonical reliability
sample_0777,2,medium,uniform,ellipsoid+irregular,mixed_two_shape,0,1,1,0.8520885789915742,0.7422947131609515,0.9018312682216192,0.807546400163244,0.0352810584008693,29.04916814300065,0.9879619235381868,1.5946265908068424,5.46626014748658,2.7051345756815603,,0.1045482357740159,0.2120109683330277,0.7211102550927979,3577.6565769992885,3699.17236328125,21952,24515,w/o query-canonical reliability
sample_0778,1,deep,uniform,ellipsoid,ellipsoid,0,1,0,0.7721135100008043,0.6288150543959843,0.9980399477319414,0.6295925577015841,0.0347206369042396,29.18824565191976,0.9924078916022924,0.3262634971834535,3.452535300326414,1.7219483246494025,,0.3691709844559585,0.3634718644366651,0.8246211251235323,3556.806431999576,3699.17236328125,10714,16984,w/o query-canonical reliability
sample_0791,1,medium,uniform,sphere,sphere,1,0,0,0.831700226122718,0.7118894009221901,0.9935683046051104,0.7151851851857126,0.0165817737579345,35.607381035646206,0.9974903173783568,0.1202452566000675,2.23606797749979,2.1866455357506385,,0.2801851851851852,0.1734823998569069,0.4,3416.259089997766,3699.17236328125,3887,5400,w/o query-canonical reliability
sample_0796,1,deep,uniform,ellipsoid,ellipsoid,0,1,0,0.8490696071675863,0.7377245508985526,0.988059169488526,0.7443609022559823,0.0186740905046463,34.575210647358155,0.9967373479068226,0.1427376517944406,4.294182110716778,2.415007574477873,,0.2466433941997851,0.180277179332729,0.447213595499958,3487.986138999986,3699.17236328125,5611,7448,w/o query-canonical reliability
sample_0807,1,medium,uniform,ellipsoid,ellipsoid,0,1,0,0.7105301379813286,0.5510250056324048,0.5608805319885796,0.969096671949348,0.0263283941894769,31.591512409181576,0.992299120182615,0.3402202054851068,1.2806248474865698,6.644231206823066,,0.7278129952456418,0.3754443592049917,0.8246211251235323,3491.734858998825,3699.17236328125,8722,5048,w/o query-canonical reliability
sample_0817,1,shallow,uniform,sphere,sphere,1,0,0,0.672992700730268,0.5071507150722817,0.5153305653153699,0.9696514423077836,0.0229612924158573,32.78007386344433,0.9930711840753867,0.2746836144925866,2.4166091947189146,6.867499381595076,,0.8816105769230769,0.3844044710851848,0.8636417107586292,3274.887867999496,3699.17236328125,6262,3328,w/o query-canonical reliability
sample_0823,1,deep,uniform,irregular,irregular,0,0,1,0.6560767767023844,0.4881802511699777,0.97288676236048,0.4949135617552924,0.0397983007133007,28.002709298177034,0.991125728303604,0.2514691437973638,3.88329756778952,1.3896984217606092,,0.491293765212507,0.5679492237985575,1.2000000000000002,3392.432722001104,3699.17236328125,8151,16023,w/o query-canonical reliability
sample_0858,3,deep,uniform,ellipsoid+irregular,mixed_two_shape,0,1,1,0.7090400632258166,0.5492347539441728,0.9326669332267632,0.5719119305646193,0.0253186710178852,31.93118197580472,0.9869786255844438,0.285720785850685,2.0,1.9176877581398868,,0.3867993919482175,0.3569494628877511,1.0392304845413265,3379.35390200073,3699.17236328125,12505,20393,w/o query-canonical reliability
sample_0860,3,deep,uniform,ellipsoid+sphere,mixed_two_shape,1,1,0,0.8193452688951605,0.6939753403846819,0.8489527485882844,0.7917333333334722,0.0267235059291124,31.46213146574578,0.984711098579048,1.067232346535273,17.658992043715294,2.869278658209517,,0.0674,0.2160797174662889,0.66332495807108,3410.7413580022694,3699.17236328125,13989,15000,w/o query-canonical reliability
sample_0867,3,medium,uniform,ellipsoid+irregular,mixed_two_shape,0,1,1,0.6247962200548135,0.4543299176212761,0.8796389947873029,0.4844459679494882,0.0458115190267562,26.78050664353399,0.983832987631208,0.9896388343276412,16.062378404209014,1.2991760180234757,,0.449267289399263,1.0059687445136527,5.075431016179809,3393.711947999691,3699.17236328125,12853,23338,w/o query-canonical reliability
sample_0870,3,shallow,uniform,ellipsoid+sphere,mixed_two_shape,1,1,0,0.4981394194991326,0.3316815328712707,0.5666553787114046,0.4444050991506335,0.0375267006456851,28.51319258769442,0.9877053084175024,2.939109046559512,2.6981475126464085,0.9886849341755136,,0.2157400849858357,0.9073189720306142,3.6276714294434114,3361.764352001046,3699.17236328125,8859,11296,w/o query-canonical reliability
sample_0875,3,shallow,uniform,sphere,sphere,1,0,0,0.7915198639291754,0.6549713481455162,0.6902945539312456,0.9275341685650236,0.0238724090158939,32.44207494937545,0.989415541858374,2.0425030224628604,1.98997487421324,5.153475688043631,,0.3436788154897494,0.19195621621881,0.6000000000000001,3463.247314997716,3699.17236328125,9438,7024,w/o query-canonical reliability
sample_0881,3,deep,uniform,ellipsoid+irregular,mixed_two_shape,0,1,1,0.7494976172705308,0.5993572084482401,0.7521029383523133,0.7469102837962516,0.0463567711412906,26.67773601074706,0.9815162328820772,0.337538353770377,3.423448553724738,2.17252892836166,,0.0069041806530363,0.3274177326364991,1.077032961426901,3556.935810000141,3699.17236328125,26035,26216,w/o query-canonical reliability
sample_0895,2,deep,uniform,sphere,sphere,1,0,0,0.8136611516776904,0.6858589793535755,0.9447306288903792,0.7145292207794525,0.024443794041872,32.23662794209616,0.9933456668050882,0.5111527499345984,2.778488797889961,2.0878306838052128,,0.2436688311688311,0.2099154558588584,0.6000000000000001,3548.331125999539,3699.17236328125,9318,12320,w/o query-canonical reliability
sample_0911,2,medium,uniform,irregular+sphere,mixed_two_shape,1,0,1,0.6440419182456234,0.4749718497289129,1.0,0.4749718497289129,0.0532025061547756,25.481358004577675,0.9835887679791336,1.412271738172191,3.0000000000000004,1.4705354656907943,,0.5250281502712663,0.5811090121797637,1.077032961426901,3301.8821330006176,3699.17236328125,13920,29307,w/o query-canonical reliability
sample_0913,2,shallow,uniform,ellipsoid,ellipsoid,0,1,0,0.4908595877093926,0.3252577319593425,0.3346296623657993,0.9207198443581694,0.0369012393057346,28.65918125807427,0.9875561938776491,1.278524864025416,19.54072670091878,3.985822696823057,,1.7514591439688716,0.6226948250526954,1.456021977856104,3444.394799000293,3699.17236328125,11314,4112,w/o query-canonical reliability
sample_0914,1,deep,uniform,ellipsoid,ellipsoid,0,1,0,0.6219839142094319,0.4513618677049472,0.4513618677049472,1.0,0.0278713032603263,31.096854606282527,0.9923397516448572,0.3672033824637601,2.078460969082653,17.7693416981428,,1.2155172413793105,0.4822241266076689,0.8485281374238571,3318.8959049984987,3699.17236328125,8224,3712,w/o query-canonical reliability
sample_0920,1,medium,uniform,sphere,sphere,1,0,0,0.6841646066601104,0.5199469554652226,0.5399357355984163,0.933531746031878,0.0273757819086313,31.252670196997254,0.9923903377729444,0.4674925524993497,2.06881608655772,4.800426720368478,,0.7289682539682539,0.4170539769295526,0.9797958971132712,3334.1355650009064,3699.17236328125,8714,5040,w/o query-canonical reliability
sample_0932,1,medium,uniform,irregular,irregular,0,0,1,0.3972249399631795,0.2478357380696472,0.2478357380696472,1.0,0.035686369985342,28.94995209547776,0.9921168642801532,0.2871960743653602,2.0976176963403037,22.342612821545213,,3.0349305866547245,0.8173021404015726,1.1661903789690602,3428.0692789980094,3699.17236328125,9010,2233,w/o query-canonical reliability
sample_0942,2,deep,uniform,irregular+sphere,mixed_two_shape,1,0,1,0.7766190075695739,0.6348136944869589,0.9952575986204024,0.6367397600335999,0.0181545168161392,34.82030572633261,0.9954665931600714,1.569234429864059,1.7088007490635064,2.2067482041247777,,0.3602261756999034,0.2143902831919071,0.4898979485566356,3425.167107998277,3699.17236328125,4639,7251,w/o query-canonical reliability
sample_0953,1,medium,uniform,ellipsoid,ellipsoid,0,1,0,0.8570072667952375,0.7497924019100323,0.9032197561738649,0.8152934537247092,0.0297420248389244,30.532589580579156,0.99164824306561,0.5330485828386334,3.052867504494749,2.6724284489371866,,0.0973476297968397,0.2392239784705583,0.8717797887081349,3328.5037179994106,3699.17236328125,15995,17720,w/o query-canonical reliability
sample_0960,1,medium,uniform,ellipsoid,ellipsoid,0,1,0,0.8676533984768877,0.7662436548226317,0.7679979648947239,0.997027741083228,0.0176428407430648,35.068629410410985,0.9963405274081444,0.2743636662748629,1.4422205101855958,13.929855315903582,,0.2982166446499339,0.1491026093773823,0.5656854249492381,3342.278674001136,3699.17236328125,7862,6056,w/o query-canonical reliability
sample_0974,2,medium,uniform,ellipsoid+sphere,mixed_two_shape,1,1,0,0.6702582520953734,0.5040514469459755,0.5157936299032432,0.9567871093751056,0.0251679718494415,31.98303615180034,0.9905947336474572,1.7460866659126526,12.913558765886345,5.548519188287614,,0.85498046875,0.3356690368169254,0.9797958971132712,3210.586446999514,3699.17236328125,7598,4096,w/o query-canonical reliability
sample_0977,3,shallow,uniform,ellipsoid+sphere,mixed_two_shape,1,1,0,0.6585254267113643,0.4908966892284533,0.7540904328203804,0.5844577711147024,0.0390894897282123,28.1588002769903,0.982398242155165,0.6569374149654233,9.033271832508971,1.74950323029905,,0.2249500249875062,0.3974516751157287,1.4142135623730951,3415.739580999798,3699.17236328125,12407,16008,w/o query-canonical reliability
sample_0979,1,medium,uniform,sphere,sphere,1,0,0,0.831897227009375,0.7121781115883689,0.7328181065419089,0.9619565217391992,0.0200785975903272,33.94533232410871,0.9933323882958712,0.29586143791914,2.4083189157584592,5.592480835562284,,0.3126811594202898,0.2007127309732573,0.6000000000000001,3453.8910500014026,3699.17236328125,7246,5520,w/o query-canonical reliability
sample_1000,3,medium,uniform,irregular+sphere,mixed_two_shape,1,0,1,0.6585644838434163,0.4909400980603864,0.4938880549005501,0.9879879879880008,0.0415327660739421,27.632182593336488,0.977842963455116,0.3759121004822321,5.40740233383831,7.918581673368772,,1.0004290004290004,0.4781438918341412,1.50996688705415,3464.26523899936,3699.17236328125,18652,9324,w/o query-canonical reliability
sample_1002,2,deep,uniform,irregular,irregular,0,0,1,0.7352626677245575,0.5813560246552221,0.9729779076136816,0.5908964905474353,0.0376329720020294,28.488628861976764,0.9896623362769454,0.3278002151270285,2.374868417407584,1.613181671187763,,0.3926927981371625,0.374957194781418,1.1489125293076057,3265.3569850008357,3699.17236328125,10954,18037,w/o query-canonical reliability
sample_1003,3,medium,uniform,ellipsoid+sphere,mixed_two_shape,1,1,0,0.7545736626536541,0.6058757872918736,0.8891944070672854,0.6553552949294346,0.037217766046524,28.58499384436749,0.9830985317053216,3.049765744948513,16.32421514192949,2.032140101408922,,0.2629786133149361,0.3177894329505517,0.8,3561.5656390000368,3699.17236328125,17093,23192,w/o query-canonical reliability
sample_1015,3,medium,uniform,ellipsoid+irregular,mixed_two_shape,0,1,1,0.8336735919299167,0.7147858319606082,0.8352785465047315,0.8320747932399424,0.0285473112016916,30.88869575746685,0.9883935925266994,0.5633876213064802,11.924764148611075,2.560418313203237,,0.0038355507611171,0.2396620824520196,0.938083151964686,3467.5747569999658,3699.17236328125,16622,16686,w/o query-canonical reliability
sample_1018,1,medium,uniform,ellipsoid,ellipsoid,0,1,0,0.8014879945892449,0.6687358916482293,0.6781503948727501,0.979662698412732,0.02261533588171,32.91193906347765,0.99328436776068,0.4123863882541965,2.154065922853802,7.301224664115048,,0.4446097883597883,0.2456210960756374,0.66332495807108,3456.803270000819,3699.17236328125,8737,6048,w/o query-canonical reliability
sample_1028,2,shallow,uniform,ellipsoid+sphere,mixed_two_shape,1,1,0,0.7313072841294664,0.5764258555137681,0.7878247958429282,0.6823559670785978,0.0246269106864929,32.171801100012395,0.992271894831856,2.0337395325888004,9.28654941299512,2.066742891079232,,0.1338734567901234,0.3322829641641356,1.216552506059644,3612.4252289992,3699.17236328125,6735,7776,w/o query-canonical reliability
sample_1068,3,shallow,uniform,ellipsoid+irregular+sphere,mixed_three_shape,1,1,1,0.8564329332491656,0.7489136038891148,0.9773164167628052,0.7621617569899092,0.0236313380300998,32.53023402110787,0.9906632048042424,0.0969083250591523,3.649657518178932,2.2448715998237976,,0.2201484146615696,0.4050299816858926,4.223742416388575,3552.320154001791,3699.17236328125,10404,13341,w/o query-canonical reliability
sample_1069,3,shallow,uniform,ellipsoid+sphere,mixed_two_shape,1,1,0,0.650549450549542,0.4820846905539467,0.8246219156276038,0.5371586588318626,0.041482038795948,27.642797349172888,0.9787668885181728,2.285878707971553,14.864723340849638,1.6884043755331637,,0.3486000691323885,0.4434667763898744,1.1661903789690602,3403.6898919985106,3699.17236328125,15076,23144,w/o query-canonical reliability
sample_1072,3,medium,uniform,ellipsoid+irregular,mixed_two_shape,0,1,1,0.6060995184592497,0.4348226623679444,0.4584113770381835,0.8941813261165167,0.0370632112026214,28.621139142439425,0.982190652635244,0.6702960346995318,5.499090833947008,3.967470568464844,,0.9506089309878214,0.440431836438996,1.2328828005937953,3445.7289640013187,3699.17236328125,14415,7390,w/o query-canonical reliability
sample_1078,2,medium,uniform,irregular+sphere,mixed_two_shape,1,0,1,0.7568174775334069,0.608774225712215,0.9573696589573134,0.6257366128621409,0.029352655634284,30.64705226402372,0.9898284745049524,0.2983420633945545,9.064215354899728,1.906475381073176,,0.3464002049705355,0.3003053789646398,0.7483314773547883,3294.670421000774,3699.17236328125,10204,15612,w/o query-canonical reliability
sample_1081,2,shallow,uniform,ellipsoid+sphere,mixed_two_shape,1,1,0,0.7409616775127318,0.5885139985644467,0.7146094839611142,0.7693318318319762,0.0362930931150913,28.80352025795865,0.9842149593352068,0.63681574612692,5.723635208501674,2.94784218012855,,0.0765765765765765,0.3562384889939482,0.9797958971132712,3357.550521999656,3699.17236328125,17208,15984,w/o query-canonical reliability
sample_1085,2,medium,uniform,irregular,irregular,0,0,1,0.8579399549821329,0.7512214079503935,0.9047205135063487,0.8157593295955774,0.0262496061623096,31.61754396869192,0.9901084774924774,2.086712688623624,3.693237062523878,3.035655177658781,,0.0983300174835714,0.1752756808831871,0.4898979485566356,3514.569312999811,3699.17236328125,14956,16587,w/o query-canonical reliability
sample_1086,2,deep,uniform,irregular+sphere,mixed_two_shape,1,0,1,0.8290285101440441,0.707983513967779,0.8192898781137268,0.8390014471782942,0.0171450339257717,35.31723288439176,0.9952688057945872,1.633933497399559,1.562049935181331,3.0418397598226523,,0.0240593342981186,0.1573128692091145,0.447213595499958,3342.218865996984,3699.17236328125,5661,5528,w/o query-canonical reliability
sample_1092,3,deep,uniform,ellipsoid+irregular+sphere,mixed_three_shape,1,1,1,0.6130754798674108,0.4420395421439874,0.6854561101552437,0.5545209294234144,0.0360084176063537,28.87191990409065,0.986213539857312,3.611834969659512,1.8110770276274837,1.4119035344684352,,0.1910190583935253,0.4254262458825887,1.32664991614216,3455.674987999373,3699.17236328125,9296,11491,w/o query-canonical reliability
sample_1093,2,deep,uniform,ellipsoid+sphere,mixed_two_shape,1,1,0,0.8623967700496009,0.7580822094600516,0.912324299138066,0.8176503340758507,0.0209991820156574,33.55595298705161,0.992051999352308,0.3818251743161091,17.080983578236943,3.3133738077093917,,0.103772271714922,0.1677739910716501,0.4898979485566356,3540.762613996776,3699.17236328125,12877,14368,w/o query-canonical reliability
sample_1096,2,shallow,uniform,ellipsoid+irregular,mixed_two_shape,0,1,1,0.6432540098544071,0.4741152835731345,0.8135773004509737,0.5319001386965257,0.0280195418745279,31.05077933872048,0.9862261711022192,0.7860127164490541,13.189389675038036,1.6066668960790629,,0.3462205270457698,0.5131505266186924,1.501984527647401,3331.26858399919,3699.17236328125,11313,17304,w/o query-canonical reliability
sample_1112,3,medium,uniform,ellipsoid+irregular+sphere,mixed_three_shape,1,1,1,0.5737640079105367,0.4022924755041583,0.5703302463746546,0.5772393668763133,0.0423263162374496,27.467790266794623,0.9864817625899548,5.047674342057959,10.21763181955584,1.3558954603405575,,0.0121142452913608,0.6730646500286285,2.6076809620810595,3400.0522919996,3699.17236328125,11446,11309,w/o query-canonical reliability
sample_1126,1,medium,uniform,irregular,irregular,0,0,1,0.6456236657520238,0.476694438190186,0.4784721437456452,0.9922662292008618,0.0290202312171459,30.74598272170947,0.991868920176628,0.2417971511566347,3.3105890714493698,9.363790470156069,,1.0738223576283104,0.4401872194208908,0.8485281374238571,3595.5711409988,3699.17236328125,8849,4267,w/o query-canonical reliability
sample_1133,1,shallow,uniform,irregular,irregular,0,0,1,0.846228667433154,0.7334457388109542,0.7531874704867729,0.9654963680388106,0.0181801505386829,34.80805084290424,0.9970545845637032,0.2313340773266108,3.2802438933713454,5.989703799816173,,0.2818805488297013,0.1632979534727141,0.5656854249492381,3332.239088998904,3699.17236328125,6353,4956,w/o query-canonical reliability
sample_1135,3,deep,uniform,irregular+sphere,mixed_two_shape,1,0,1,0.5782019238053555,0.406669507777857,0.9471464019851772,0.4161125040884028,0.0397882759571075,28.004897830745563,0.9885899271325896,0.9893039927719685,13.839075113604956,1.177230019221036,,0.560667175406083,0.6786121825993406,1.939071942966532,3420.9637730018585,3699.17236328125,8060,18346,w/o query-canonical reliability
sample_1139,1,medium,uniform,irregular,irregular,0,0,1,0.5703339718501121,0.3989281137138541,0.3989281137138541,1.0,0.0299126747995615,30.48289522344957,0.9915153120178448,0.0994693081920748,3.4000000000000004,13.931056312678203,,1.5067172897196262,0.5340275144464558,0.894427190999916,3488.53553400113,3699.17236328125,8583,3424,w/o query-canonical reliability
sample_1167,2,medium,uniform,ellipsoid+sphere,mixed_two_shape,1,1,0,0.8009576565581631,0.6679978075329512,0.7021399176957184,0.9321459790210532,0.0278205927461385,31.112672659085977,0.9895230568985558,0.8830621887011775,11.793218390244457,4.78557331259372,,0.3275786713286713,0.2340627504847203,0.8717797887081349,3300.180943999294,3699.17236328125,12150,9152,w/o query-canonical reliability
sample_1175,1,deep,uniform,irregular,irregular,0,0,1,0.8314224292369837,0.7114824467274085,0.866019779809916,0.7994832041347123,0.0193185470998287,34.280510242417684,0.9967819491318668,0.3206556198577591,3.423448553724738,2.357783539250649,,0.0768303186907838,0.1864800266773266,0.6000000000000001,3348.846113000036,3699.17236328125,5359,5805,w/o query-canonical reliability
sample_1185,2,medium,uniform,ellipsoid+irregular,mixed_two_shape,0,1,1,0.6453906439366199,0.4764404151264744,0.5003131654772638,0.9089667728723057,0.0273612197488546,31.25729108389785,0.9906351451098802,1.7888221935446291,10.107423014794623,4.601430552501287,,0.8167956304050978,0.35369917983375,0.8246211251235323,3484.776427001634,3699.17236328125,7983,4394,w/o query-canonical reliability
sample_1211,1,medium,uniform,irregular,irregular,0,0,1,0.6771785223677494,0.5119198121730973,0.5119198121730973,1.0,0.0308733750134706,30.208318257518982,0.99211197161417,0.3057325513166959,1.5748015748023625,20.7534628975743,,0.9534309402010936,0.4466728612412772,0.8485281374238571,3336.153239997657,3699.17236328125,11074,5669,w/o query-canonical reliability
sample_1215,2,shallow,uniform,ellipsoid+sphere,mixed_two_shape,1,1,0,0.7956393085189859,0.6606320798636215,0.8410931840633249,0.7548463356975444,0.0292972084134817,30.663475214779183,0.987190880777404,1.71045479300896,13.577923257994945,2.822883971204769,,0.1025413711583924,0.3005282380970321,0.916515138991168,3531.882178998785,3699.17236328125,15185,16920,w/o query-canonical reliability
sample_1230,3,deep,uniform,ellipsoid+sphere,mixed_two_shape,1,1,0,0.6059905614949408,0.4347105154073271,0.4355530942825449,0.9955696202531716,0.03715630620718,28.59934956900899,0.982601989293737,1.7775321168796894,18.30737556287083,10.910822033611025,,1.285759493670886,0.4429196810813581,0.894427190999916,3643.974185000843,3699.17236328125,14446,6320,w/o query-canonical reliability
sample_1244,1,shallow,uniform,sphere,sphere,1,0,0,0.8594690265487721,0.7535692116700763,0.7729530115882173,0.9677933673469902,0.0184991061687469,34.65698505608724,0.9948865236534936,0.2217539064837852,2.383275057562597,6.074745859252029,,0.2520727040816326,0.1634054791243128,0.4898979485566356,3292.868317999819,3699.17236328125,7853,6272,w/o query-canonical reliability
sample_1259,2,deep,uniform,irregular+sphere,mixed_two_shape,1,0,1,0.6649491650183259,0.4980702963476925,0.5067311737487682,0.9668227424749608,0.0350691564381122,29.101493265698476,0.9831519037644328,2.614072909439225,2.912043955712208,6.263945011302586,,0.9079598662207358,0.4403790556788602,1.0392304845413265,3392.663074999291,3699.17236328125,14262,7475,w/o query-canonical reliability
sample_1262,1,shallow,uniform,irregular,irregular,0,0,1,0.7509793902233427,0.6012546024824748,0.6042209127043933,0.9919010123734716,0.0221035443246364,33.11076174518244,0.9932328878615566,0.1960539135058399,2.3151673805580453,9.18545375175236,,0.6416197975253093,0.2894088671486785,0.692820323027551,3345.339339997736,3699.17236328125,7297,4445,w/o query-canonical reliability
sample_1266,2,medium,uniform,ellipsoid+sphere,mixed_two_shape,1,1,0,0.4238521836511535,0.2689165186509544,0.2823222277482815,0.8499251497011604,0.0319221876561641,29.91814732195276,0.9883448607855808,0.823342734200748,0.66332495807108,3.2018351350686776,,2.010479041916168,0.628289216242774,1.1661903789690602,3301.0956729995087,3699.17236328125,8044,2672,w/o query-canonical reliability
sample_1276,1,deep,uniform,irregular,irregular,0,0,1,0.7854443364649762,0.6466927453775841,0.6510920157542945,0.9896598639456065,0.0193015877157449,34.28813935308318,0.9968399795449012,0.2186145377418926,3.676955262170048,10.730632073457324,,0.52,0.2157822912582035,0.5656854249492381,3602.031705002446,3699.17236328125,5586,3675,w/o query-canonical reliability
sample_1285,2,medium,uniform,irregular+sphere,mixed_two_shape,1,0,1,0.7001809772774984,0.5386757425747332,0.5460533193940971,0.9755323122899224,0.0273985750973224,31.24544079223028,0.9886795520727144,2.939466503082185,17.04230031421815,6.762762722809138,,0.7865147553231229,0.3357378569126256,1.019803902718557,3651.635399000952,3699.17236328125,9565,5354,w/o query-canonical reliability
sample_1286,1,medium,uniform,irregular,irregular,0,0,1,0.7232452978570931,0.5664716148241626,0.9995471424689796,0.5666170354779655,0.0420470871031284,27.525281979128536,0.9910943731595788,0.2049145912827709,3.655133376499413,1.3762127846780114,,0.4331262514761,0.4853627240439624,1.019803902718557,3271.848844000488,3699.17236328125,11041,19477,w/o query-canonical reliability
sample_1288,1,shallow,uniform,irregular,irregular,0,0,1,0.6555627658809896,0.487611283922034,0.487611283922034,1.0,0.02868995629251,30.845402472287617,0.993141766583769,0.2640140650453923,2.4166091947189146,17.688585586857428,,1.0508139023317202,0.4482229335884691,0.8246211251235323,3295.7819599978397,3699.17236328125,9323,4546,w/o query-canonical reliability
sample_1292,1,deep,uniform,irregular,irregular,0,0,1,0.7903523035231489,0.6533739582402962,0.6925999810015269,0.9202322352645208,0.0258796140551567,31.74084393106163,0.9917594809687188,0.2085973787497996,2.433105012119288,4.527537223957418,,0.3286633850814086,0.2683121201138035,0.7211102550927979,3316.789495998819,3699.17236328125,10527,7923,w/o query-canonical reliability
sample_1319,1,medium,uniform,ellipsoid,ellipsoid,0,1,0,0.7121409921673367,0.5529650278768969,0.553245436106043,0.9990842490842512,0.0247823111712932,32.11716426226204,0.9931349346181974,0.1979113963192627,1.32664991614216,11.857374860613811,,0.8058608058608059,0.3490046816705731,0.7211102550927979,3277.0326120007667,3699.17236328125,7888,4368,w/o query-canonical reliability
sample_1327,3,shallow,uniform,ellipsoid+irregular+sphere,mixed_three_shape,1,1,1,0.8439825968142664,0.7300777604978351,0.9022140221402966,0.7928122677836974,0.0285690482705831,30.882084369347623,0.9842524454279044,2.7420320093874078,17.319353336657812,2.671232043805762,,0.1212592042153617,0.1617190046848493,0.4898979485566356,3528.9439680018404,3699.17236328125,13008,14803,w/o query-canonical reliability
sample_1328,1,medium,uniform,irregular,irregular,0,0,1,0.7645544271207521,0.6188491374324199,0.6333688825694591,0.9642792711528698,0.0237846802920103,32.47405286811584,0.9930180735433844,0.4866831375671318,2.1633307652783937,6.162200152756848,,0.5224607613205845,0.3020403931707934,0.8246211251235323,3577.077988000383,3699.17236328125,8439,5543,w/o query-canonical reliability
sample_1366,2,shallow,uniform,sphere,sphere,1,0,0,0.5198851988523165,0.3512465373967209,0.351636161952901,0.996855345911958,0.0333798266947269,29.53031853654775,0.9858287697370528,0.4487105447885,11.223190277278562,9.681782979437196,,1.8349056603773584,0.5789740407329826,1.2806248474865698,3304.586746999121,3699.17236328125,10818,3816,w/o query-canonical reliability
sample_1372,2,shallow,uniform,ellipsoid+irregular,mixed_two_shape,0,1,1,0.6264201011695609,0.4560492634635884,0.4644042788645464,0.962047885889042,0.0281165782362222,31.0207511396046,0.9920636676359336,4.325465259837664,2.2715633383201093,5.443984077962788,,1.0715741212429954,0.4152658102291577,1.28062484748657,3306.367101999058,3699.17236328125,8133,3926,w/o query-canonical reliability
sample_1378,3,shallow,uniform,ellipsoid+irregular+sphere,mixed_three_shape,1,1,1,0.6146644750948279,0.4436935775086698,0.574242221925775,0.6612084870851314,0.0384153351187706,28.30990794613931,0.9799895169001714,2.3951694746888164,1.2328828005937953,2.61243466986772,,0.1514452644526445,0.4340352221441284,1.2000000000000002,3278.681980002148,3699.17236328125,14978,13008,w/o query-canonical reliability
sample_1384,2,shallow,uniform,irregular+sphere,mixed_two_shape,1,0,1,0.6343476018568629,0.4645015105745236,0.4740797841593042,0.9583171016751884,0.0312519818544387,30.102448194550718,0.9863671313720532,1.1274192929205262,3.0594117081556718,5.766266912240076,,1.0214257888585898,0.4475708980824061,1.2304332564136635,3300.5911170002946,3699.17236328125,10378,5134,w/o query-canonical reliability
sample_1389,2,medium,uniform,ellipsoid+irregular,mixed_two_shape,0,1,1,0.6666480820696737,0.4999790926199038,0.6952552622399726,0.6403020242049693,0.0389306470751762,28.19416708562873,0.9855455052531495,0.7506415903554252,4.608687448721165,1.933902920825415,,0.079040376994752,0.4886973957871406,1.28062484748657,3343.4582090012555,3699.17236328125,17198,18674,w/o query-canonical reliability
sample_1404,3,shallow,uniform,ellipsoid+irregular,mixed_two_shape,0,1,1,0.6406232273192752,0.4712624492296938,0.9367396593674666,0.4867536348488669,0.0412243716418743,27.69691895271231,0.9865590527509802,0.861566801368863,9.230384607371462,1.553628386296957,,0.4803746911097063,0.4523661108129331,1.2806248474865698,3419.594414997846,3699.17236328125,9042,17401,w/o query-canonical reliability
sample_1429,2,shallow,uniform,irregular,irregular,0,0,1,0.6968621798427227,0.5347570832982772,0.7428199976365171,0.6562597890783582,0.0309308245778083,30.192169807599125,0.988765626924956,2.5846163575387378,2.505992817228334,1.984086765780504,,0.1165291845045421,0.3644581258243427,0.8485281374238571,3458.846290999645,3699.17236328125,8461,9577,w/o query-canonical reliability
sample_1432,2,medium,uniform,sphere,sphere,1,0,0,0.8654750705551736,0.7628524046438864,0.9001956947164597,0.8333333333336688,0.0161165352910757,35.85456615930252,0.9965530658136827,0.4172374716260354,3.5156791662493894,2.417550964098244,,0.0742753623188405,0.2644909176753521,2.06881608655772,3449.148173996946,3699.17236328125,4599,4968,w/o query-canonical reliability
sample_1438,1,deep,uniform,irregular,irregular,0,0,1,0.7822832189648944,0.6424180327881065,0.6665485471308769,0.9466532460999162,0.0133883552625775,37.46545552240246,0.9972504087351564,0.1258761267533206,2.019900987672416,4.957898638643828,,0.420231504781077,0.1727393742213257,0.447213595499958,3309.983489998558,3699.17236328125,2822,1987,w/o query-canonical reliability
sample_1455,2,shallow,uniform,ellipsoid,ellipsoid,0,1,0,0.7544674618121974,0.6057388616359077,0.7288752324737375,0.7819222761972745,0.0290091838687658,30.74928939028668,0.991789063013013,0.5914479697866862,6.542170893518451,2.8033171833998107,,0.0727793199167245,0.2991361424228314,0.894427190999916,3331.580539001152,3699.17236328125,12367,11528,w/o query-canonical reliability
sample_1470,3,medium,uniform,ellipsoid+irregular,mixed_two_shape,0,1,1,0.8116609129267759,0.6830213040672538,0.8903225806452125,0.7457706766918288,0.0332156792283058,29.573137498562268,0.9845094015957404,0.7128709494309774,3.693237062523878,2.79617841996874,,0.1623590225563909,0.3062226948233452,0.8246211251235323,3508.401982002397,3699.17236328125,21390,25536,w/o query-canonical reliability
sample_1482,3,medium,uniform,irregular+sphere,mixed_two_shape,1,0,1,0.7441609126390009,0.5925607190671327,0.9274169410357268,0.6213777198439573,0.0291353836655616,30.711584984600528,0.9917552070009004,0.9752330551497344,6.64529909033446,1.6479014411779551,,0.3299909756342123,0.8194830536309948,5.56740295188015,3585.9995470018475,3699.17236328125,6682,9973,w/o query-canonical reliability
sample_1486,2,medium,uniform,ellipsoid+irregular,mixed_two_shape,0,1,1,0.8790725867556148,0.7842368527782991,0.9851405281480978,0.7936247349341312,0.0222858134657144,33.039429696803026,0.9919447942555314,0.5618573502967205,11.304866208850065,3.066266966908641,,0.1944045420343388,0.1402458037366043,0.4,3439.3876410031226,3699.17236328125,11777,14619,w/o query-canonical reliability
sample_1513,3,shallow,uniform,ellipsoid+sphere,mixed_two_shape,1,1,0,0.6627032995033069,0.4955544265213415,0.6775201875491208,0.6485206117024197,0.0337353125214576,29.43830548371832,0.9847914967776172,0.7168633366742733,17.88183435780569,2.0469733280156097,,0.0428025265957446,0.3759187705406433,1.2000000000000002,3350.9092339991184,3699.17236328125,11517,12032,w/o query-canonical reliability
sample_1516,3,deep,uniform,ellipsoid+sphere,mixed_two_shape,1,1,0,0.7475353232475819,0.5968514219387719,0.950988325049184,0.6157934131739403,0.0329090431332588,29.653694425034264,0.9887741659849048,1.810077825773128,1.4,1.6956985017320585,,0.3524700598802395,0.4497183964470113,2.545584412271571,3436.4464760001283,3699.17236328125,8651,13360,w/o query-canonical reliability
sample_1529,2,medium,uniform,ellipsoid,ellipsoid,0,1,0,0.6945901338713756,0.5320858619917217,0.7234318893729671,0.6679599322801439,0.035618882626295,28.966394273205736,0.988057496599242,1.157114991608531,2.0,2.3885633812058,,0.0766788939051918,0.3846077495360566,1.0,3417.412195001816,3699.17236328125,13089,14176,w/o query-canonical reliability
sample_1566,3,medium,uniform,irregular+sphere,mixed_two_shape,1,0,1,0.3873474674487781,0.2401927629360498,0.3295441364118668,0.4697420634929402,0.0392305366694927,28.12751492247562,0.987819295516171,1.5465514856301117,2.08806130178211,1.438750363810961,,0.4254298941798942,0.6501825894904477,1.886796226411321,3404.212200999609,3699.17236328125,8621,6048,w/o query-canonical reliability
sample_1572,2,medium,uniform,irregular+sphere,mixed_two_shape,1,0,1,0.7966375327062314,0.6620096225021631,0.8954943679600808,0.7174370801165973,0.0221844371408224,33.07903138654437,0.99245885149912,0.2429050578748781,23.94493683432888,2.069643594560343,,0.1988368595207059,0.2468407703201932,0.8717797887081349,3411.2266749980336,3699.17236328125,7990,9973,w/o query-canonical reliability
sample_1599,3,medium,uniform,irregular+sphere,mixed_two_shape,1,0,1,0.6878104700040598,0.5241700640657843,0.655307994758038,0.723705371502535,0.0256225820630788,31.827541719247016,0.9866775459417833,1.9345272911511788,7.727871634544663,2.1010240970776017,,0.1043743969121904,0.2879540746053616,0.8797063795102459,3446.386752999388,3699.17236328125,6867,6218,w/o query-canonical reliability
sample_1620,2,medium,uniform,ellipsoid+irregular,mixed_two_shape,0,1,1,0.3686588356787345,0.2259851242291295,0.7058823529419034,0.2494758909859805,0.0379542559385299,28.414790764598447,0.9893272324825424,1.2651345202068949,3.3526109228480423,1.0060446961386516,,0.646575821104123,0.7749441774543318,1.8000000000000005,3479.1221030027373,3699.17236328125,4046,11448,w/o query-canonical reliability
sample_1634,1,medium,uniform,irregular,irregular,0,0,1,0.6396732374359441,0.4702349869458613,0.4729516806729609,0.9879319802523644,0.0270198080688714,31.36635485003935,0.9931406106052232,0.6134999821795077,3.627671429443411,8.862269937311918,,1.0888645090510147,0.4440574706089281,0.9797958971132712,3372.938507000072,3699.17236328125,7616,3646,w/o query-canonical reliability
sample_1635,3,medium,uniform,ellipsoid+irregular,mixed_two_shape,0,1,1,0.7448070366444877,0.5933805067338082,0.6531658291459029,0.8663600613211582,0.0392409078776836,28.12521874429035,0.9820643311988534,0.9696303804095202,3.741657386773941,3.5240466604285,,0.3264013863893888,0.331178263090264,1.0,3415.987452997797,3699.17236328125,19900,15003,w/o query-canonical reliability
sample_1642,2,medium,uniform,ellipsoid+irregular,mixed_two_shape,0,1,1,0.8526820564291838,0.7431959564542877,0.81508066235533,0.8939204988309478,0.0270157698541879,31.36765258007321,0.9887281204926388,0.3123390527158133,3.741657386773941,3.7833949889996497,,0.0967264224473889,0.2035161581087038,0.6000000000000001,3447.1379200003867,3699.17236328125,14071,12830,w/o query-canonical reliability
sample_1643,3,shallow,uniform,ellipsoid+sphere,mixed_two_shape,1,1,0,0.7542787640092224,0.6054956295333804,0.6964543558480687,0.8225745325923304,0.0381589531898498,28.368070870458617,0.9857170677603349,0.4521179379575631,10.59245014149229,2.4682874132411623,,0.181088933804952,0.3727505112895677,1.61245154965971,3481.062278999161,3699.17236328125,18699,15832,w/o query-canonical reliability
sample_1683,1,medium,uniform,ellipsoid,ellipsoid,0,1,0,0.7708375175740401,0.6271241830071452,0.631665569454194,0.9886656362699932,0.0205008182674646,33.76457590823744,0.9951468373289528,0.2158088718579488,3.1368774282716245,8.02633587564403,,0.5651725914477074,0.2496936136445783,0.6000000000000001,3413.581738001085,3699.17236328125,6076,3882,w/o query-canonical reliability
sample_1686,2,deep,uniform,ellipsoid,ellipsoid,0,1,0,0.7046242285908764,0.5439535339035803,0.6768718531755101,0.734749647390925,0.0358709245920181,28.905148879735304,0.989660294441526,4.155976376660018,12.383860464330176,2.082350396344271,,0.0855077574047954,0.369512371926547,0.9797958971132712,3303.447487000085,3699.17236328125,12314,11344,w/o query-canonical reliability
sample_1688,3,deep,uniform,ellipsoid+irregular+sphere,mixed_three_shape,1,1,1,0.7309985904804182,0.5760423786741992,0.746457041629948,0.716167410240269,0.0289439111948013,30.768855791216456,0.9847021754635352,1.384896075084609,21.781643647805836,2.4818249129516845,,0.040577862757595,0.2949814629715146,0.7211102550927979,3214.4377079966944,3699.17236328125,13548,14121,w/o query-canonical reliability
sample_1697,2,shallow,uniform,ellipsoid+sphere,mixed_two_shape,1,1,0,0.5656419931197616,0.3943520309482441,0.3948102246325369,0.9970657276995364,0.0356242395937442,28.965088327799982,0.9852900762695018,1.0529403505780393,1.8000000000000005,11.362123623287038,,1.5254303599374022,0.5364357005496088,1.0392304845413265,3209.3737320028595,3699.17236328125,12910,5112,w/o query-canonical reliability
sample_1717,3,medium,uniform,ellipsoid+irregular,mixed_two_shape,0,1,1,0.7502981429951303,0.6003817140781603,0.7648046309697454,0.7363317171043101,0.0363539867103099,28.788959205282254,0.9861397663649636,2.835815296412159,19.177069640588996,2.1606872632269245,,0.0372290029537981,0.3380357944925032,1.148912529307606,3478.1513960006123,3699.17236328125,17275,17943,w/o query-canonical reliability
sample_1718,3,medium,uniform,ellipsoid+irregular,mixed_two_shape,0,1,1,0.6463796568971986,0.4775191656884185,0.5567500100658064,0.7704050364924117,0.045412790030241,26.856435813814183,0.9732270991829096,0.284855391113627,2.8565713714171403,2.836582149977702,,0.383753969580478,0.5169594649161399,1.562049935181331,3666.31592900012,3699.17236328125,24837,17949,w/o query-canonical reliability
sample_1729,2,deep,uniform,ellipsoid,ellipsoid,0,1,0,0.7682490708928068,0.6237048844362704,0.6905332156817212,0.8656763590394032,0.0222116615623235,33.06837883901025,0.9916822609612644,1.530893783181187,2.374868417407584,3.5379451320861404,,0.2536346396965866,0.2243512895039927,0.5656854249492381,3603.749722999055,3699.17236328125,7933,6328,w/o query-canonical reliability
sample_1731,2,shallow,uniform,sphere,sphere,1,0,0,0.6841349605170969,0.5199127114025969,0.5448204893670879,0.9191743827162052,0.0270871557295322,31.344732137108945,0.9877667054031684,0.8659562509675967,7.688953114696434,4.456122067025606,,0.6871141975308642,0.3590919995688008,0.894427190999916,3448.223699000664,3699.17236328125,8746,5184,w/o query-canonical reliability
sample_1734,2,deep,uniform,ellipsoid+irregular,mixed_two_shape,0,1,1,0.784225406104852,0.6450417783386054,0.7558655089601367,0.8147963755851689,0.0274278502911329,31.23616470941873,0.9897496402170504,0.3132832149037339,7.77946013551069,2.8372193205561977,,0.0779647515682565,0.2616786110219148,0.8246211251235323,3470.1757920011005,3699.17236328125,10826,10043,w/o query-canonical reliability
sample_1741,3,deep,uniform,irregular,irregular,0,0,1,0.6820373192117298,0.5174936507336654,0.8523976023976946,0.5684306949246083,0.0371790118515491,28.59404285065893,0.981370090034558,0.8718736474052778,19.49153662490467,1.6873539099602686,,0.3331390265228796,0.4232356452312784,1.264911064067352,3274.453619000269,3699.17236328125,16016,24017,w/o query-canonical reliability
sample_1760,3,shallow,uniform,ellipsoid+irregular,mixed_two_shape,0,1,1,0.767074441823532,0.622157953281592,0.9206610481959964,0.6574047954867619,0.0323249734938144,29.80923717200732,0.9823686579924444,0.4587217005756417,13.329666162361306,2.391024755341879,,0.2859426422190879,0.2779251722062641,0.8,3389.1614099993603,3699.17236328125,15188,21270,w/o query-canonical reliability
sample_1765,1,medium,uniform,ellipsoid,ellipsoid,0,1,0,0.6489071740809211,0.4802831912306026,1.0,0.4802831912306026,0.0349797718226909,29.12366098666748,0.9929210830587656,0.2610226068828072,2.8354893757515653,1.4646395113757082,,0.519716808769793,0.5285190692533588,0.916515138991168,3531.6827049973654,3699.17236328125,6309,13136,w/o query-canonical reliability
sample_1787,2,deep,uniform,sphere,sphere,1,0,0,0.7787829966541346,0.6377105743867715,0.9902300661834534,0.6417483660138036,0.0174468420445919,35.16566376522582,0.9968764198680996,2.206298978715392,2.6,1.6842379279405906,,0.3519199346405229,2.8627661952779264,22.80631484818512,3541.028902996913,3699.17236328125,3173,4896,w/o query-canonical reliability
sample_1809,1,medium,uniform,ellipsoid,ellipsoid,0,1,0,0.8194817892936815,0.694171239259039,0.7622783083222348,0.8859672304441253,0.0231303684413433,32.716348785443685,0.9931079059471498,0.4292459448140941,3.237282811247729,3.5369475415999982,,0.1622621564482029,0.2318678638852083,0.632455532033676,3306.463545999577,3699.17236328125,8796,7568,w/o query-canonical reliability
sample_1811,2,shallow,uniform,sphere,sphere,1,0,0,0.6642977370490217,0.4973396807621605,0.5427319955184448,0.8560411311056297,0.0307160709053277,30.25268693193457,0.9880034610666982,2.3555921688828034,12.509196616889511,2.812437778217618,,0.5772814910025706,0.420040777562486,1.1313708498984762,3262.214933001814,3699.17236328125,9817,6224,w/o query-canonical reliability
sample_1812,1,shallow,uniform,ellipsoid,ellipsoid,0,1,0,0.8687937489826352,0.7680241761406188,0.9135570010271196,0.8282122905029266,0.02410096116364,32.3593125439518,0.992557443975024,0.2993006438385982,3.22490309931942,3.091467562905569,,0.0934202358783364,0.1839111950663058,0.447213595499958,3319.126521000726,3699.17236328125,11684,12888,w/o query-canonical reliability
sample_1815,3,medium,uniform,ellipsoid+irregular+sphere,mixed_three_shape,1,1,1,0.3272003244720596,0.1956004232061384,0.1956521739133981,0.9986495611073628,0.0547946989536285,25.225229077513298,0.9756133302162808,1.0111170574645043,4.512205669071391,9.54492192019592,,4.104208867882062,0.9140221605853216,1.886796226411321,3280.6894749992352,3699.17236328125,22678,4443,w/o query-canonical reliability
sample_1826,2,shallow,uniform,sphere,sphere,1,0,0,0.8278105795880059,0.7062088815792493,0.8658936223848426,0.7929362880888816,0.0224589109420776,32.97222645645499,0.9921065150736262,2.718965290198541,12.84056073541962,2.9411910122191887,,0.0842566943674976,0.1758906826826907,0.4898979485566356,3523.113741997804,3699.17236328125,7934,8664,w/o query-canonical reliability
sample_1837,2,shallow,uniform,irregular+sphere,mixed_two_shape,1,0,1,0.7794445967648038,0.6385982927927356,0.6448476992873332,0.985050985051,0.0385075993835926,28.289071237895463,0.9888057488863964,1.9833242606288413,18.51053753946654,7.719658738387561,,0.5275715275715276,0.2780890680736744,0.7211102550927979,3633.391710998694,3699.17236328125,15430,10101,w/o query-canonical reliability
sample_1839,1,deep,uniform,irregular,irregular,0,0,1,0.886847992464449,0.7966998096046152,0.8344781741637108,0.946231155778962,0.018503800034523,34.65478096604841,0.9962525560625902,0.1497565230583382,3.8262252939417984,5.048495242939723,,0.1339195979899497,0.1371505801562121,0.4,3365.9373490008875,3699.17236328125,9026,7960,w/o query-canonical reliability
sample_1843,1,medium,uniform,ellipsoid,ellipsoid,0,1,0,0.8466541160364139,0.7340851758425077,0.7879898056709335,0.9147559171599208,0.0180597193539142,34.86578017922526,0.9946872987877268,0.2778458119781519,2.4738633753705965,4.177013509886802,,0.1608727810650887,0.161314221594005,0.447213595499958,3246.1647850032023,3699.17236328125,6278,5408,w/o query-canonical reliability
sample_1858,3,medium,uniform,ellipsoid+irregular,mixed_two_shape,0,1,1,0.6947989699442313,0.5323310003169641,0.5791733258125477,0.868107092531767,0.0499571338295936,26.02804983358554,0.9749505605481952,1.335178956248076,10.12719112093773,3.354747055673397,,0.4988727101925786,0.4459346783008343,1.5231546211727818,3288.257264001004,3699.17236328125,31911,21290,w/o query-canonical reliability
sample_1863,2,shallow,uniform,ellipsoid+sphere,mixed_two_shape,1,1,0,0.6147525676941038,0.4437853868974875,0.5113389251327876,0.7705992509368665,0.0247713793069124,32.120996019481034,0.9908759781993316,0.2161243357692599,2.4166091947189146,2.2937239411804398,,0.5070224719101124,0.3907610231412548,1.0,3254.779250997672,3699.17236328125,6438,4272,w/o query-canonical reliability
sample_1865,2,deep,uniform,ellipsoid+sphere,mixed_two_shape,1,1,0,0.8426897449644472,0.7281450598903262,0.7817962199802602,0.9138704318937592,0.0270583797246217,31.353964366329336,0.9875465347823,2.74022224792338,17.140595088852663,5.173835799722665,,0.1689368770764119,0.1784827450717526,0.4,3511.047875999793,3699.17236328125,14074,12040,w/o query-canonical reliability
sample_1869,3,deep,uniform,ellipsoid+irregular+sphere,mixed_three_shape,1,1,1,0.7792207792208368,0.6382978723405798,0.7099497296785973,0.8634711887870661,0.0376693420112133,28.48023917694316,0.9856059004903336,0.8941180163300113,5.114684741017769,3.352662229817532,,0.2162427178866009,0.3017444661325496,0.8485281374238571,3416.590141998313,3699.17236328125,21086,17337,w/o query-canonical reliability
sample_1881,2,deep,uniform,ellipsoid+sphere,mixed_two_shape,1,1,0,0.4686634784801839,0.3060486522032587,0.3068219268380678,0.9918323863636652,0.0320893749594688,29.87277430014316,0.9900656148957886,0.6352671687533931,15.213152204589292,10.115695488493431,,2.2325994318181817,0.5922017953532349,0.9797958971132712,3244.580765000137,3699.17236328125,9103,2816,w/o query-canonical reliability
sample_1885,3,shallow,uniform,ellipsoid+sphere,mixed_two_shape,1,1,0,0.5998909619579599,0.4284601739283397,0.8829350927247834,0.4542660550461219,0.039992805570364,27.96036229604781,0.9802176659403552,1.3267702280147864,16.181470884935027,1.3925652627257523,,0.4855045871559633,0.5130308875146325,1.624807680927192,3293.209785999352,3699.17236328125,11216,21800,w/o query-canonical reliability
sample_1893,1,medium,uniform,irregular,irregular,0,0,1,0.6583565291058584,0.4907090023457597,0.4907090023457597,1.0,0.0306676030158996,30.2664036806852,0.9899433934689298,0.2409505188908516,2.505992817228334,15.066633677621052,,1.0378676470588235,0.4728487241200144,0.8717797887081349,3269.460395000351,3699.17236328125,11086,5440,w/o query-canonical reliability
sample_1894,1,medium,uniform,ellipsoid,ellipsoid,0,1,0,0.51266864100073,0.3446902654874505,0.3448428508196714,0.9987179487179528,0.0321874096989631,29.84627929026855,0.9911814203753184,0.5136382063474559,2.489979919597747,12.667047433034517,,1.896153846153846,0.6670900429773003,1.2000000000000002,3459.860873001162,3699.17236328125,9036,3120,w/o query-canonical reliability
sample_1904,1,deep,uniform,sphere,sphere,1,0,0,0.808365405562553,0.6783668494824151,0.7010958559016235,0.9543895747600232,0.0218487959355115,33.211449894820845,0.9930093669311448,0.3025406420034304,2.441311123146741,5.31747357243377,,0.3612825788751714,0.2389412963645001,0.7211102550927979,3625.905026001419,3699.17236328125,7939,5832,w/o query-canonical reliability
sample_1927,3,medium,uniform,irregular+sphere,mixed_two_shape,1,0,1,0.4112542729427235,0.2588546838800007,0.2626981994092564,0.9465020576132982,0.0441592149436473,27.09957300665049,0.983090930141826,0.9463850696973396,2.8565713714171403,4.893704031533674,,2.6030016945049623,0.7351009444262071,1.6492422502470645,3529.9161379989528,3699.17236328125,14884,4131,w/o query-canonical reliability
sample_1944,2,medium,uniform,irregular+sphere,mixed_two_shape,1,0,1,0.7602190580504884,0.6131882111812756,0.6935251798563601,0.8411051866215792,0.0306189395487308,30.280197364790524,0.9867335912168936,1.8949336141145032,4.1182520563948,2.9906161119985697,,0.2127968977217644,0.2913478757693533,0.8246211251235323,3341.622527001164,3699.17236328125,12510,10315,w/o query-canonical reliability
sample_1989,2,medium,uniform,ellipsoid+sphere,mixed_two_shape,1,1,0,0.8075036075037464,0.6771539206199453,0.9790062981106036,0.6871316306487142,0.0182980503886938,34.75190347182571,0.9950169490854798,0.1401482625801305,1.8000000000000005,2.249262477600944,,0.2981335952848723,0.1910160305912875,0.7483314773547883,3331.1881499976157,3699.17236328125,5716,8144,w/o query-canonical reliability
sample_1993,3,deep,uniform,ellipsoid+sphere,mixed_two_shape,1,1,0,0.7262099144406877,0.5701174178333743,0.666047681802045,0.7983199310742402,0.0335903018712997,29.475721983946386,0.9855005670778046,0.4566741997713143,6.20322496770833,3.131123771526835,,0.1985927627800114,0.3101659162828278,0.894427190999916,3352.540060001047,3699.17236328125,16694,13928,w/o query-canonical reliability
sample_2021,3,shallow,uniform,ellipsoid+irregular,mixed_two_shape,0,1,1,0.7626494163971981,0.616356775924164,0.8793047538751675,0.6733214143823633,0.03042983263731,30.334008966088632,0.985031953093322,0.2914506850572317,8.847598544237865,2.3063469251055424,,0.2342570520460866,0.3252096254120275,0.8717797887081349,3387.824396999349,3699.17236328125,15419,20136,w/o query-canonical reliability
sample_2024,2,deep,uniform,irregular,irregular,0,0,1,0.7390047899925819,0.5860488478686595,0.7639548207564545,0.7156329065401245,0.028146207332611,31.011602523534894,0.989579221112923,0.2607809155477086,8.224354077980836,2.491979249214716,,0.0632523192517059,0.3064548434398507,0.8,3460.6150839972543,3699.17236328125,12218,13043,w/o query-canonical reliability
sample_2044,2,medium,uniform,ellipsoid+sphere,mixed_two_shape,1,1,0,0.7047922686064513,0.5441538461545474,0.8147892190743727,0.6209620786523509,0.021345991641283,33.41367358850262,0.9928063172021944,6.241036195467966,29.433993952571235,2.034264345849925,,0.2378862359550561,0.2740549895316008,0.7483314773547883,3333.2290100006503,3699.17236328125,4341,5696,w/o query-canonical reliability
sample_2059,3,shallow,uniform,ellipsoid+irregular,mixed_two_shape,0,1,1,0.7671806905800181,0.6222977566283153,0.9117529880478674,0.6621817129631259,0.033772837370634,29.42864957238781,0.982211496927456,1.9159184475179405,2.349468024894146,2.3516629758908247,,0.2737268518518518,0.2928248453785597,0.7483314773547883,3388.877817997127,3699.17236328125,15060,20736,w/o query-canonical reliability
sample_2067,3,medium,uniform,ellipsoid+irregular,mixed_two_shape,0,1,1,0.6913690666326602,0.5283147822692416,0.7768472434916841,0.6228369719527211,0.042051613330841,27.52434673894108,0.9772101997684404,0.3648882194410773,18.76592656918384,1.8079805815488967,,0.1982503932778268,0.4238282279443102,1.4142135623730951,3246.120421001251,3699.17236328125,20896,26063,w/o query-canonical reliability
sample_2069,2,shallow,uniform,ellipsoid+sphere,mixed_two_shape,1,1,0,0.6730064388312664,0.5071663183043392,0.5666388657217959,0.8285365853660627,0.0322608202695846,29.826491816983484,0.9850301760466312,1.959029300362317,2.1633307652783937,3.1914380633871224,,0.4621951219512195,0.4311305266164052,1.148912529307606,3302.623173000029,3699.17236328125,11990,8200,w/o query-canonical reliability
sample_2070,2,deep,uniform,irregular+sphere,mixed_two_shape,1,0,1,0.8002528944561583,0.6670179830052915,0.6912417229847149,0.9500844436104804,0.0289202872663736,30.775948054813423,0.986963827676848,1.932576970926597,2.2,5.4041870866674815,,0.3744604991555639,0.2749672342599202,0.8485281374238571,3342.4087229977886,3699.17236328125,14649,10658,w/o query-canonical reliability
sample_2072,3,shallow,uniform,ellipsoid+sphere,mixed_two_shape,1,1,0,0.6793740917233839,0.514433411813126,0.7197278911566632,0.6433051715312063,0.0373117923736572,28.563077191220884,0.9840640951179358,0.3453193694982376,6.551335741663681,1.88500996481132,,0.1061827956989247,0.4288848260522988,1.7088007490635064,3339.0319269965403,3699.17236328125,13965,15624,w/o query-canonical reliability
sample_2077,3,medium,uniform,ellipsoid+irregular+sphere,mixed_three_shape,1,1,1,0.6545274663149783,0.4864666129768247,0.6354862318179327,0.6747450218554275,0.0436819158494472,27.193966730161605,0.975778065164834,1.6330213830753084,10.943491216243563,2.031974717018732,,0.0617775619232637,0.4700523887228794,1.1661903789690602,3245.509419000882,3699.17236328125,21862,20590,w/o query-canonical reliability
sample_2079,2,medium,uniform,ellipsoid+sphere,mixed_two_shape,1,1,0,0.5604385218792548,0.3893119747907178,0.4152079540688766,0.8619186046515642,0.0288072135299444,30.80997464538235,0.9916498677613812,3.040716401113546,1.661324772583615,3.735643721373571,,1.0758720930232557,0.4617213407943857,1.0,3494.72596600026,3699.17236328125,7141,3440,w/o query-canonical reliability
sample_2086,1,medium,uniform,sphere,sphere,1,0,0,0.7908984620921028,0.6541207973822462,0.9959229898074836,0.6558770883060026,0.0203751176595687,33.817997912831,0.9967714619536586,0.1220213852544625,3.026549190084311,1.946384229718794,,0.3414379474940334,0.2449787055710329,0.447213595499958,3230.0443300009647,3699.17236328125,4415,6704,w/o query-canonical reliability
sample_2087,2,shallow,uniform,ellipsoid+irregular,mixed_two_shape,0,1,1,0.5043699186994388,0.3372290548349954,0.3435315290376247,0.9484043569655104,0.0399388447403907,27.97209016925627,0.98385900369963,0.9130001663830352,9.173875952943773,5.438441604221015,,1.7607490922988724,0.6558429902440479,1.8,3207.7477179991547,3699.17236328125,14447,5233,w/o query-canonical reliability
sample_2111,2,medium,uniform,ellipsoid+sphere,mixed_two_shape,1,1,0,0.9026351257145966,0.8225478570220036,0.8685269653878289,0.9395317337461886,0.0218166448175907,33.22424091335294,0.9910081225231344,0.0879759630685532,1.833030277982336,4.077084405253298,,0.0817530959752322,0.1953099822785028,0.447213595499958,3426.2038249980837,3699.17236328125,11181,10336,w/o query-canonical reliability
sample_2119,2,shallow,uniform,ellipsoid+sphere,mixed_two_shape,1,1,0,0.7958727294127679,0.6609539945264818,0.9308066440305306,0.6951069078949458,0.0227890480309724,32.845476489658736,0.9919364663003264,0.2017682499341232,12.671227249165726,2.203143687920038,,0.2532209429824561,0.2556905943158557,0.5656854249492381,3390.613374001987,3699.17236328125,10897,14592,w/o query-canonical reliability
sample_2121,2,shallow,uniform,ellipsoid,ellipsoid,0,1,0,0.8207858979067616,0.696044845842535,0.889021479713659,0.7622783083220659,0.0366967692971229,28.707443969660844,0.984260813046059,1.2701918320983632,15.05323885414697,2.4205457908637933,,0.1425648021828103,0.2674816693003242,0.8,3432.894444998965,3699.17236328125,20112,23456,w/o query-canonical reliability
sample_2129,3,medium,uniform,ellipsoid+irregular+sphere,mixed_three_shape,1,1,1,0.6411538291378839,0.4718369473207841,0.965489673551012,0.4799311167045436,0.0341986194252967,29.319828433200087,0.9906114348913678,0.7885777680689442,8.442748367682173,1.2198407238171427,,0.5029142932838787,0.5130791779672157,1.2328828005937953,3622.729273000005,3699.17236328125,7505,15098,w/o query-canonical reliability
sample_2166,3,medium,uniform,ellipsoid+irregular+sphere,mixed_three_shape,1,1,1,0.704036072675963,0.5432528312187588,0.6873543375056648,0.7215476621967002,0.0306749995797872,30.264308714898167,0.9853779383222488,0.8603356005875582,8.84081444212014,2.223531137272867,,0.0497462848858282,0.3732483890154053,1.2806248474865698,3374.34955000208,3699.17236328125,11585,11036,w/o query-canonical reliability
sample_2167,1,shallow,uniform,ellipsoid,ellipsoid,0,1,0,0.7057824161157055,0.5453352086267741,0.5469763942447596,0.9945280437756592,0.0283184107393026,30.95862235059069,0.9907833746956344,0.3154056102912487,2.6981475126464085,10.205010763208405,,0.8182284541723667,0.4097497216176136,0.8485281374238571,3428.60909799856,3699.17236328125,10633,5848,w/o query-canonical reliability
sample_2172,1,shallow,uniform,ellipsoid,ellipsoid,0,1,0,0.7925552978447743,0.6563905547229606,0.6640439852121869,0.982744107744132,0.0251114387065172,32.002568008843376,0.9912511166545466,0.1830509011948393,1.077032961426901,7.547296563278311,,0.4799382716049383,0.2827565337187738,0.66332495807108,3486.3939120004943,3699.17236328125,10549,7128,w/o query-canonical reliability
sample_2175,2,shallow,uniform,irregular+sphere,mixed_two_shape,1,0,1,0.6017449454053593,0.4303542071443503,0.4413026819927652,0.9454933508455992,0.0351210758090019,29.088643312559416,0.9872041592043552,0.2675138399323868,3.611094017053558,5.159474015377955,,1.1425053357412576,0.4659416098110676,1.1941255848169672,3324.088997000217,3699.17236328125,13050,6091,w/o query-canonical reliability
sample_2196,3,shallow,uniform,ellipsoid+sphere,mixed_two_shape,1,1,0,0.6628425748887327,0.4957102001912586,0.6310679611656081,0.6979865771817148,0.0259181633591651,31.727915312386106,0.9897645759539246,1.437543750982249,14.605478424207815,2.360039713958296,,0.1060402684563758,0.2992645193447704,1.019803902718557,3335.053833998245,3699.17236328125,6592,5960,w/o query-canonical reliability
sample_2199,2,medium,uniform,irregular+sphere,mixed_two_shape,1,0,1,0.8228408833705749,0.6990056584081201,0.8290330987751962,0.816740483984969,0.0297438874840736,30.53204508589538,0.9891932893427674,0.3201170643521766,12.069797015691693,2.639351104046577,,0.0148276526092817,0.221521295542807,0.632455532033676,3499.160076000408,3699.17236328125,15348,15579,w/o query-canonical reliability
sample_2202,2,medium,uniform,irregular+sphere,mixed_two_shape,1,0,1,0.5989670242355193,0.427518148820976,0.4570700945919753,0.8686333256513744,0.0289014913141727,30.781594935957912,0.9894773133270668,0.3967635016275831,13.404476864092832,3.538863458759024,,0.9004378889144964,0.5409450098477742,2.2,3344.805827000528,3699.17236328125,8246,4339,w/o query-canonical reliability
sample_2207,2,deep,uniform,ellipsoid+sphere,mixed_two_shape,1,1,0,0.7729454109179299,0.6299193351261876,0.7413693901038153,0.8073308270678703,0.0251353848725557,31.994288855255352,0.9891094006618208,1.181590774001139,1.854723699099141,3.188718545669228,,0.0889724310776942,0.2724524201464735,0.894427190999916,3343.8945790003345,3699.17236328125,10428,9576,w/o query-canonical reliability
sample_2208,3,medium,uniform,ellipsoid+irregular,mixed_two_shape,0,1,1,0.6638202837625907,0.4968046406452184,0.7473746487207903,0.5970695970698351,0.0378439873456954,28.44006175020916,0.981507118020858,1.25064932351802,4.476605857119878,1.7676486662761917,,0.2011107172397495,0.5938034570774118,2.6758176320519307,3374.151637999603,3699.17236328125,13522,16926,w/o query-canonical reliability
sample_2209,1,deep,uniform,sphere,sphere,1,0,0,0.7761039855386278,0.6341257560843521,0.6453829634937074,0.973229706390386,0.0208913777023553,33.600658635806376,0.9928862303217634,0.1597886412726964,1.833030277982336,6.812935222700793,,0.5079879101899827,0.2637929139958532,0.6000000000000001,3326.5032559975225,3699.17236328125,6985,4632,w/o query-canonical reliability
sample_2225,3,shallow,uniform,ellipsoid+sphere,mixed_two_shape,1,1,0,0.8095809633147708,0.6800806593022619,0.7748476675657903,0.847574300699384,0.0354913547635078,28.997548375980525,0.9765838086486562,0.8383205622699206,21.437350582569668,3.4742105060176853,,0.0938592657342657,0.2381974289236302,0.7483314773547883,3456.404875996668,3699.17236328125,20022,18304,w/o query-canonical reliability
sample_2234,2,deep,uniform,ellipsoid+sphere,mixed_two_shape,1,1,0,0.8619487633487181,0.7573901205758874,0.8592388306675572,0.8646758436946439,0.0216316189616918,33.29821958734047,0.99301836405364,0.2571196679048163,5.165268628057984,3.6718224168008486,,0.0063277087033747,0.1373501602111169,0.4,3330.8512330004305,3699.17236328125,9065,9008,w/o query-canonical reliability
sample_2259,2,medium,uniform,ellipsoid+sphere,mixed_two_shape,1,1,0,0.861617357002027,0.7568785085593203,0.7691928440627066,0.9792862266858148,0.0255740750581026,31.84400157371856,0.9892008464813856,0.8878486516122335,2.04939015319192,6.597598240466088,,0.2731348637015782,0.1703517215137565,0.447213595499958,3327.656311001192,3699.17236328125,14198,11152,w/o query-canonical reliability
sample_2263,2,medium,uniform,irregular+sphere,mixed_two_shape,1,0,1,0.7311633902676564,0.5762470791429682,0.5764813497310941,0.9992952783650472,0.0262416005134582,31.620193247151832,0.9915502008654392,0.4746828057609172,2.891366458960192,11.891169316937704,,0.7334390415785764,0.2790598739930449,0.632455532033676,3369.3602080020355,3699.17236328125,9839,5676,w/o query-canonical reliability
sample_2266,2,deep,uniform,ellipsoid+sphere,mixed_two_shape,1,1,0,0.597536254483395,0.4260618189910761,0.4385442893116976,0.9373776908025016,0.0300352834165096,30.447364944007028,0.9888733550694756,1.48208458478373,1.4422205101855958,5.431330090835435,,1.1374755381604698,0.4225506544171077,1.077032961426901,3344.2617830005474,3699.17236328125,8738,4088,w/o query-canonical reliability
sample_2270,3,deep,uniform,irregular+sphere,mixed_two_shape,1,0,1,0.6287829045546298,0.458558244820252,0.5204545454550192,0.7940600030155374,0.0327348224818706,29.699799710927177,0.9834401139821414,2.5282712639559395,3.577708763999664,3.127682670564393,,0.5257048092868989,0.3893399316095975,1.216552506059644,3328.562503000285,3699.17236328125,10120,6633,w/o query-canonical reliability
sample_2271,3,shallow,uniform,ellipsoid+irregular,mixed_two_shape,0,1,1,0.632612698629328,0.462643391521465,0.5935120609126665,0.6772285902024697,0.0417650900781154,27.583731882379343,0.9787857713294555,1.1054712301690344,11.81693699737796,2.322521426141941,,0.1410527852814485,0.4653464519818493,1.5748015748023625,3333.3936510025524,3699.17236328125,15629,13697,w/o query-canonical reliability
sample_2281,2,deep,uniform,ellipsoid+sphere,mixed_two_shape,1,1,0,0.7081741403580063,0.5481962875045537,0.901856594110178,0.5829746730675456,0.0358559489250183,28.908775802844023,0.984014986082252,2.4624664760732298,12.790621564255586,1.6530589697654532,,0.353583843734481,0.4480169014748429,1.28062484748657,3307.691951999004,3699.17236328125,15620,24164,w/o query-canonical reliability
sample_2293,1,deep,uniform,ellipsoid,ellipsoid,0,1,0,0.8777153802621228,0.7820791311095562,0.9373314737332056,0.8252292075967377,0.0225778147578239,32.926361492012134,0.9942010974118048,0.1394763548231726,3.4467375879228177,2.956321682744643,,0.1195972495088408,0.1657729594692781,0.4898979485566356,3512.07482099926,3699.17236328125,10755,12216,w/o query-canonical reliability
sample_2299,1,medium,uniform,irregular,irregular,0,0,1,0.6416762783548234,0.4724030568929063,0.4724030568929063,1.0,0.0250780005007982,32.014142106044694,0.9936802084143972,0.1991951066430058,2.4819347291981715,13.584102527739502,,1.1168364289994008,0.420002412368695,0.7211102550927979,3455.712325001514,3699.17236328125,7066,3338,w/o query-canonical reliability
sample_2306,3,shallow,uniform,irregular+sphere,mixed_two_shape,1,0,1,0.6251684284440769,0.4547236486114918,0.8575072886298118,0.4918918918920437,0.0562442354857921,24.998440153568264,0.9763958109942792,1.2839981297451035,2.1633307652783937,1.5409199674019758,,0.426370016425265,0.5437976047075038,1.2000000000000002,3350.3366440018,3699.17236328125,19208,33485,w/o query-canonical reliability
sample_2323,3,shallow,uniform,ellipsoid+irregular,mixed_two_shape,0,1,1,0.7738468428124061,0.6311176040906995,0.9298048231668884,0.6626921870098447,0.041074551641941,27.728543423958094,0.9841300844761594,1.820278465856324,7.090839160494335,1.8305668309998075,,0.2872781787121291,0.3038871372678695,1.0,3521.033605000412,3699.17236328125,20443,28683,w/o query-canonical reliability
sample_2357,3,medium,uniform,ellipsoid+irregular+sphere,mixed_three_shape,1,1,1,0.7089710728671882,0.549151965511629,0.7683333333335172,0.6581237253571325,0.0288713946938514,30.790645040056376,0.9878316603400048,1.1032385365666877,2.668332812825267,2.015021021830955,,0.1434398368456832,0.3396342546937457,0.8246211251235323,3555.624854998314,3699.17236328125,12600,14710,w/o query-canonical reliability
sample_2361,2,shallow,uniform,ellipsoid+sphere,mixed_two_shape,1,1,0,0.8154946989848216,0.6884685938391496,0.746450860709316,0.8986129458389213,0.0292978323996067,30.663289854033128,0.9868667080283094,0.5265226943754479,3.532704346531139,3.899846321347577,,0.2038474240422721,0.2853358299890083,1.0,3479.1496800025925,3699.17236328125,14581,12112,w/o query-canonical reliability
sample_2372,3,deep,uniform,ellipsoid+sphere,mixed_two_shape,1,1,0,0.5334159694248872,0.3637131990425667,0.3798734735917464,0.8952843273233438,0.0391785390675067,28.13903556503765,0.9851965962947684,1.680158686770103,8.027452896155792,3.5269994142664265,,1.3567961165048543,0.5925859596278954,1.8439088914585775,3509.754280999914,3699.17236328125,13594,5768,w/o query-canonical reliability
sample_2375,2,medium,uniform,ellipsoid+irregular,mixed_two_shape,0,1,1,0.6904083941179973,0.5271936617623595,0.5957189014542301,0.8208886003155358,0.0358367934823036,28.913417426925704,0.9852441679390695,1.0023356921200464,4.386342439892262,2.95159230668264,,0.3779797792412577,0.3841148449587959,0.8485281374238571,3352.2873090005305,3699.17236328125,14856,10781,w/o query-canonical reliability
sample_2378,3,shallow,uniform,ellipsoid+sphere,mixed_two_shape,1,1,0,0.6071635730859893,0.435918792295973,0.6417841814840268,0.5760869565220308,0.0355545245110988,28.9821022785446,0.9826122499189072,0.943117173525076,10.248902380255169,1.8798938738545847,,0.1023665382498624,0.454320154755192,1.2328828005937953,3328.1375459991978,3699.17236328125,13048,14536,w/o query-canonical reliability
sample_2385,2,deep,uniform,irregular,irregular,0,0,1,0.6561566202991693,0.4882686704501023,0.6249263984305693,0.6906724511937296,0.0242951661348342,32.28960312235256,0.9911308939737902,4.86868629801179,1.148912529307606,1.8407151110603837,,0.1052060737527115,0.3034081200555894,0.916515138991168,3267.718603998219,3699.17236328125,5095,4610,w/o query-canonical reliability
sample_2409,2,shallow,uniform,ellipsoid+sphere,mixed_two_shape,1,1,0,0.5624094989866422,0.391216760677364,0.3971370143154215,0.9632936507937236,0.0356304571032524,28.963571967771337,0.987938652064356,3.622067839244224,1.939071942966532,6.408112221595718,,1.425595238095238,0.5198278157447934,1.077032961426901,3265.142877997277,3699.17236328125,12225,5040,w/o query-canonical reliability
sample_2413,3,shallow,uniform,ellipsoid+irregular,mixed_two_shape,0,1,1,0.6607915398174277,0.4934194783443035,0.5682006062278092,0.78943338437992,0.0422288104891777,27.48782319190296,0.9777176367402788,0.4369354139463819,3.4467375879228177,2.762912826828825,,0.3893568147013782,0.4299423837998944,1.2000000000000002,3497.1071170002688,3699.17236328125,21774,15672,w/o query-canonical reliability
sample_2418,1,deep,uniform,sphere,sphere,1,0,0,0.819399438323807,0.6940530649593888,0.7095024317251973,0.9695807770961924,0.0181057509034872,34.84366982623709,0.993636821393134,0.3311073753513108,2.039607805437114,6.677741884054377,,0.3665644171779141,0.1922860869707174,0.5656854249492381,3367.947951999668,3699.17236328125,5346,3912,w/o query-canonical reliability
sample_2435,1,shallow,uniform,irregular,irregular,0,0,1,0.6590234907402718,0.4914504364468594,0.4914504364468594,1.0,0.0272113345563411,31.30500268554526,0.992465920723025,0.1185501810895699,2.433105012119288,12.833801671137405,,1.034793187347932,0.4209863956939098,0.8246211251235323,3565.4902040005254,3699.17236328125,8363,4110,w/o query-canonical reliability
sample_2440,2,deep,uniform,ellipsoid,ellipsoid,0,1,0,0.7088785046730333,0.549040897575426,0.6489561943877061,0.7809925864911644,0.0330221354961395,29.62389636548632,0.9875790933905452,1.6341568399617905,5.003998401278722,2.71141785249438,,0.2034596375617792,0.3904366491452801,1.5362291495737217,3341.231388003507,3699.17236328125,11688,9712,w/o query-canonical reliability
sample_2442,3,medium,uniform,ellipsoid+irregular+sphere,mixed_three_shape,1,1,1,0.6866902237928291,0.5228699551572563,0.6597154865828809,0.7159649122809508,0.0320107191801071,29.894091876667936,0.9842225270191052,2.644417866159797,12.02331069215131,2.273020988009247,,0.0852631578947368,0.4314555359771848,1.1313708498984762,3354.054244999133,3699.17236328125,12372,11400,w/o query-canonical reliability
sample_2453,1,medium,uniform,ellipsoid,ellipsoid,0,1,0,0.8794564684458364,0.7848481060135206,0.9976163991736888,0.7863226452908488,0.0176925938576459,35.044169270937616,0.9970899322423572,0.0808891861001795,2.891366458960192,2.5351777165462117,,0.2117985971943888,0.1419413960424504,0.4,3298.22011899887,3699.17236328125,6293,7984,w/o query-canonical reliability
sample_2472,2,medium,uniform,ellipsoid+sphere,mixed_two_shape,1,1,0,0.7865353834215518,0.6481733152133278,0.8812085642866196,0.7102312543800716,0.0277570579200983,31.13253144023478,0.9913578986838328,1.6898931351360036,10.838819123871383,2.260763513788073,,0.1940259285213735,0.2472381036530708,0.8246211251235323,3209.6885930004646,3699.17236328125,9201,11416,w/o query-canonical reliability
sample_2477,2,medium,uniform,ellipsoid+irregular,mixed_two_shape,0,1,1,0.7312830782435328,0.576395778840274,0.8253261009945594,0.6564795315631741,0.0379883199930191,28.40699879873737,0.9854851622268752,1.3114640529963126,8.411896337925237,1.942092547303088,,0.2045816426113308,0.3743801077845556,1.0,3398.278802000277,3699.17236328125,15486,19469,w/o query-canonical reliability
sample_2478,3,medium,uniform,ellipsoid+irregular+sphere,mixed_three_shape,1,1,1,0.8173791034666721,0.6911590230333056,0.9179526189959152,0.7366676841234305,0.0342712625861167,29.30139815905029,0.9842081334025804,2.076732773127953,3.026549190084311,2.327801824753671,,0.197488335586273,0.31247758189405,0.8246211251235323,3485.571423996589,3699.17236328125,18404,22933,w/o query-canonical reliability
sample_2483,3,medium,uniform,ellipsoid+irregular+sphere,mixed_three_shape,1,1,1,0.7994649032030593,0.6659238079220983,0.8228722851502531,0.7773523781476576,0.0360065177083015,28.87237741377445,0.9768117641934988,1.9859816394699956,14.18308852119312,2.638120033702512,,0.0553183134540813,0.2489850887960683,0.7211102550927979,3278.6343719999422,3699.17236328125,19246,20373,w/o query-canonical reliability
sample_2494,3,deep,uniform,irregular+sphere,mixed_two_shape,1,0,1,0.4629344816982144,0.3011807084255212,0.6605705925389018,0.3563254676036963,0.0396986939013004,28.02447563849652,0.9883697027837924,1.1234789769975642,0.4898979485566356,1.254215824836321,,0.4605792755110094,0.5913994816945819,1.61245154965971,3299.125149998872,3699.17236328125,6835,12671,w/o query-canonical reliability
sample_2505,3,medium,uniform,ellipsoid+sphere,mixed_two_shape,1,1,0,0.6845912179441497,0.5204399022442122,0.6755587599137163,0.693868483412549,0.0337294600903987,29.439812018944437,0.986290927093514,0.7679744569660008,8.094442537939225,2.262688698957578,,0.0271030805687203,0.4262779356396368,1.661324772583615,3349.509133997344,3699.17236328125,13870,13504,w/o query-canonical reliability
sample_2533,1,deep,uniform,irregular,irregular,0,0,1,0.8218264494127914,0.6975427762772449,0.7165323113522974,0.9633972992182598,0.0215097572654485,33.347289621906675,0.9959027577746132,0.2228465566660666,2.727636339397171,6.608899856652209,,0.3445273631840796,0.1922544985264066,0.447213595499958,3277.014942999813,3699.17236328125,7567,5628,w/o query-canonical reliability
sample_2536,3,shallow,uniform,ellipsoid+irregular,mixed_two_shape,0,1,1,0.7216510489776844,0.5645180436849688,0.8672380778700947,0.6179183991686474,0.0298199448734521,30.509863260290192,0.9899205456621076,3.0001569990418493,3.2310988842807027,1.4715985893264694,,0.2874870062370062,0.3913696539534319,1.5748015748023625,3484.375067000656,3699.17236328125,10967,15392,w/o query-canonical reliability
sample_2584,1,deep,uniform,irregular,irregular,0,0,1,0.8392595101028111,0.7230380239232489,0.7474615461950864,0.9567623214516062,0.0217062924057245,33.2682870216627,0.9941753353567092,0.3891020614141087,2.244994432064365,5.594791364978232,,0.280015442028053,0.2050961041273478,0.4898979485566356,3663.572601999476,3699.17236328125,9947,7771,w/o query-canonical reliability
sample_2589,3,shallow,uniform,ellipsoid+sphere,mixed_two_shape,1,1,0,0.687013106039872,0.5232444506493912,0.5974177780141345,0.8082231167338929,0.0388088002800941,28.221394817980688,0.9822292055627,0.5969546908129832,0.8485281374238571,2.664153545783289,,0.3528608395629672,0.418118056278074,1.5362291495737217,3350.7870770008594,3699.17236328125,18821,13912,w/o query-canonical reliability
sample_2600,1,shallow,uniform,sphere,sphere,1,0,0,0.7305324402951556,0.5754636538056113,0.5755249973354913,0.9998148148148152,0.0259450282901525,31.718916729805077,0.992878053622194,0.3949839161112877,2.4738633753705965,10.285971248305334,,0.7372222222222222,0.3617507722235334,0.8717797887081349,3314.2017030004354,3699.17236328125,9381,5400,w/o query-canonical reliability
sample_2603,1,deep,uniform,ellipsoid,ellipsoid,0,1,0,0.9099887015106876,0.834843366093493,0.8639650377434533,0.961191654879808,0.0205456856638193,33.74558682996823,0.9931494095819292,0.0253055146391394,2.3151673805580453,5.633612902831713,,0.112535360678925,0.1208930151239125,0.3464101615137755,3351.0896030020376,3699.17236328125,12585,11312,w/o query-canonical reliability
sample_2614,3,medium,uniform,sphere,sphere,1,0,0,0.6661093462633528,0.4993732765108219,0.6073787986587992,0.7374136229025945,0.0301832500845193,30.40467999625461,0.984602855909952,0.8575824621535366,21.543444478541492,2.342713208766728,,0.214091806515301,0.3562246309434131,1.019803902718557,3360.8948700020846,3699.17236328125,9839,8104,w/o query-canonical reliability
sample_2643,1,deep,uniform,ellipsoid,ellipsoid,0,1,0,0.8495333333333835,0.7384249869619642,0.9618810386473716,0.7606852913086434,0.0291848834604024,30.696840851561188,0.991741415283892,0.4585798421214876,2.433105012119288,2.532022490719287,,0.2091690544412607,0.2384968396189771,0.7211102550927979,3478.2397500021034,3699.17236328125,13248,16752,w/o query-canonical reliability
sample_2650,3,medium,uniform,ellipsoid+sphere,mixed_two_shape,1,1,0,0.5245964093530527,0.3555612936547959,0.3597413624195939,0.9683544303798024,0.0411730371415615,27.70774187552346,0.977484199316486,3.8436217123562,21.93627133311402,6.92268348045265,,1.6918073136427567,0.5583550905832247,1.4,3621.0902749990055,3699.17236328125,15311,5688,w/o query-canonical reliability
sample_2655,1,shallow,uniform,ellipsoid,ellipsoid,0,1,0,0.7850363808922928,0.6461398255440097,0.6526827985275477,0.9847222222222526,0.021764313802123,33.245099924253424,0.995551145676856,0.3811095607816078,1.2961481396815722,8.500644106078667,,0.5087301587301587,0.2604537041043071,0.7211102550927979,3258.260516999144,3699.17236328125,7604,5040,w/o query-canonical reliability
sample_2676,3,shallow,uniform,ellipsoid+sphere,mixed_two_shape,1,1,0,0.6489857628829224,0.4803692996367804,0.689189189189605,0.6132142857147461,0.0335072129964828,29.49723432262531,0.9811725698367314,4.564966442903172,6.148170459575759,1.5898188778772648,,0.1102380952380952,0.3634346788670123,1.3564659966250538,3269.2507050014683,3699.17236328125,7474,8400,w/o query-canonical reliability
sample_2682,2,medium,uniform,irregular,irregular,0,0,1,0.8307490308866354,0.7104967648790383,0.8845616137408397,0.7831083868687552,0.0265495609492063,31.51885311991832,0.9868838090111026,0.3035776217277346,12.44829305567635,2.826368896240233,,0.1146932280308834,0.2268206003518499,0.6000000000000001,3351.3988119993883,3699.17236328125,15021,16967,w/o query-canonical reliability
sample_2684,3,medium,uniform,ellipsoid+irregular,mixed_two_shape,0,1,1,0.8529893909870239,0.7436630352714143,0.892954280533679,0.8164485759963193,0.0292255748063325,30.684738506885022,0.988330032162684,1.3278277400914404,3.2310988842807027,3.063860980441218,,0.0856770679140268,0.1716800483841664,0.447213595499958,3253.393066999706,3699.17236328125,15442,16889,w/o query-canonical reliability
sample_2698,2,deep,uniform,ellipsoid,ellipsoid,0,1,0,0.8193460812087409,0.6939765058736846,0.9360167206041424,0.7285369437448947,0.0273692943155765,31.254727776313228,0.9908206533751178,0.5167323419335597,4.204759208325728,2.147461373233452,,0.2216624685138539,0.247945664659574,0.8246211251235323,3456.752032998338,3699.17236328125,14832,19056,w/o query-canonical reliability
sample_2702,2,deep,uniform,ellipsoid+irregular,mixed_two_shape,0,1,1,0.6969108218382583,0.5348143730437829,0.5757624398080646,0.8826279527561943,0.0242447033524513,32.30766269326211,0.991289453954408,2.999881519882757,11.281843820936365,4.119632549654722,,0.5329724409448819,0.2957041371489612,0.894427190999916,3607.34487100126,3699.17236328125,6230,4064,w/o query-canonical reliability
sample_2711,3,deep,uniform,ellipsoid+sphere,mixed_two_shape,1,1,0,0.754190882520995,0.6053823751485248,0.799103011319286,0.7140585241732099,0.0353957973420619,29.020966634392984,0.9810290765533162,1.9286067661449884,14.80945643837072,2.646708054015654,,0.1064249363867684,0.3195335565688519,1.0954451150103324,3228.9891289983643,3699.17236328125,14047,15720,w/o query-canonical reliability
sample_2719,1,shallow,uniform,ellipsoid,ellipsoid,0,1,0,0.8647353285760653,0.7617037245522452,0.8169651841418625,0.9184389140272416,0.0219290480017662,33.17960510601018,0.9924840161137106,0.0551711537895427,2.56124969497314,4.193330110859173,,0.1242081447963801,0.1743596875433532,0.5656854249492381,3232.00558300232,3699.17236328125,9938,8840,w/o query-canonical reliability
sample_2741,3,medium,uniform,ellipsoid+sphere,mixed_two_shape,1,1,0,0.7991863303499597,0.6655373356825685,0.8938842373499327,0.7226309593880793,0.0244295503944158,32.24168972169422,0.9882779640379036,0.5851433033433401,3.117691453623979,2.166667794177748,,0.1915832842848734,0.2389974324179015,0.8717797887081349,3220.615608999651,3699.17236328125,10988,13592,w/o query-canonical reliability
sample_2745,2,medium,uniform,irregular+sphere,mixed_two_shape,1,0,1,0.8779073980147251,0.7823840888547302,0.9829628427714052,0.7931395653315094,0.0156830083578825,36.09141298957255,0.9948377575497772,0.9665567551589967,15.091719583930788,3.209468997658815,,0.1931133804660906,0.1130798266446712,0.3464101615137755,3222.888847001741,3699.17236328125,6163,7638,w/o query-canonical reliability
sample_2747,2,shallow,uniform,irregular+sphere,mixed_two_shape,1,0,1,0.7306434023992364,0.5756013745707168,0.8897304741295596,0.6198177208253136,0.0298751387745142,30.493801256678164,0.9905849762611908,0.8059653029909023,11.617228585166089,1.835624807770784,,0.3033646268758994,0.338803937034192,0.8246211251235323,3401.5915019990643,3699.17236328125,10166,14593,w/o query-canonical reliability
sample_2751,2,medium,uniform,sphere,sphere,1,0,0,0.8161960575387234,0.689468946894969,0.7490709955019077,0.8965355805244656,0.0230079460889101,32.76244226517892,0.991267246073816,0.1298265949251665,13.316155601373843,4.134685669500927,,0.1968632958801498,0.1978726226655908,0.4898979485566356,3633.658212998853,3699.17236328125,10226,8544,w/o query-canonical reliability
sample_2759,1,medium,uniform,irregular,irregular,0,0,1,0.8919385796545625,0.8049540966570198,0.8617524339361504,0.9243162605669574,0.0200400054454803,33.962043362823906,0.9950863282404118,0.203933525249906,3.627671429443411,4.45107420398349,,0.0726006961710591,0.137610177334563,0.4,3460.480911999184,3699.17236328125,10785,10055,w/o query-canonical reliability
sample_2769,3,shallow,uniform,ellipsoid+sphere,mixed_two_shape,1,1,0,0.5374989973531975,0.3675204299899262,0.7355653128433198,0.423470677452336,0.0335669219493866,29.481769392007475,0.9880512612565774,0.9406589271911888,13.689411966918083,1.354493195088299,,0.4242922143579373,0.5825669027019093,1.456021977856104,3419.757742998627,3699.17236328125,9110,15824,w/o query-canonical reliability
sample_2771,1,shallow,uniform,ellipsoid,ellipsoid,0,1,0,0.9254630952690432,0.861266924564864,0.936878649203126,0.9143223819302287,0.0231301747262477,32.716421226980025,0.9945495002842788,0.3251889370818716,4.395452195167183,3.7565569592503785,,0.0240759753593429,0.1178832736871359,0.447213595499958,3409.131807002268,3699.17236328125,19011,19480,w/o query-canonical reliability
sample_2784,1,deep,uniform,sphere,sphere,1,0,0,0.7514897188420047,0.6019091153541248,0.6147192091176511,0.9665371329879824,0.0223704185336828,33.00651753232649,0.9928100200072434,0.2930087073241048,1.661324772583615,6.230398910974078,,0.5723229706390328,0.3028764570035254,0.7483314773547883,3390.966900999046,3699.17236328125,7283,4632,w/o query-canonical reliability
sample_2799,3,medium,uniform,ellipsoid+sphere,mixed_two_shape,1,1,0,0.8106925700727381,0.6816509757468161,0.8108128151885117,0.810572360616985,0.0312048941850662,30.11554557723712,0.9904404669353948,0.2165246468567055,19.456618411224497,2.3419821964015424,,0.0002965599051008,0.2739584250216468,1.2961481396815722,3432.6726010003767,3699.17236328125,13484,13488,w/o query-canonical reliability
sample_2804,2,medium,uniform,irregular+sphere,mixed_two_shape,1,0,1,0.7896623278627666,0.6524314214466549,0.8742690058480845,0.71998624011032,0.0283262822777032,30.956208423078863,0.9903303677863656,3.3655833313143946,2.505992817228334,2.493482333298992,,0.1764705882352941,0.2442671858906218,0.632455532033676,3400.562999002432,3699.17236328125,9576,11628,w/o query-canonical reliability
sample_2833,3,medium,uniform,irregular+sphere,mixed_two_shape,1,0,1,0.7237498549717347,0.5670909090913026,0.6340719658470887,0.8429729729731852,0.0301897972822189,30.40279628628688,0.9874618294189051,1.3196781370213653,15.86190404711868,2.3379372766446957,,0.3294594594594595,0.3799929900549796,1.7204650534085255,3299.2208169998776,3699.17236328125,9838,7400,w/o query-canonical reliability
sample_2844,2,medium,uniform,ellipsoid+irregular,mixed_two_shape,0,1,1,0.8000781708032831,0.6667752442998913,0.8827080638207135,0.7315939957114141,0.0300960186868906,30.429819024881574,0.9882770758051508,1.4895479150186008,1.2961481396815722,2.335163246234376,,0.171193709792709,0.2385905654438652,0.7211102550927979,3247.901322996768,3699.17236328125,11595,13990,w/o query-canonical reliability
sample_2850,3,deep,uniform,ellipsoid+irregular,mixed_two_shape,0,1,1,0.7838448189792988,0.6445269741987316,0.7333422293391454,0.8418177176411326,0.0363419093191623,28.791845440418957,0.982318440219061,1.3153304480392969,10.573551910309044,3.3744002517329617,,0.1479193260148072,0.2801553776429424,0.894427190999916,3318.230842000048,3699.17236328125,22482,19585,w/o query-canonical reliability
sample_2872,1,medium,uniform,irregular,irregular,0,0,1,0.731165184838716,0.5762493085012205,0.5765682656830474,0.999040920716114,0.0288278479129076,30.803755560802564,0.9923320199872228,0.2384420934023358,3.492849839314596,11.681174782784344,,0.7327365728900256,0.368446136380701,0.8246211251235323,3280.3654430026654,3699.17236328125,10840,6256,w/o query-canonical reliability
sample_2873,2,shallow,uniform,irregular,irregular,0,0,1,0.4494311983797339,0.2898492462318695,0.2944359367031194,0.9489963803884536,0.0329913683235645,29.631993123734507,0.9869941086391256,1.5010807356863165,2.668332812825267,5.918131690367662,,2.2230997038499507,0.6429018167700498,1.1313708498984762,3244.125362998602,3699.17236328125,9795,3039,w/o query-canonical reliability
sample_2874,1,medium,uniform,irregular,irregular,0,0,1,0.6640998217471201,0.497117847993705,0.497117847993705,1.0,0.0298379026353359,30.504634229197784,0.9934575643498376,0.1052827322631574,2.814249455894058,24.514235363547105,,1.01159544771312,0.4297206305861448,0.7483314773547883,3536.882944998069,3699.17236328125,9368,4657,w/o query-canonical reliability
sample_2887,2,shallow,uniform,ellipsoid+irregular,mixed_two_shape,0,1,1,0.8117497456765485,0.6831471255512679,0.8582876196623329,0.7699990350285777,0.0315189622342586,30.02856220615792,0.9873762362079416,2.3583237104515136,2.973213749463701,2.518822187264775,,0.1028659654540191,0.263103341402209,0.8246211251235323,3532.067345997348,3699.17236328125,18594,20726,w/o query-canonical reliability
sample_2909,2,deep,uniform,irregular,irregular,0,0,1,0.7337250182865592,0.5794357693885963,0.9416752468051957,0.6010050251257824,0.0401109978556633,27.934730379465044,0.9819102291002876,2.089043578411195,5.477225575051661,2.0169881973805914,,0.3617703904136065,0.4064309855334359,1.077032961426901,3431.6869430003862,3699.17236328125,16511,25870,w/o query-canonical reliability
sample_2932,2,medium,uniform,ellipsoid+sphere,mixed_two_shape,1,1,0,0.8119176518249137,0.6833849969003823,0.920962486423326,0.725961538461719,0.0296113081276416,30.570848020444288,0.9917981927600849,3.768632202895417,20.964732290205852,2.281149492448713,,0.211736037934668,0.2334185989741702,0.66332495807108,3381.8484140028886,3699.17236328125,11969,15184,w/o query-canonical reliability
sample_2934,1,deep,uniform,irregular,irregular,0,0,1,0.630542374611138,0.4604321907604616,1.0,0.4604321907604616,0.0392313227057457,28.127341031817355,0.9923804149826512,0.2257123358711496,3.9038442591886273,1.1439433368299177,,0.5395678092399404,0.5475336613413682,0.916515138991168,3330.0529120024294,3699.17236328125,6179,13420,w/o query-canonical reliability
sample_2936,1,deep,uniform,ellipsoid,ellipsoid,0,1,0,0.4313140356118259,0.2749524413452441,0.2749524413452441,1.0,0.0321604087948799,29.85356899507814,0.9918773666127756,0.5504507355649518,2.0591260281974,13.34522763200982,,2.636992619926199,0.7553015826341362,1.355724736118792,3364.2585089983186,3699.17236328125,7885,2168,w/o query-canonical reliability
sample_2945,3,deep,uniform,ellipsoid+sphere,mixed_two_shape,1,1,0,0.7686291869560509,0.6242061114444287,0.6457971733205482,0.9491618075802676,0.0229312926530838,32.79142912781917,0.990520942329275,2.236052952706566,20.47828117787233,6.134417506109319,,0.4697521865889212,0.1999725374649292,0.66332495807108,3343.412854999769,3699.17236328125,8066,5488,w/o query-canonical reliability
sample_2948,2,deep,uniform,ellipsoid+sphere,mixed_two_shape,1,1,0,0.8157953982620488,0.6888973384032784,0.706354775828689,0.9653665814152116,0.0267469733953475,31.45450707185984,0.9905496549886584,1.0651424334801485,17.84376641855637,6.585308314438255,,0.3666879795396419,0.2038090834766367,0.4898979485566356,3337.903249997908,3699.17236328125,12825,9384,w/o query-canonical reliability
sample_2951,1,shallow,uniform,irregular,irregular,0,0,1,0.5680481560924597,0.3966950135297674,0.3967716992080061,0.9995130265400548,0.0346278920769691,29.21147859784498,0.9918370102914984,0.2644964892155264,2.209072203437452,17.71064962296192,,1.5191137083028976,0.6025419704876848,1.077032961426901,3282.3411659992416,3699.17236328125,10346,4107,w/o query-canonical reliability
sample_2956,2,deep,uniform,ellipsoid+irregular,mixed_two_shape,0,1,1,0.7120908483636071,0.552904564315868,0.5735294117652157,0.9389312977100432,0.0260344967246055,31.689016244454056,0.9899446499433786,0.906293520226974,18.05436235373601,5.123649387223368,,0.637110980622431,0.2889211627880452,0.692820323027551,3317.2844130021986,3699.17236328125,8364,5109,w/o query-canonical reliability
sample_2961,2,medium,uniform,irregular,irregular,0,0,1,0.6168313296038467,0.4459552495701842,0.8366160800777581,0.4884992458526692,0.0354649499058723,29.00401249460635,0.9895279548555446,0.5695158764881461,7.884161337770809,1.4000703957670115,,0.4161010558069382,0.4132927355113193,1.3416407864998738,3397.768759001337,3699.17236328125,6194,10608,w/o query-canonical reliability
sample_2977,1,medium,uniform,irregular,irregular,0,0,1,0.6009324009327109,0.4295234921699105,0.9454767726162704,0.4404328018229607,0.0336934328079223,29.44909462567445,0.9944099025761778,0.5588206199630162,3.2186953878862163,1.0450419434997449,,0.5341685649202733,0.5228215392324453,1.077032961426901,3439.816718997463,3699.17236328125,4090,8780,w/o query-canonical reliability
sample_2987,3,deep,uniform,ellipsoid+sphere,mixed_two_shape,1,1,0,0.4382011116728458,0.2805746085160602,0.3877660525850583,0.5037174721195355,0.0383512750267982,28.324404089886546,0.98867209863135,0.9248188360445778,3.20624390837628,1.3586613381221793,,0.2990241635687732,0.6991079089036691,1.8000000000000005,3629.33270999929,3699.17236328125,11182,8608,w/o query-canonical reliability
sample_2993,3,deep,uniform,irregular+sphere,mixed_two_shape,1,0,1,0.7165629860032482,0.5583156619209646,0.6383789400765167,0.8165706690298885,0.029998468235135,30.45801834208354,0.9844391727806032,0.47945573224408,17.06809889823703,3.4893034110684327,,0.2791315906070004,0.2920717807809234,0.8485281374238571,3472.673134998331,3699.17236328125,11548,9028,w/o query-canonical reliability
sample_0002,1,shallow,uniform,ellipsoid,ellipsoid,0,1,0,0.8827673985181678,0.7901375213607371,0.7944039924733745,0.9932487725040986,0.0216683410108089,33.28348676475516,0.992606926746303,0.0393465525434787,3.358571124749333,7.74743170821313,,0.2503068739770867,0.157679866863075,0.447213595499958,4345.275440995465,3734.86083984375,12223,9776,w/o source-relative query cue
sample_0006,1,deep,uniform,sphere,sphere,1,0,0,0.8242175346899233,0.7009949195600116,0.7472639061268788,0.9188401775805788,0.0221080221235752,33.109002280386896,0.9931736585676696,0.1164495626893395,2.374868417407584,4.42520689322566,,0.2296059933407325,0.2189104147964629,0.6000000000000001,3616.611738005304,3734.61083984375,8863,7208,w/o source-relative query cue
sample_0022,2,shallow,uniform,irregular,irregular,0,0,1,0.5225935213144043,0.3537235885006208,0.3542635121075735,0.995709828393144,0.039686731994152,28.027093461121986,0.9861726259803664,0.483573771848055,15.371402018033358,10.438200097609185,,1.810647425897036,0.6010100921269387,1.2000000000000002,3621.148501013522,3734.98583984375,14413,5128,w/o source-relative query cue
sample_0032,1,shallow,uniform,irregular,irregular,0,0,1,0.7864261983864157,0.648025029331477,0.9619738751814592,0.6650612081077898,0.0332249067723751,29.570724053155644,0.9928663828075316,0.4898558373269747,3.0331501776206204,1.7295345137266172,,0.3086494079871563,0.3272442073786497,0.9797958971132712,3618.0283200083063,3735.36083984375,10335,14949,w/o source-relative query cue
sample_0038,2,deep,uniform,irregular+sphere,mixed_two_shape,1,0,1,0.7905653583003995,0.6536652176504176,0.7180610976648668,0.8793559240568138,0.0302915927022695,30.373558107771128,0.9856980737704,0.499716534300433,17.711013522664366,3.656652175438585,,0.2246254906673075,0.2911310915380478,0.8246211251235323,3595.057464001002,3734.17333984375,15287,12483,w/o source-relative query cue
sample_0079,2,medium,uniform,ellipsoid,ellipsoid,0,1,0,0.607258160947146,0.436016312513657,0.438028290495326,0.9895752143413976,0.0449128486216068,26.95258782708369,0.9807750817395195,0.7626404409378662,3.741657386773941,8.80910721557702,,1.2591582229150429,0.540147140098806,1.4696938456699071,3607.02510199917,3735.11083984375,23188,10264,w/o source-relative query cue
sample_0096,2,medium,uniform,ellipsoid+sphere,mixed_two_shape,1,1,0,0.699775411142614,0.538195798740994,0.5451518230051106,0.9768406148867548,0.0380425006151199,28.394618612497705,0.9825061226408516,1.1504175517057,2.785677655436824,6.891932033320826,,0.7918689320388349,0.3951186017085296,0.8717797887081349,3696.919909009012,3734.61083984375,17718,9888,w/o source-relative query cue
sample_0100,2,shallow,uniform,sphere,sphere,1,0,0,0.4066693777964552,0.255232261358786,0.255232261358786,1.0,0.0312278494238853,30.109158485560258,0.9913377483666604,0.4706171359680923,1.7204650534085255,14.734153991563266,,2.918,0.6395476711619192,1.1313708498984762,3621.714745007921,3734.98583984375,7836,2000,w/o source-relative query cue
sample_0108,1,deep,uniform,ellipsoid,ellipsoid,0,1,0,0.8518419749324349,0.7419204990379309,0.7806717408003766,0.9372904091214476,0.0262199472635984,31.6273631534194,0.990285296495428,0.321757007687786,2.7928480087537886,4.820703475140431,,0.2006203890006707,0.2217803210637076,0.6000000000000001,3782.911299000261,3735.36083984375,14321,11928,w/o source-relative query cue
sample_0113,3,medium,uniform,ellipsoid,ellipsoid,0,1,0,0.5749633314204611,0.4034726572993793,0.425885687293882,0.8846153846156111,0.0326222591102123,29.72971925212329,0.9857374616915192,3.3758031538102444,17.604544867732308,3.818470449202696,,1.0771193092621665,0.4439679070237977,1.0954451150103324,3623.196002998157,3734.17333984375,10585,5096,w/o source-relative query cue
sample_0122,3,deep,uniform,ellipsoid+sphere,mixed_two_shape,1,1,0,0.6620323223379845,0.4948044212062381,0.661768611135999,0.6622962437990234,0.0323968827724456,29.789935168692978,0.9882025872674082,0.7134578975916603,4.664761515876241,2.006407817514989,,0.000797306874557,0.3927917126238132,1.0954451150103324,3865.504510991741,3735.11083984375,11297,11288,w/o source-relative query cue
sample_0128,3,deep,uniform,ellipsoid+sphere,mixed_two_shape,1,1,0,0.8268130730978681,0.704758171215904,0.7900027464983301,0.8672214182345229,0.030250359326601,30.38538937647197,0.984150108949102,1.1815977752558555,3.334666400106613,3.851552790312565,,0.0977448142788229,0.2012598982591865,0.6000000000000001,3794.935155005078,3734.61083984375,18205,16584,w/o source-relative query cue
sample_0130,2,shallow,uniform,ellipsoid+sphere,mixed_two_shape,1,1,0,0.8289506636615146,0.7078699743373525,0.926133184107546,0.7502266545787054,0.0212164111435413,33.46656142655709,0.9943165557180018,0.4173945318936494,3.334666400106613,2.483359252030499,,0.1899365367180417,0.2024720620827003,0.5656854249492381,3687.838375000865,3734.98583984375,7148,8824,w/o source-relative query cue
sample_0158,1,medium,uniform,irregular,irregular,0,0,1,0.884015797131694,0.7921400633268911,0.9018235793047036,0.8668976763149879,0.0142472768202424,36.92536268694843,0.9975198285044748,0.1608464375657543,2.4819347291981715,3.382172791286913,,0.0387280880554423,0.1135880161029978,0.3464101615137755,3782.60087200033,3735.36083984375,4716,4906,w/o source-relative query cue
sample_0163,3,deep,uniform,ellipsoid+sphere,mixed_two_shape,1,1,0,0.7018994020402296,0.5407126405639203,0.5855340375589895,0.8759877085163783,0.0326798111200332,29.71440914618136,0.9862053017240564,1.159397694104808,21.11871208194288,3.8894295292369887,,0.4960491659350307,0.3202789429738413,0.8246211251235323,3761.403381999117,3734.17333984375,13632,9112,w/o source-relative query cue
sample_0180,1,medium,uniform,sphere,sphere,1,0,0,0.5102811582042871,0.3425352112682229,0.3425352112682229,1.0,0.0346659645438194,29.201933815075915,0.9896321873850028,0.2154949513012699,3.0133038346638723,21.117703258036546,,1.919407894736842,0.7143288901235416,1.264911064067352,3757.4923080101134,3735.11083984375,10650,3648,w/o source-relative query cue
sample_0187,3,medium,uniform,ellipsoid+sphere,mixed_two_shape,1,1,0,0.7449723112795599,0.5935903390619002,0.9824219750935363,0.5999624436656235,0.0409439131617546,27.756213521050967,0.9838520873589908,1.4669426776044223,12.232742946698425,1.8014740126735744,,0.3893027040560841,0.393686480594204,0.8717797887081349,3840.200185004505,3734.61083984375,19513,31952,w/o source-relative query cue
sample_0189,3,shallow,uniform,irregular+sphere,mixed_two_shape,1,0,1,0.8539826754324501,0.7451743155407992,0.8267591783217729,0.8830600455156193,0.0307806991040706,30.234430215092974,0.982983251865161,1.0109993315698484,12.009995836801943,3.55253006003328,,0.0680982669078601,0.2876223082826443,0.66332495807108,3808.614545007004,3734.98583984375,18304,17137,w/o source-relative query cue
sample_0192,3,medium,uniform,ellipsoid+irregular,mixed_two_shape,0,1,1,0.544220117920518,0.3738340697107425,0.395122583993128,0.874031563845231,0.039128191769123,28.1502044370211,0.9818594608742858,0.89410307917057,1.7435595774162698,3.883819507207651,,1.212051649928264,0.4655043575495511,1.077032961426901,3643.935810992844,3735.36083984375,15418,6970,w/o source-relative query cue
sample_0207,2,medium,uniform,irregular+sphere,mixed_two_shape,1,0,1,0.7413709127513259,0.5890304937827826,0.8879900435595146,0.6363078981106759,0.0373586304485797,28.552181450399967,0.9891143839036624,0.5068582873677969,7.008566187174092,1.7582246647065392,,0.2834290173345967,0.5280624332323656,1.1313708498984762,3635.62987500336,3734.17333984375,12856,17941,w/o source-relative query cue
sample_0234,3,deep,uniform,ellipsoid+sphere,mixed_two_shape,1,1,0,0.5802919708031385,0.4087403598976065,0.5228297632473479,0.651944704780164,0.0364514961838722,28.765693381540665,0.9822433764551536,1.99247314149079,2.9933259094191533,2.1891884378173208,,0.246954076850984,0.8001830260526043,3.4985711369071804,3605.925469993963,3735.11083984375,10644,8536,w/o source-relative query cue
sample_0240,2,deep,uniform,ellipsoid+sphere,mixed_two_shape,1,1,0,0.7940882917467201,0.658496211880271,0.9785241248817612,0.6681524547805762,0.0303867757320404,30.34630775989464,0.9921413538105784,0.5799147972341979,3.3526109228480423,2.202555075810237,,0.3171834625322997,0.2575229595424944,0.6000000000000001,3679.262277000817,3734.61083984375,10570,15480,w/o source-relative query cue
sample_0248,3,deep,uniform,irregular,irregular,0,0,1,0.8186073210580168,0.6929172117362389,0.9210094887972968,0.7366977945560355,0.0309685580432415,30.18158046146086,0.9858044602527553,1.2535734557649914,16.834488409215172,2.2014354050754688,,0.2001192131929267,0.2678249770587503,0.916515138991168,3617.411514002015,3734.98583984375,20129,25165,w/o source-relative query cue
sample_0260,3,medium,uniform,sphere,sphere,1,0,0,0.6141309214652036,0.4431377616958883,0.6033784972729163,0.6252735229762716,0.031709223985672,29.97628699197936,0.9858600840618266,1.014648056708856,7.378346698278688,1.7242122898447567,,0.036287381473377,0.4739551282036581,1.3114877048604,3622.356314008357,3735.36083984375,11366,10968,w/o source-relative query cue
sample_0276,2,shallow,uniform,irregular+sphere,mixed_two_shape,1,0,1,0.8276421821555872,0.7059638018003105,0.920438426821508,0.7518432694335876,0.0238770078867673,32.44040251326531,0.991036657223821,1.6905629860077651,10.753604047016053,2.967239976549877,,0.1831683168316831,0.1737542018410746,0.66332495807108,3694.5914219977567,3734.17333984375,7755,9494,w/o source-relative query cue
sample_0280,1,shallow,uniform,irregular,irregular,0,0,1,0.3010684438809889,0.1772104607731292,0.1772104607731292,1.0,0.0349463075399398,29.131974430784027,0.9906299192328212,0.3334958114786857,1.661324772583615,25.653140158435683,,4.643007730147575,0.9822796972266276,1.61245154965971,3684.901355009061,3735.11083984375,8030,1423,w/o source-relative query cue
sample_0290,3,medium,uniform,ellipsoid+irregular,mixed_two_shape,0,1,1,0.7108550805109277,0.5514159577907013,0.9009500351865756,0.5870013755160551,0.036318864673376,28.797354386229657,0.9854069727533862,1.2068633371718855,2.814249455894058,1.9307836103121965,,0.3484640073360843,0.3255267529798649,1.0954451150103324,3727.552519994788,3734.61083984375,11368,17448,w/o source-relative query cue
sample_0297,1,shallow,uniform,irregular,irregular,0,0,1,0.8458960883214539,0.7329462102691119,0.9422442244224876,0.7674240000001489,0.028442908078432,30.920519785293298,0.991588605036422,0.1796825504984763,4.422668877499197,2.535785075994503,,0.185536,0.225736410806543,0.6000000000000001,3641.4003029931337,3734.98583984375,12726,15625,w/o source-relative query cue
sample_0300,3,shallow,uniform,ellipsoid+irregular,mixed_two_shape,0,1,1,0.6345261903750332,0.4646930507949737,0.4869383490076495,0.9104896812798748,0.0407883375883102,27.789279468931262,0.9820050345549184,1.7291247677073065,9.85900603509299,4.462530059815803,,0.8698253755037245,0.4156459085649484,1.0,3684.9106989975553,3735.36083984375,15312,8189,w/o source-relative query cue
sample_0308,2,deep,uniform,irregular,irregular,0,0,1,0.80377079803649,0.6719203951193551,0.7829877274652705,0.8256872545521013,0.0281806010752916,31.000994888081937,0.9900030457414,2.403860732387492,16.41097193952875,3.2190295119437744,,0.0545340949660835,0.2175756988007874,0.6000000000000001,3667.289545992389,3734.17333984375,11815,11204,w/o source-relative query cue
sample_0322,2,deep,uniform,irregular+sphere,mixed_two_shape,1,0,1,0.6844764856489407,0.5203072983357131,0.537997140285157,0.9405610591612438,0.0391966328024864,28.13502508455602,0.9877632454810886,0.2256905320895969,1.7088007490635064,4.954593981120962,,0.7482640496250347,0.4279386501899003,0.916515138991168,3661.061321006855,3735.11083984375,18883,10801,w/o source-relative query cue
sample_0328,1,medium,uniform,irregular,irregular,0,0,1,0.8794249124079501,0.7847978436660001,0.8696535244923898,0.8894183773217382,0.0185871813446283,34.61572974178406,0.996130290152742,0.1599898771600427,3.0331501776206204,3.677448581101637,,0.0227272727272727,0.136864220258825,0.4,3792.347882001195,3734.61083984375,8370,8184,w/o source-relative query cue
sample_0335,1,shallow,uniform,ellipsoid,ellipsoid,0,1,0,0.765850838312039,0.620549656465302,0.6516890783869274,0.9285046728973632,0.0204709526151418,33.77723848708795,0.9946303732695444,0.5687241428610101,0.7211102550927979,4.764947210981472,,0.4247663551401869,0.2736311764725312,0.66332495807108,3702.645671000937,3734.98583984375,6098,4280,w/o source-relative query cue
sample_0347,2,deep,uniform,ellipsoid+irregular,mixed_two_shape,0,1,1,0.6089498538343385,0.437762689945643,0.4623790552083524,0.8915715539949702,0.0283744037151336,30.941464515544173,0.9901506304455022,0.8058604110117907,2.0976176963403037,3.7184273313518665,,0.9282265144863916,0.400810783875587,1.4,3642.4921639991226,3735.36083984375,8785,4556,w/o source-relative query cue
sample_0350,3,shallow,uniform,sphere,sphere,1,0,0,0.621773288440341,0.4511400651473924,0.5543023467353932,0.7079460966549537,0.0227327719330787,32.86695257655097,0.9902215487726478,1.9920815448674285,23.119688579217502,2.236374002622396,,0.2771840148698885,0.4365842499774445,2.202721661031237,3697.0359639963135,3734.17333984375,5497,4304,w/o source-relative query cue
sample_0378,2,deep,uniform,ellipsoid+sphere,mixed_two_shape,1,1,0,0.7341473341474424,0.579962703363398,0.7152260111025256,0.7540969899667608,0.0295403450727462,30.59168849550905,0.9874436338385588,0.786088737283481,2.8913664589601926,2.61244571311297,,0.0543478260869565,0.3467939866818174,1.0954451150103324,3682.0662789978087,3735.11083984375,12610,11960,w/o source-relative query cue
sample_0382,2,shallow,uniform,irregular+sphere,mixed_two_shape,1,0,1,0.6288182659675803,0.4585958595865677,0.4591124127061735,0.9975526186979992,0.0286080930382013,30.870222240748213,0.9908539214609154,0.0914194051592712,21.49139362628678,8.695037079520684,,1.172785119921684,0.3776680892012469,0.7483314773547883,3685.3296249901177,3734.61083984375,8878,4086,w/o source-relative query cue
sample_0386,3,deep,uniform,irregular+sphere,mixed_two_shape,1,0,1,0.6654475714733217,0.4986297707375852,0.5868009124521459,0.7684384013187386,0.0362512245774269,28.81354628886619,0.9844217821144982,1.5018986549570092,9.064215354899728,2.661283347533421,,0.3095385249278945,0.361568745517595,1.019803902718557,3670.281908998732,3734.98583984375,12713,9708,w/o source-relative query cue
sample_0396,3,deep,uniform,ellipsoid,ellipsoid,0,1,0,0.6504278606966566,0.4819511619679827,0.6490587020417435,0.6518028079134877,0.0325680710375309,29.74415966009922,0.9863433433265372,0.7897788088420998,3.2310988842807027,1.550606942230235,,0.0042278238672622,0.6390948554941833,3.130495168499705,3697.916805002024,3735.36083984375,12589,12536,w/o source-relative query cue
sample_0397,3,medium,uniform,ellipsoid,ellipsoid,0,1,0,0.7605737403458132,0.6136498516323022,0.9025312772767892,0.6572033898307506,0.0285741761326789,30.880525396066624,0.9910674484346732,0.3963046679857552,4.440720662234904,1.8748823256876213,,0.271822033898305,0.3675321058166914,1.1661903789690602,3611.216216988396,3734.17333984375,10311,14160,w/o source-relative query cue
sample_0401,3,deep,uniform,irregular+sphere,mixed_two_shape,1,0,1,0.6172573435505998,0.4464007389023573,0.4695773621572324,0.900442477876222,0.0390194244682788,28.174382349558435,0.9792506235998676,2.377269259295442,12.78436545159751,3.986402879872241,,0.9175593851886352,0.6053303047651819,1.886796226411321,3661.049545989954,3735.11083984375,16468,8588,w/o source-relative query cue
sample_0409,2,medium,uniform,irregular+sphere,mixed_two_shape,1,0,1,0.5364339557572368,0.3665252810884221,0.3665746414387135,0.9996327579875144,0.039088986814022,28.15891200233708,0.9839335932818712,1.6448753294120435,2.4494897427831783,10.666160699840384,,1.726955563716489,0.6138897181488573,1.2328828005937953,3744.451107006171,3734.61083984375,14851,5446,w/o source-relative query cue
sample_0418,3,medium,uniform,ellipsoid+sphere,mixed_two_shape,1,1,0,0.4775009297141339,0.3136297020037694,0.3494828524777497,0.7535211267612866,0.0304499138146638,30.32827896229912,0.9901158848329384,1.5984887541834345,13.152946437965907,1.809747212564614,,1.1561032863849765,0.6271334557348269,1.7204650534085255,3675.1758589962265,3734.98583984375,7348,3408,w/o source-relative query cue
sample_0436,2,medium,uniform,irregular,irregular,0,0,1,0.435943443623458,0.2787261380329673,0.2800627074886757,0.9831660731628904,0.0351037830114364,29.09292210738574,0.9874898894820464,1.272071385289929,1.9595917942265424,7.539100622177093,,2.5105212042732274,0.6495366070486005,1.0954451150103324,3684.424888007925,3735.36083984375,10844,3089,w/o source-relative query cue
sample_0438,2,shallow,uniform,ellipsoid+sphere,mixed_two_shape,1,1,0,0.7468929076432634,0.5960327829913338,0.6109825885795556,0.96056661562029,0.0249736625701189,32.05035502299192,0.9898445889147436,0.4811256181822699,8.438009243891594,6.268748601472318,,0.572166921898928,0.2590680079447149,0.7483314773547883,3679.704464011593,3734.17333984375,8213,5224,w/o source-relative query cue
sample_0447,1,shallow,uniform,sphere,sphere,1,0,0,0.8600331937091125,0.7544370493625147,0.7627926538626626,0.9856884057971274,0.017632246017456,35.07384716294511,0.995411744111586,0.240471251563409,1.886796226411321,7.943144401094617,,0.2922101449275362,0.1627402786019774,0.447213595499958,3670.2100289985538,3735.11083984375,7133,5520,w/o source-relative query cue
sample_0449,2,deep,uniform,sphere,sphere,1,0,0,0.844355620155133,0.7306362016562932,0.7454020530370558,0.973603351955344,0.0215886421501636,33.31549358619433,0.9909919934018792,0.7218601311802049,10.86830253535482,6.273117653799912,,0.306145251396648,0.1772290566201464,0.632455532033676,3622.000322007807,3734.61083984375,9352,7160,w/o source-relative query cue
sample_0456,3,medium,uniform,ellipsoid+sphere,mixed_two_shape,1,1,0,0.5505124450953678,0.3797979797983594,0.9430004559964388,0.3887218045116611,0.0429154448211193,27.34772704359138,0.989348590876394,0.680361529107672,2.6758176320519307,1.2099940488510386,,0.5877819548872181,0.6037440593422166,1.8000000000000005,3604.239724008949,3734.98583984375,6579,15960,w/o source-relative query cue
sample_0458,1,deep,uniform,irregular,irregular,0,0,1,0.8276464053326237,0.7059699472049465,0.7288609364084851,0.9574077473839592,0.0202847551554441,33.85660512671157,0.9963667717641634,0.1641358312722761,1.148912529307606,5.539157493211675,,0.3135671011565999,0.1982114761049744,0.6000000000000001,3621.5726069931407,3735.36083984375,7155,5447,w/o source-relative query cue
sample_0469,3,shallow,uniform,ellipsoid+sphere,mixed_two_shape,1,1,0,0.7072636815921854,0.5471059113303978,0.7191420477542299,0.695771339076257,0.0331519395112991,29.58982080901152,0.98894981133382,1.286172481631224,10.401922899156675,2.225132747544183,,0.0324980422866092,0.3044566862618275,0.8485281374238571,3610.527336000814,3734.17333984375,9884,10216,w/o source-relative query cue
sample_0472,1,shallow,uniform,ellipsoid,ellipsoid,0,1,0,0.9113282123946934,0.8371009727361028,0.8900218499636635,0.9336797066015176,0.0217144414782524,33.26502677241227,0.992955520764166,0.0646929042830262,3.40587727318528,4.867322702902601,,0.0490525672371638,0.1162858674256116,0.3464101615137755,3613.780244006193,3735.11083984375,13730,13088,w/o source-relative query cue
sample_0473,3,medium,uniform,ellipsoid+irregular,mixed_two_shape,0,1,1,0.7040393057066957,0.5432566811687115,0.6355242111388428,0.7891125756073042,0.0350244604051113,29.11257106534413,0.9805449323306376,0.8342054347945705,9.312357381458254,2.989274583062198,,0.2416719328337997,0.3706186001441406,1.0,3742.791244003456,3734.61083984375,13754,11077,w/o source-relative query cue
sample_0511,2,deep,uniform,ellipsoid+irregular,mixed_two_shape,0,1,1,0.7116238760699212,0.5523417136134261,0.6442090811026339,0.7947973381732669,0.0297804083675146,30.521386940976456,0.9895668070109253,3.6677902837330416,10.41537325303323,2.921211698024368,,0.2337568058076225,0.3185662176862458,0.632455532033676,3627.746115002082,3734.98583984375,10197,8265,w/o source-relative query cue
sample_0521,3,medium,uniform,ellipsoid+sphere,mixed_two_shape,1,1,0,0.7382819461772686,0.5851401935167843,0.6376019701403436,0.8767195767197072,0.0286085344851017,30.87008790808153,0.9884179579165804,0.9444381389426152,16.485144827995903,3.904091787078825,,0.375026455026455,0.3193975612688629,0.7211102550927979,3615.850910995505,3735.36083984375,12994,9450,w/o source-relative query cue
sample_0525,3,medium,uniform,ellipsoid+irregular,mixed_two_shape,0,1,1,0.6134003998196857,0.4423774532606804,0.542056074766877,0.706371602555018,0.0301936659961938,30.40168297507179,0.9887535156151244,6.3081980837477065,1.3564659966250538,1.8129258205364012,,0.3031338185058666,0.4252419123054011,1.077032961426901,3688.711943003,3734.17333984375,8774,6733,w/o source-relative query cue
sample_0535,2,medium,uniform,ellipsoid+sphere,mixed_two_shape,1,1,0,0.7823598372526783,0.6425213796230149,0.6862033508741994,0.9098564439811454,0.0325806997716426,29.740792303342648,0.988646730750269,0.1421566199179967,3.9089640571384128,4.035772393683465,,0.3259283021894298,0.3241008125727421,0.894427190999916,3642.34728399606,3735.11083984375,16533,12469,w/o source-relative query cue
sample_0536,2,deep,uniform,sphere,sphere,1,0,0,0.8155055768880823,0.6884841000313546,0.7440774107445044,0.9021035598707482,0.0184292662888765,34.68983923155406,0.9935693708970812,2.0779566543398613,18.621492958406964,4.69559290079973,,0.212378640776699,0.1679171945406229,0.5656854249492381,3727.51856900868,3734.61083984375,5994,4944,w/o source-relative query cue
sample_0541,1,shallow,uniform,irregular,irregular,0,0,1,0.7375062737508156,0.5841662880513582,0.5863641546008592,0.993624420401867,0.0246963575482368,32.147342066175256,0.993184060463978,0.2433696920151189,2.6305892875931813,9.80274730796656,,0.6945517774343122,0.3204650384356588,0.6000000000000001,3706.005059997551,3734.98583984375,8771,5176,w/o source-relative query cue
sample_0566,3,medium,uniform,irregular+sphere,mixed_two_shape,1,0,1,0.5736973248269288,0.4022269149551153,0.4678456591642248,0.741453747611479,0.0507465451955795,25.891870591813976,0.9817078764336568,0.6713833917416282,5.418486873657627,2.0941033579026085,,0.584825536131361,0.5626112487305096,1.833030277982336,3739.872752994416,3735.36083984375,22392,14129,w/o source-relative query cue
sample_0585,2,deep,uniform,ellipsoid+sphere,mixed_two_shape,1,1,0,0.6088900177802342,0.4377008472104603,0.9758996906041754,0.4424837566454204,0.0320635959506034,29.87975574046605,0.9885479788326972,3.5109787652892046,2.545584412271571,1.5125348824633644,,0.5465888954518606,0.4676164421007904,0.8246211251235323,3730.966057992191,3734.17333984375,6141,13544,w/o source-relative query cue
sample_0603,1,medium,uniform,irregular,irregular,0,0,1,0.8179299103505472,0.6919470490901893,0.7023420733416978,0.9790582726327016,0.0241382643580436,32.34587978174502,0.9939403756643264,0.176853140317815,3.538361202590827,7.2744839116391935,,0.393990634755463,0.238743340115546,0.632455532033676,3698.1563419976737,3735.11083984375,10717,7688,w/o source-relative query cue
sample_0610,2,medium,uniform,sphere,sphere,1,0,0,0.6652253450858333,0.4983802641419566,0.5384546351973988,0.8700696055686339,0.0319037027657032,29.923178121935045,0.9886243715526676,0.3249696836514884,6.98856208386246,3.621743655666778,,0.6158642691415314,0.4353480025498458,1.63707055437449,3693.6388820031434,3734.61083984375,11143,6896,w/o source-relative query cue
sample_0626,3,shallow,uniform,ellipsoid+sphere,mixed_two_shape,1,1,0,0.5944092575838876,0.4228892803906878,0.4308000276113544,0.9583845208845848,0.0367511995136737,28.69456937866732,0.983113430949293,0.9364137050495708,11.421033228215387,5.834660402455141,,1.224662162162162,0.469203232514491,1.077032961426901,3695.704598998418,3734.98583984375,14487,6512,w/o source-relative query cue
sample_0633,2,medium,uniform,irregular+sphere,mixed_two_shape,1,0,1,0.5723796842309564,0.4009327115264477,0.4459759893294116,0.7987788691271601,0.0279947444796562,31.05846971812923,0.992129735315188,3.053698044064248,18.34448145901105,2.4472314830071022,,0.7910804353597026,0.4269912486908317,0.8485281374238571,3664.530772002763,3735.36083984375,6747,3767,w/o source-relative query cue
sample_0646,3,deep,uniform,ellipsoid+irregular,mixed_two_shape,0,1,1,0.7947404844291605,0.6593936610016389,0.7476562500002191,0.848153618907092,0.0265068281441926,31.532844653935346,0.9894564946317698,1.0909009114139716,21.37381575666825,3.368952780566606,,0.1344165435745938,0.2128816570391573,0.6000000000000001,3722.763327008579,3734.17333984375,11520,10155,w/o source-relative query cue
sample_0647,3,deep,uniform,ellipsoid+irregular+sphere,mixed_three_shape,1,1,1,0.7441032487762496,0.5924875974488806,0.8278718041053044,0.675729296789128,0.033267818391323,29.55951349453469,0.9867328629340978,1.1774824916754427,3.6551333764994136,2.097530984006968,,0.1837754427217282,0.4439762722805916,2.6,3699.946658001864,3735.11083984375,11108,13609,w/o source-relative query cue
sample_0652,3,medium,uniform,ellipsoid+irregular+sphere,mixed_three_shape,1,1,1,0.6673861579168405,0.5008098646744863,0.6919078899879507,0.6445430704057262,0.0367448776960372,28.69606372410926,0.985682282499245,0.750819980647172,1.3564659966250538,1.5673259127913637,,0.0684553829601237,0.599893785210801,2.885118526936551,3851.897024011123,3734.61083984375,13853,14871,w/o source-relative query cue
sample_0661,1,medium,uniform,irregular,irregular,0,0,1,0.7276955995907862,0.5719508628257005,0.572201901975441,0.9992335206949422,0.0320947282016277,29.871326371163654,0.9917652297621056,0.1796961940672241,1.4422205101855958,14.576216589609896,,0.7462953500255494,0.3765213087544322,0.7483314773547883,3838.952167992829,3734.98583984375,13670,7828,w/o source-relative query cue
sample_0666,1,deep,uniform,ellipsoid,ellipsoid,0,1,0,0.5106163942867644,0.3428373941598904,0.3428373941598904,1.0,0.0366583317518234,28.71654593597336,0.98957443235938,0.3896212222317649,2.4738633753705965,19.69763365500115,,1.9168346774193548,0.7367381324730263,1.385640646055102,3785.4718399903504,3735.36083984375,11574,3968,w/o source-relative query cue
sample_0674,3,shallow,uniform,ellipsoid+irregular,mixed_two_shape,0,1,1,0.8570718575274976,0.7498912885927309,0.8062178588126803,0.9147732295995804,0.0239539798349142,32.41244618606902,0.9859758039102844,1.6805987967160056,16.853486286225767,5.21141789810032,,0.1346476880912386,0.1576335275541284,0.447213595499958,3785.748308000621,3734.17333984375,12834,11311,w/o source-relative query cue
sample_0676,3,medium,uniform,irregular+sphere,mixed_two_shape,1,0,1,0.7619807598529228,0.6154837785578919,0.863805407578788,0.681630710660151,0.0234253033995628,32.60629583558834,0.9916780344219754,0.3029518054841206,5.803447251418763,1.955517392948522,,0.2108978426395939,0.2873835077842351,1.2312497711403745,3700.575859998935,3735.11083984375,9949,12608,w/o source-relative query cue
sample_0681,3,medium,uniform,ellipsoid+irregular+sphere,mixed_three_shape,1,1,1,0.7726173813462996,0.6294837238235386,0.8122533609793243,0.7366696997271843,0.0328639410436153,29.665606986194707,0.9854132745924624,1.320525574676075,9.16951470907812,2.346182573607926,,0.0930542917804064,0.4180338637834249,0.916515138991168,3680.173780987389,3734.61083984375,14951,16485,w/o source-relative query cue
sample_0712,2,shallow,uniform,irregular+sphere,mixed_two_shape,1,0,1,0.4589410158779661,0.2978088578095125,0.3368487660838041,0.7198557583959435,0.0333840958774089,29.529208356896408,0.9890667326885344,0.4636310922785606,1.833030277982336,2.58221071269154,,1.1370295244534596,0.5797523644561611,1.385640646055102,3755.705661998945,3734.98583984375,9482,4437,w/o source-relative query cue
sample_0751,3,shallow,uniform,irregular+sphere,mixed_two_shape,1,0,1,0.8094295717983148,0.6798670222483177,0.8560257589697075,0.7676442684487202,0.0358953922986984,28.899225493294104,0.9815082598593824,0.5617018908106749,15.72513910908263,2.7689669511519384,,0.1032462979004248,0.2537162241946358,0.7483314773547883,3833.340480996412,3735.36083984375,21740,24243,w/o source-relative query cue
sample_0761,1,deep,uniform,sphere,sphere,1,0,0,0.7315634218290771,0.5767441860469305,0.5769725769729958,0.9993141289437596,0.0268650986254215,31.416231481630803,0.9917812922891688,0.1318746109282261,2.56124969497314,12.559243488533353,,0.7319958847736625,0.3717194654710886,0.8,3870.266420999542,3734.17333984375,10101,5832,w/o source-relative query cue
sample_0777,2,medium,uniform,ellipsoid+irregular,mixed_two_shape,0,1,1,0.8766653647528801,0.7804133668148424,0.936488804413362,0.8240261064655011,0.0335866250097751,29.47667287387273,0.9881570657377922,0.1481206635973784,5.688585061331158,3.003114987412036,,0.1200897409749133,0.1682090584203713,0.6000000000000001,3648.433351001586,3735.11083984375,21571,24515,w/o source-relative query cue
sample_0778,1,deep,uniform,ellipsoid,ellipsoid,0,1,0,0.7604276903989489,0.6134597268019233,1.0,0.6134597268019233,0.0341154187917709,29.34098615273773,0.9923928102569798,0.1782220874344015,2.80713376952364,1.8355278487191184,,0.3865402731983043,0.3835397302071719,0.8,3666.297181000118,3734.61083984375,10419,16984,w/o source-relative query cue
sample_0791,1,medium,uniform,sphere,sphere,1,0,0,0.9020391843263674,0.8215586307359404,0.9800173761946568,0.83555555555586,0.0135501660406589,37.36110762750262,0.9978798089571478,0.1641477876945347,2.12602916254693,3.078783685302853,,0.1474074074074074,0.0966172310037101,0.282842712474619,3755.303557991283,3734.98583984375,4604,5400,w/o source-relative query cue
sample_0796,1,deep,uniform,ellipsoid,ellipsoid,0,1,0,0.9299302687699345,0.8690370745288257,0.9378669944012864,0.9221267454351206,0.0149573488160967,36.50290738513402,0.9963975403284012,0.1433852997944935,4.4810713004816165,4.514500415983805,,0.0167830290010741,0.0768736533979143,0.282842712474619,3773.359138998785,3735.36083984375,7323,7448,w/o source-relative query cue
sample_0807,1,medium,uniform,ellipsoid,ellipsoid,0,1,0,0.688488210818524,0.5249576988160691,0.5296628254379752,0.9833597464342644,0.0278151929378509,31.114358396671555,0.99183715414174,0.3517338441421871,3.5496478698597698,7.650006686541853,,0.8565768621236133,0.416717036081407,0.8717797887081349,3798.387897011708,3734.17333984375,9372,5048,w/o source-relative query cue
sample_0817,1,shallow,uniform,sphere,sphere,1,0,0,0.6281615704042769,0.457897633462496,0.457897633462496,1.0,0.025846280157566,31.75203933093213,0.9922603606531224,0.1343549692701884,1.876166303929372,16.95511975324814,,1.1838942307692308,0.456533569592219,0.8485281374238571,3841.514259998803,3735.11083984375,7268,3328,w/o source-relative query cue
sample_0823,1,deep,uniform,irregular,irregular,0,0,1,0.6656710226095558,0.498880736227149,0.9926998267755596,0.5007177182802841,0.0390936397016048,28.15787846896167,0.9912435704482888,0.1802184993015013,3.944616584663205,1.4411363377525503,,0.4956000748923422,0.5480394105656838,1.1832159566199232,3775.329933996545,3734.61083984375,8082,16023,w/o source-relative query cue
sample_0858,3,deep,uniform,ellipsoid+irregular,mixed_two_shape,0,1,1,0.7753471953828103,0.6331159267832388,0.8169182321642866,0.7378021870250882,0.0314983949065208,30.034232169371364,0.981319834955598,0.5956773192155564,2.638181191654584,2.713398745388968,,0.0968469572892659,0.2825022964249327,0.916515138991168,3819.2923809983768,3734.98583984375,18418,20393,w/o source-relative query cue
sample_0860,3,deep,uniform,ellipsoid+sphere,mixed_two_shape,1,1,0,0.7656556615141785,0.6202934121717966,0.7916281056454819,0.7413333333335058,0.031344573944807,30.07675244585,0.9856410882742044,1.6184975042674925,16.598795136997143,2.212707747054317,,0.0635333333333333,0.3134619186204138,1.019803902718557,3632.144035989768,3735.36083984375,14047,15000,w/o source-relative query cue
sample_0867,3,medium,uniform,ellipsoid+irregular,mixed_two_shape,0,1,1,0.5399769655090199,0.3698414016443702,0.922535211267686,0.3816950895537828,0.0475597791373729,26.45520270589016,0.9842305287352072,1.0711179275501848,10.09752444909147,1.1074534546017214,,0.5862541777358814,1.1752482064522054,5.253570214625479,3635.979215992848,3734.17333984375,9656,23338,w/o source-relative query cue
sample_0870,3,shallow,uniform,ellipsoid+sphere,mixed_two_shape,1,1,0,0.481706688653261,0.3172685310892497,0.576325524044912,0.4137747875359296,0.0377469211816787,28.46236877714061,0.9883893797773744,3.536067540397457,2.513961017995307,0.9165149859680908,,0.2820467422096317,0.9724423649502502,3.824656096231826,3647.121531990706,3735.11083984375,8110,11296,w/o source-relative query cue
sample_0875,3,shallow,uniform,sphere,sphere,1,0,0,0.7264187866929123,0.5703749231718585,0.5981033054050289,0.9248291571755056,0.0280350353568792,31.045978152030905,0.9859347807137931,2.0958015621368045,1.854723699099141,5.090829191372037,,0.5462699316628702,0.2671418858644644,0.7211102550927979,3645.585521007888,3734.61083984375,10861,7024,w/o source-relative query cue
sample_0881,3,deep,uniform,ellipsoid+irregular,mixed_two_shape,0,1,1,0.7361873990307479,0.5825131023905208,0.7821833161689915,0.6953005797987125,0.0459301806986331,26.75803683867269,0.982611702557284,0.2954512273958071,6.968500556073739,1.8985806759873851,,0.1110772047604516,0.3671173763395373,1.2806248474865698,3667.8039749967866,3734.98583984375,23304,26216,w/o source-relative query cue
sample_0895,2,deep,uniform,sphere,sphere,1,0,0,0.8684326181629836,0.7674599251466935,0.8551420253364898,0.8821428571429528,0.0232995133846998,32.65306328964416,0.9925424704189176,2.6103830248621165,3.3645207682521443,3.923449302258673,,0.0315746753246753,0.1515601049309828,0.4898979485566356,3691.276387005928,3735.36083984375,12709,12320,w/o source-relative query cue
sample_0911,2,medium,uniform,irregular+sphere,mixed_two_shape,1,0,1,0.6895765836220111,0.5262242531716252,0.9988995339202492,0.5265294980722945,0.0498918890953063,26.039401294702262,0.9827636075296194,1.1134154427849416,4.707440918375928,1.5854003130971683,,0.4728904357320777,0.500026249033736,0.894427190999916,3675.244238009327,3734.17333984375,15448,29307,w/o source-relative query cue
sample_0913,2,shallow,uniform,ellipsoid,ellipsoid,0,1,0,0.5010357012309608,0.3342545927496876,0.3342545927496876,1.0,0.0388831160962581,28.204778347378856,0.9860555091736644,1.1610526351800514,19.892712233378333,13.477808149594958,,1.991731517509728,0.5927113258826409,1.1661903789690602,3706.116236004164,3735.11083984375,12302,4112,w/o source-relative query cue
sample_0914,1,deep,uniform,ellipsoid,ellipsoid,0,1,0,0.5107671138634257,0.3429732976075552,0.3429732976075552,1.0,0.035467192530632,29.003463865513,0.9907685626121272,0.2039028230544126,2.7495454169735045,24.46485651550601,,1.9156788793103448,0.7070904896791913,1.1661903789690602,3712.067885993747,3734.61083984375,10823,3712,w/o source-relative query cue
sample_0920,1,medium,uniform,sphere,sphere,1,0,0,0.7102536620223578,0.5506925207761211,0.5549972082640368,0.9861111111111388,0.0262720137834548,31.610132658083565,0.9917465934898664,0.2379903988164283,1.897366596101028,7.927425185657002,,0.7767857142857143,0.3834214176439983,0.8717797887081349,3701.2924069858855,3734.98583984375,8955,5040,w/o source-relative query cue
sample_0932,1,medium,uniform,irregular,irregular,0,0,1,0.4178517964077302,0.2641040804266539,0.2641040804266539,1.0,0.033724445849657,29.441103639956975,0.9924267062290104,0.1984064676642821,2.019900987672416,26.96639986520364,,2.7863860277653383,0.7633372640323363,1.077032961426901,3705.4740940075135,3735.36083984375,8455,2233,w/o source-relative query cue
sample_0942,2,deep,uniform,irregular+sphere,mixed_two_shape,1,0,1,0.8742945823928652,0.7766637423238794,0.8948736462095381,0.8546407392085855,0.0167963523417711,35.495700663422525,0.9937739834243396,1.942805400719259,2.280350850198276,3.876470334956144,,0.0449593159564198,0.1149864314925713,0.4,3714.5735710073495,3734.17333984375,6925,7251,w/o source-relative query cue
sample_0953,1,medium,uniform,ellipsoid,ellipsoid,0,1,0,0.8551377338159714,0.746935032339151,0.837709088940704,0.8733069977427351,0.0305793844163417,30.29142540074833,0.9907232678335984,0.4525208584605404,3.4698703145794947,3.253070435513292,,0.0424943566591422,0.2407976224056462,0.66332495807108,3636.8358040053854,3735.11083984375,18473,17720,w/o source-relative query cue
sample_0960,1,medium,uniform,ellipsoid,ellipsoid,0,1,0,0.8676839315138135,0.7662912817920203,0.7662912817920203,1.0,0.0176698975265026,35.05531882207808,0.9961301754351322,0.1044340082070744,3.0000000000000004,15.888734273282978,,0.3049867899603699,0.1496868579966385,0.447213595499958,3650.61293799954,3734.61083984375,7903,6056,w/o source-relative query cue
sample_0974,2,medium,uniform,ellipsoid+sphere,mixed_two_shape,1,1,0,0.7174118090928905,0.5593469627892935,0.5845373501389725,0.9284667968751746,0.0231473390012979,32.70997862173158,0.9903519923596684,0.5186202087018477,13.165105392665874,5.026060355697891,,0.58837890625,0.2688504279540405,0.5656854249492381,3653.5059839952737,3734.98583984375,6506,4096,w/o source-relative query cue
sample_0977,3,shallow,uniform,ellipsoid+sphere,mixed_two_shape,1,1,0,0.6813125887939009,0.5166596594494868,0.7649988327758424,0.6141304347828498,0.0385465398430824,28.28029166668184,0.9826779259277116,1.1396510477042472,10.150862032359615,1.9876513130016,,0.1972138930534732,0.3975792999336922,1.469693845669907,3718.943033993128,3735.36083984375,12851,16008,w/o source-relative query cue
sample_0979,1,medium,uniform,sphere,sphere,1,0,0,0.7608133603523438,0.6139618811327235,0.6192697076559899,0.986231884057996,0.0244213212281465,32.24461676539866,0.992180159318774,0.2911674735192829,2.8354893757515653,7.985530329613062,,0.5925724637681159,0.3148768891137511,0.7211102550927979,3697.581376996823,3734.17333984375,8791,5520,w/o source-relative query cue
sample_1000,3,medium,uniform,irregular+sphere,mixed_two_shape,1,0,1,0.7827524184532678,0.6430511182111477,0.7158353338670616,0.8634706134707598,0.0301821362227201,30.40500027439799,0.9838304397773132,0.7753952101353679,5.219195340279955,3.587378926413313,,0.2062419562419562,0.3935604782756728,2.6305892875931813,3690.7046339911176,3735.11083984375,11247,9324,w/o source-relative query cue
sample_1002,2,deep,uniform,irregular,irregular,0,0,1,0.7631089871234027,0.6169573383420355,0.9505580818520458,0.6374119864724526,0.0356973819434642,28.94727260169436,0.9911483654195344,0.4370404529312494,2.863564212655271,1.7422063098003926,,0.3294339413427953,0.3524951453724282,1.0,3747.734061005758,3734.61083984375,12095,18037,w/o source-relative query cue
sample_1003,3,medium,uniform,ellipsoid+sphere,mixed_two_shape,1,1,0,0.7590992038823753,0.6117323852619225,0.7095407685099496,0.8161003794412659,0.0408991649746894,27.76571109487104,0.9809323023598157,1.1538122771789432,15.987495113369071,3.1089814758492413,,0.1501810969299758,0.3262606161053138,1.272767955776961,3744.258089005598,3734.98583984375,26675,23192,w/o source-relative query cue
sample_1015,3,medium,uniform,ellipsoid+irregular,mixed_two_shape,0,1,1,0.8227604767397723,0.6988896146311241,0.8839322593970234,0.7695073714492572,0.0285819731652736,30.878155903272265,0.9893198212734324,0.3693074898731651,14.866068747318506,2.2194364118620578,,0.1294498381877022,0.2664634985046298,1.1313708498984762,3697.987375009689,3735.36083984375,14526,16686,w/o source-relative query cue
sample_1018,1,medium,uniform,ellipsoid,ellipsoid,0,1,0,0.727596366314923,0.5718282682107363,0.5785825849281739,0.9799933862434194,0.0273758433759212,31.25264906209853,0.9916799301774424,0.3818658643635945,2.244994432064365,7.788224456392896,,0.6937830687830688,0.3559741865184199,0.7211102550927979,3720.754105001106,3734.17333984375,10244,6048,w/o source-relative query cue
sample_1028,2,shallow,uniform,ellipsoid+sphere,mixed_two_shape,1,1,0,0.7944889536296464,0.6590474272483545,0.7522988505749972,0.8416923868314793,0.0235579442232847,32.557252886545925,0.9919993756157792,1.5198543683290613,10.225458424931372,3.352828003254209,,0.1188271604938271,0.346415349700386,2.009975124224178,3790.328135000891,3735.11083984375,8700,7776,w/o source-relative query cue
sample_1068,3,shallow,uniform,ellipsoid+irregular+sphere,mixed_three_shape,1,1,1,0.7880710659899438,0.6502617801049736,0.9966754556918528,0.6516752867104028,0.0273505952209234,31.2606647056742,0.9917302748799628,0.4346249884495367,3.423448553724738,1.8223419359794688,,0.3461509631961622,0.5518008046381441,5.207686626516615,3709.4867279956816,3734.61083984375,8723,13341,w/o source-relative query cue
sample_1069,3,shallow,uniform,ellipsoid+sphere,mixed_two_shape,1,1,0,0.6850642307971163,0.5209868396937127,0.7746225540961603,0.6140684410648055,0.0426727682352066,27.3969837359278,0.9775146743316766,3.270969848986546,15.47901805671148,1.9075997460269845,,0.2072675423435879,0.4164739364943424,1.077032961426901,3723.716841006535,3734.98583984375,18347,23144,w/o source-relative query cue
sample_1072,3,medium,uniform,ellipsoid+irregular,mixed_two_shape,0,1,1,0.6762740875712682,0.5108867940272704,0.571215371700801,0.8286874154264835,0.0326337106525898,29.726670879491294,0.9837426345535688,0.3380309350561728,4.476605857119879,3.443052804035289,,0.450744248985115,0.357367157410334,1.019803902718557,3723.5244610055815,3735.36083984375,10721,7390,w/o source-relative query cue
sample_1078,2,medium,uniform,irregular+sphere,mixed_two_shape,1,0,1,0.7583453997574616,0.6107539082201142,0.9746504375817576,0.620612349475006,0.0290147569030523,30.747620956638865,0.9898391418206356,0.3221988422880126,9.826494797230596,2.0185947896084278,,0.363246220855752,0.2985270388518457,0.7211102550927979,3690.7981620024657,3734.17333984375,9941,15612,w/o source-relative query cue
sample_1081,2,shallow,uniform,ellipsoid+sphere,mixed_two_shape,1,1,0,0.6826977623700968,0.5182544619362083,0.6878572335833305,0.6776151151153168,0.0387137569487094,28.242693966793425,0.9833042599173454,0.277542548561335,8.034923770640267,3.2114781565476243,,0.0148898898898898,0.3672270929165479,1.077032961426901,3694.9441190081416,3735.11083984375,15746,15984,w/o source-relative query cue
sample_1085,2,medium,uniform,irregular,irregular,0,0,1,0.8498232224030952,0.7388631373507007,0.7948664112121175,0.9129438717068108,0.0327010564506053,29.708763570954453,0.986010725733474,2.6463573439572627,13.093509842666329,4.636204076156623,,0.1485500693314041,0.1936136131038259,0.4898979485566356,3658.751907001715,3734.61083984375,19051,16587,w/o source-relative query cue
sample_1086,2,deep,uniform,irregular+sphere,mixed_two_shape,1,0,1,0.8580399933896397,0.7513748191031094,0.7897779129908887,0.939218523878547,0.016411991789937,35.69677424730796,0.995332817865652,1.3855956902350108,1.897366596101028,4.552147611105871,,0.189218523878437,0.1319639985745365,0.447213595499958,3652.667418005876,3734.98583984375,6574,5528,w/o source-relative query cue
sample_1092,3,deep,uniform,ellipsoid+irregular+sphere,mixed_three_shape,1,1,1,0.69306741733876,0.5303008177573523,0.7671102661599417,0.6320598729443633,0.0325465127825737,29.74991040462641,0.9873348591491226,3.1186028785290167,17.697457444503154,1.6714771351321929,,0.1760508223827343,0.3257138714427726,1.148912529307606,3650.161160010612,3735.36083984375,9468,11491,w/o source-relative query cue
sample_1093,2,deep,uniform,ellipsoid+sphere,mixed_two_shape,1,1,0,0.8741540676746313,0.7764420002559301,0.9053086787951796,0.8450723830736045,0.0217469148337841,33.252047068307704,0.9916584110073726,0.918250296707058,16.220974076793294,3.6805615515509382,,0.0665367483296213,0.1492913857871408,0.4,3678.8026120048016,3734.17333984375,13412,14368,w/o source-relative query cue
sample_1096,2,shallow,uniform,ellipsoid+irregular,mixed_two_shape,0,1,1,0.7427739892145568,0.5908038672781123,0.7335850758046928,0.7521960240408274,0.034583531320095,29.222613174108297,0.9850159674560878,0.7341902869215433,11.511733144926527,2.669904631953669,,0.0253698566805362,0.3936746470441812,1.1489125293076057,3647.44488800352,3735.11083984375,17743,17304,w/o source-relative query cue
sample_1112,3,medium,uniform,ellipsoid+irregular+sphere,mixed_three_shape,1,1,1,0.68869699454885,0.5252005003314508,0.7577494692146944,0.6311787072246606,0.0321899019181728,29.845606530394853,0.9891416722109592,2.614714411649636,11.99499895789908,1.657272801821284,,0.1670351047838005,0.4732558650383889,2.244994432064365,3654.593696002848,3734.61083984375,9420,11309,w/o source-relative query cue
sample_1126,1,medium,uniform,irregular,irregular,0,0,1,0.626631056848816,0.45627291921385,0.4645847476810764,0.962268572767841,0.0299946703016757,30.45911784939851,0.991958927441759,0.4675285924026764,3.1368774282716245,6.439165426601216,,1.0712444340285916,0.4752251946030751,0.9797958971132712,3660.2069979999214,3734.98583984375,8838,4267,w/o source-relative query cue
sample_1133,1,shallow,uniform,irregular,irregular,0,0,1,0.7763044331111995,0.6343934342143699,0.6351264603933302,0.9981840193704636,0.0232576318085193,32.6686897543758,0.9955636140464078,0.1991525631974253,0.7211102550927979,16.19943623023356,,0.5716303470540759,0.2625047209361665,0.7211102550927979,3627.790693994029,3735.36083984375,7789,4956,w/o source-relative query cue
sample_1135,3,deep,uniform,irregular+sphere,mixed_two_shape,1,0,1,0.6095784428427333,0.4384126811793939,0.9907986750092126,0.4402049493080561,0.0370612815022468,28.621591112102504,0.9872798247181042,0.4814034470684294,12.884098726725126,1.3839171397254673,,0.5557069660961518,0.589413320174947,1.562049935181331,3749.029415994301,3734.17333984375,8151,18346,w/o source-relative query cue
sample_1139,1,medium,uniform,irregular,irregular,0,0,1,0.4639252083195827,0.3020199347276157,0.3020199347276157,1.0,0.0366314724087715,28.72291230301294,0.9895417693813812,0.1443810032337661,2.785677655436824,18.33982252563835,,2.311039719626168,0.7560548861384682,1.2000000000000002,3673.1367519969353,3735.11083984375,11337,3424,w/o source-relative query cue
sample_1167,2,medium,uniform,ellipsoid+sphere,mixed_two_shape,1,1,0,0.8465330618369701,0.733903186844064,0.8305993690853516,0.8630900349651844,0.0220037531107664,33.15006470827132,0.9911722074288896,0.8626000741161084,13.48332303254654,3.637332781580507,,0.0391171328671328,0.1694019493482329,0.632455532033676,3736.9383620098233,3734.61083984375,9510,9152,w/o source-relative query cue
sample_1175,1,deep,uniform,irregular,irregular,0,0,1,0.8151962979550565,0.6880433413132316,0.7192150665089961,0.9407407407408428,0.0215031187981367,33.34997107136388,0.995426954038511,0.2902820527555955,2.8354893757515653,4.785579494883477,,0.3080103359173126,0.220521558618134,0.6000000000000001,3818.81747499574,3734.98583984375,7593,5805,w/o source-relative query cue
sample_1185,2,medium,uniform,ellipsoid+irregular,mixed_two_shape,0,1,1,0.6389308366055279,0.4694330411633535,0.4780790960457874,0.9629039599454644,0.0276995245367288,31.15055305765576,0.9890237725559768,1.853841169054664,10.2,6.3063581163688935,,1.0141101502048249,0.3663107753937288,0.7483314773547883,3757.80444299744,3735.36083984375,8850,4394,w/o source-relative query cue
sample_1211,1,medium,uniform,irregular,irregular,0,0,1,0.7292256238746275,0.5738435064282074,0.5738435064282074,1.0,0.0265667773783206,31.51322240056492,0.9934202792662128,0.2025423078501816,1.63707055437449,15.717768992649084,,0.742635385429529,0.3557490290598232,0.8,3736.079335998511,3734.17333984375,9879,5669,w/o source-relative query cue
sample_1215,2,shallow,uniform,ellipsoid+sphere,mixed_two_shape,1,1,0,0.8237260343088346,0.7002841670689506,0.8829772850190083,0.7719267139481254,0.0288854464888572,30.78641840775024,0.9893543650767648,0.7810936179585196,13.607350954539244,2.719175652610672,,0.1257683215130023,0.2645200416683395,0.9283775461265872,3772.433594000177,3735.11083984375,14792,16920,w/o source-relative query cue
sample_1230,3,deep,uniform,ellipsoid+sphere,mixed_two_shape,1,1,0,0.6256497401041455,0.4552331078627862,0.4572618351844993,0.990348101265838,0.0344163961708545,29.26469200857086,0.9837286084117012,1.6893565941743034,18.402173784637508,9.902999746167977,,1.1658227848101266,0.4085538898034653,0.8246211251235323,3654.833435997716,3734.61083984375,13688,6320,w/o source-relative query cue
sample_1244,1,shallow,uniform,sphere,sphere,1,0,0,0.799451625538713,0.6659053833608853,0.6768737563567577,0.9762436224490176,0.0228321850299835,32.82905006811408,0.993325933248138,0.2228428124721728,2.441311123146741,6.948983530852711,,0.4422831632653061,0.2521396841386252,0.632455532033676,3650.875518986141,3734.98583984375,9046,6272,w/o source-relative query cue
sample_1259,2,deep,uniform,irregular+sphere,mixed_two_shape,1,0,1,0.6733303044072361,0.5075342465756797,0.5098039215689647,0.9913043478260986,0.0344577319920063,29.25426676232497,0.9855928998218316,2.009849504066088,1.9287301521985911,9.022802361136003,,0.9444816053511704,0.4035162464002684,0.8717797887081349,3713.47649100062,3735.36083984375,14535,7475,w/o source-relative query cue
sample_1262,1,shallow,uniform,irregular,irregular,0,0,1,0.7260343087792415,0.5699009900995777,0.5796965220899963,0.971203599550121,0.0236271098256111,32.53178761532134,0.9934402592373772,0.3065230076792885,2.529822128134704,6.588218486180016,,0.6753655793025872,0.3199926809001181,0.8,3662.893351007369,3734.17333984375,7447,4445,w/o source-relative query cue
sample_1266,2,medium,uniform,ellipsoid+sphere,mixed_two_shape,1,1,0,0.4298953149138236,0.2738004153467331,0.2788911155652651,0.937500000000234,0.0317704118788242,29.95954319573025,0.9879797776582642,1.2597879557694256,1.939071942966532,6.094207354904155,,2.361526946107785,0.8151794116906468,2.891366458960192,3643.867662001867,3735.11083984375,8982,2672,w/o source-relative query cue
sample_1276,1,deep,uniform,irregular,irregular,0,0,1,0.8275465624283426,0.7058246715047934,0.7165040812269231,0.9793197278912128,0.016126038506627,35.84944666978722,0.9971307344728398,0.113999455567478,1.095445115010332,7.848555362788547,,0.3668027210884353,0.1645564864836671,0.447213595499958,3660.881308009266,3734.61083984375,5023,3675,w/o source-relative query cue
sample_1285,2,medium,uniform,irregular+sphere,mixed_two_shape,1,0,1,0.7358823945157001,0.5821312758586803,0.5919272313819307,0.9723571161748742,0.0252231173217296,31.964025164202557,0.9894120664046956,1.2454124567513565,16.392681293796937,6.338168608281494,,0.6426970489353754,0.2721966473373611,0.8246211251235323,3650.6925549911102,3734.98583984375,8795,5354,w/o source-relative query cue
sample_1286,1,medium,uniform,irregular,irregular,0,0,1,0.8487264413635875,0.7372065787465059,0.9889344262295158,0.7433382964523575,0.0315840058028698,30.01065560457238,0.9925870984830704,0.1370702670621021,4.09878030638384,2.137364353325511,,0.2483442008522873,0.2561138931545941,0.6000000000000001,3663.947346998612,3735.36083984375,14640,19477,w/o source-relative query cue
sample_1288,1,shallow,uniform,irregular,irregular,0,0,1,0.6065913496894133,0.4353291114954564,0.4357053682901798,0.9980202375714958,0.0331873074173927,29.580559933826184,0.9920837793736808,0.4925863878978282,2.615339366124404,14.92177225853367,,1.290585129784426,0.5322590572570505,1.148912529307606,3658.080823995988,3734.17333984375,10413,4546,w/o source-relative query cue
sample_1292,1,deep,uniform,irregular,irregular,0,0,1,0.806308259267393,0.6754744392993048,0.7065248361670562,0.9389120282721962,0.0252787508070468,31.944887341854415,0.992028903543436,0.1549844014718075,2.712931993250108,5.088685290369575,,0.3289158147166477,0.2449323215594294,0.6000000000000001,3650.871948004351,3735.11083984375,10529,7923,w/o source-relative query cue
sample_1319,1,medium,uniform,ellipsoid,ellipsoid,0,1,0,0.6511627906979345,0.4827586206902268,0.4827586206902268,1.0,0.0279916431754827,31.059432290832923,0.9921937939541442,0.1658862356733493,1.854723699099141,15.88178756931991,,1.0714285714285714,0.4487869954348936,0.7483314773547883,3661.8467009975575,3734.61083984375,9048,4368,w/o source-relative query cue
sample_1327,3,shallow,uniform,ellipsoid+irregular+sphere,mixed_three_shape,1,1,1,0.7894278877529587,0.652111410602185,0.851944596603919,0.7354590285754675,0.0330076590180397,29.62770601817468,0.987200439686736,4.22927994010995,19.28419041598584,2.1867691151383486,,0.1367290414105249,0.2432695598342005,0.7483314773547883,3638.313366987859,3734.98583984375,12779,14803,w/o source-relative query cue
sample_1328,1,medium,uniform,irregular,irregular,0,0,1,0.6409897292252329,0.4716592236349435,0.4737341499185079,0.9907992062060422,0.0321719013154506,29.85046581857008,0.9909061059175468,0.4052553771246081,3.2802438933713454,9.050012530969155,,1.0914667147753925,0.5399324941825445,1.61245154965971,3891.076059997431,3735.36083984375,11593,5543,w/o source-relative query cue
sample_1366,2,shallow,uniform,sphere,sphere,1,0,0,0.4658771822735527,0.3036765876179343,0.3036765876179343,1.0,0.0366366170346736,28.72169243915306,0.9831125347414452,0.788397951548451,2.0099751242241783,13.767581734962036,,2.292976939203354,0.6923567291207988,1.4,3784.396705988911,3734.17333984375,12566,3816,w/o source-relative query cue
sample_1372,2,shallow,uniform,ellipsoid+irregular,mixed_two_shape,0,1,1,0.6379456307030026,0.4683701657465906,0.5057419835950697,0.8637289862458897,0.0249600075185298,32.05510506522776,0.9925751966863646,3.643148460836032,1.562049935181331,3.170496268660876,,0.7078451349974528,0.4734534207805349,2.154065922853802,3698.684815011802,3735.11083984375,6705,3926,w/o source-relative query cue
sample_1378,3,shallow,uniform,ellipsoid+irregular+sphere,mixed_three_shape,1,1,1,0.6440247003270454,0.4749531208146397,0.6104531056331012,0.6815036900371453,0.0387343876063823,28.23806591233538,0.9809603994841272,2.737126301578968,0.916515138991168,2.390638134306315,,0.116389913899139,0.3869056082803349,1.019803902718557,3659.618406993104,3734.61083984375,14522,13008,w/o source-relative query cue
sample_1384,2,shallow,uniform,irregular+sphere,mixed_two_shape,1,0,1,0.5835996977976501,0.4120301985890267,0.4158866893072012,0.9779898714453096,0.0342163704335689,29.31532101561882,0.9848736678348948,1.009374712607551,1.077032961426901,7.463488777946084,,1.351577717179587,0.521107341127909,1.0954451150103324,3744.9634469958255,3734.98583984375,12073,5134,w/o source-relative query cue
sample_1389,2,medium,uniform,ellipsoid+irregular,mixed_two_shape,0,1,1,0.7579427190598463,0.6102316943758356,0.7778278757821238,0.7390489450574387,0.0346568040549755,29.20423003471127,0.9849572829395395,0.4703364845538175,5.283937925449163,2.4588032546221377,,0.0498554139445217,0.3418273565435918,1.0392304845413265,3709.1828690026887,3735.36083984375,17743,18674,w/o source-relative query cue
sample_1404,3,shallow,uniform,ellipsoid+irregular,mixed_two_shape,0,1,1,0.7523781695400305,0.603049859477671,0.8647014925374145,0.6658812711915029,0.0362320356070995,28.818144837006685,0.985923668052868,0.5414407319649377,8.729261137118078,2.331985579935511,,0.2299293144072179,0.2978994392166742,0.8246211251235323,3781.989209994208,3734.17333984375,13400,17401,w/o source-relative query cue
sample_1429,2,shallow,uniform,irregular,irregular,0,0,1,0.8459026431269283,0.7329560527016244,0.8271629577888163,0.8655111203927477,0.023854486644268,32.44859870035669,0.9908835346472836,0.9477651544440084,2.5377155080899043,3.8784721000347577,,0.0463610734050328,0.17115700856247,0.447213595499958,3851.3041410042206,3735.11083984375,10021,9577,w/o source-relative query cue
sample_1432,2,medium,uniform,sphere,sphere,1,0,0,0.8524459499852023,0.7428372981424851,0.8439534424938964,0.8611111111113907,0.0176831278949975,35.0488188086288,0.9955653136447796,0.5815859656190164,2.9597297173897488,2.5367557251846984,,0.020330112721417,0.2815394459037967,2.101879416271287,3760.022071001004,3734.61083984375,5069,4968,w/o source-relative query cue
sample_1438,1,deep,uniform,irregular,irregular,0,0,1,0.5826112936964706,0.4110455311985433,0.4142766093065343,0.9813789632612916,0.0215823948383331,33.31800724388428,0.994982678221469,0.3437067417375182,3.212475680841802,8.013859395101813,,1.3688978359335682,0.417988050945888,0.8246211251235323,3754.649727998185,3734.98583984375,4707,1987,w/o source-relative query cue
sample_1455,2,shallow,uniform,ellipsoid,ellipsoid,0,1,0,0.7220759993421113,0.565038295681557,0.68650297153606,0.7615371269953491,0.0314169041812419,30.05673186886738,0.9905288344177624,0.2968381627229505,5.8991524815010505,2.656267958736795,,0.1092990978487161,0.3526431294315325,1.0,3643.1831329973647,3735.36083984375,12788,11528,w/o source-relative query cue
sample_1470,3,medium,uniform,ellipsoid+irregular,mixed_two_shape,0,1,1,0.837724477745686,0.7207623852569124,0.8725082704216335,0.805607769423635,0.0357345268130302,28.93823976774486,0.9846763945579904,0.6219409703420208,4.604345773288535,3.072547908824024,,0.0766760651629072,0.2552832602023651,0.7483314773547883,3726.209669010132,3734.17333984375,23578,25536,w/o source-relative query cue
sample_1482,3,medium,uniform,irregular+sphere,mixed_two_shape,1,0,1,0.6914887687421596,0.5284545919240684,0.7784889558235711,0.6219793442297984,0.0328400768339633,29.671916888912957,0.987579126093697,2.738251209067951,6.723094525588645,1.61908103529007,,0.2010428156021257,0.8140876229641463,4.983974317750845,3644.151321990648,3735.11083984375,7968,9973,w/o source-relative query cue
sample_1486,2,medium,uniform,ellipsoid+irregular,mixed_two_shape,0,1,1,0.8848537253206928,0.7934866890670759,0.9347644058765816,0.8400027361653738,0.0237100068479776,32.50136618084991,0.9901469328183362,0.579351806176932,12.22783709410622,3.781043623088404,,0.1013749230453519,0.132624352067495,0.4,3657.1500779973576,3734.61083984375,13137,14619,w/o source-relative query cue
sample_1513,3,shallow,uniform,ellipsoid+sphere,mixed_two_shape,1,1,0,0.6827946584092884,0.5183661475172506,0.8170449282077152,0.5864361702131097,0.0298807974904775,30.492155683415373,0.989627963002796,1.0919740731104122,17.664653973401233,1.8446692786857275,,0.2822473404255319,0.3518722516737271,1.1661903789690602,3641.767922992585,3734.98583984375,8636,12032,w/o source-relative query cue
sample_1516,3,deep,uniform,ellipsoid+sphere,mixed_two_shape,1,1,0,0.8361117454518397,0.7183780248530292,0.8505497909246937,0.8221556886228876,0.028181318193674,31.00077376671569,0.9888523329019944,2.0127014060945383,1.6248076809271923,2.792608710743208,,0.0333832335329341,0.320397399206642,0.8485281374238571,3751.4868510043016,3735.36083984375,12914,13360,w/o source-relative query cue
sample_1529,2,medium,uniform,ellipsoid,ellipsoid,0,1,0,0.6563187961544779,0.4884482973165671,0.5424478326963276,0.8306997742664851,0.0456262752413749,26.8156998799774,0.9848563237427456,1.3650683702700084,1.456021977856104,3.184003131294983,,0.5313910835214447,0.4857315772251374,1.4966629547095769,3672.96041699592,3734.17333984375,21709,14176,w/o source-relative query cue
sample_1566,3,medium,uniform,irregular+sphere,mixed_two_shape,1,0,1,0.4176997901968226,0.2639826422378142,0.3393244499541996,0.5431547619055173,0.0398542061448097,27.99051653763388,0.988901110275888,1.1356717671672212,3.006659275674582,1.69269959284614,,0.6006944444444444,0.5979709532724841,1.7088007490635064,3682.1191390044983,3735.11083984375,9681,6048,w/o source-relative query cue
sample_1572,2,medium,uniform,irregular+sphere,mixed_two_shape,1,0,1,0.8179500254972984,0.6919758412427456,0.9403335070349916,0.7237541361679296,0.0214360300451517,33.37711238920304,0.9937220637123256,0.8903143782569778,23.64910146284632,2.1314670943295573,,0.2303218690464253,0.2251830888994939,0.8485281374238571,3780.8416089974335,3734.61083984375,7676,9973,w/o source-relative query cue
sample_1599,3,medium,uniform,irregular+sphere,mixed_two_shape,1,0,1,0.6340843752091769,0.4642192853651842,0.5426250143042194,0.762624638147696,0.0294017419219017,30.632538359546984,0.9877144841029412,2.488080456041646,6.979971346646059,2.209028077106855,,0.4054358314570601,0.3595986327878684,0.8246211251235323,3720.100213002297,3734.98583984375,8739,6218,w/o source-relative query cue
sample_1620,2,medium,uniform,ellipsoid+irregular,mixed_two_shape,0,1,1,0.5579596412558532,0.3869237347435381,0.7786295369214977,0.4347484276734497,0.0341793000698089,29.32473662127148,0.9888816372105764,1.1508823998571134,7.28285658241325,1.349435804630203,,0.4416491963661775,0.5097580450075778,1.28062484748657,3650.209976010956,3735.36083984375,6392,11448,w/o source-relative query cue
sample_1634,1,medium,uniform,irregular,irregular,0,0,1,0.599375308236397,0.4279342723011409,0.4279342723011409,1.0,0.0290595050901174,30.734235735691662,0.99259135913133,0.4361461443193358,3.0594117081556718,19.230686983521103,,1.3368074602303894,0.5043232986303288,0.916515138991168,3772.7274319913695,3734.17333984375,8520,3646,w/o source-relative query cue
sample_1635,3,medium,uniform,ellipsoid+irregular,mixed_two_shape,0,1,1,0.7717448952533241,0.6283262265884232,0.7676228156941856,0.7759114843699421,0.0345742478966712,29.22494521932499,0.9863797404660288,0.6684123973307226,3.757658845611188,2.5027955948164533,,0.0107978404319136,0.3093199066778528,0.916515138991168,3664.830416993937,3735.11083984375,15165,15003,w/o source-relative query cue
sample_1642,2,medium,uniform,ellipsoid+irregular,mixed_two_shape,0,1,1,0.8578565728758777,0.7510935601459593,0.773025698743342,0.9636009353079006,0.0279644168913364,31.067884695255792,0.9873224400995552,0.192983037980871,3.440930106817051,5.701922220195306,,0.2465315666406859,0.1969386536189079,0.6000000000000001,3644.0689919982105,3734.61083984375,15993,12830,w/o source-relative query cue
sample_1643,3,shallow,uniform,ellipsoid+sphere,mixed_two_shape,1,1,0,0.7710133794252061,0.6273570163560646,0.7815704088255798,0.7607377463366848,0.0353912152349948,29.02209020148293,0.9875915844949168,1.362293592506626,10.001999800039991,2.064394976545035,,0.026654876200101,0.3452498227226047,1.2328828005937955,3861.3723080052296,3734.98583984375,15410,15832,w/o source-relative query cue
sample_1683,1,medium,uniform,ellipsoid,ellipsoid,0,1,0,0.6554111092354757,0.4874434957314321,0.4874434957314321,1.0,0.0266634710133075,31.481666107169296,0.993538717696023,0.4699281840957109,2.5377155080899043,13.283857898295205,,1.0515198351365276,0.4337992242308022,0.916515138991168,3686.572570994031,3735.36083984375,7964,3882,w/o source-relative query cue
sample_1686,2,deep,uniform,ellipsoid,ellipsoid,0,1,0,0.790293542074446,0.6532936456583064,0.7106856257921226,0.8899858956277416,0.0304051376879215,30.3410604555602,0.9891705283505624,2.207715081105281,13.839075113604956,3.815862856489305,,0.2522919605077574,0.2499265118504184,0.692820323027551,3664.814084986574,3734.17333984375,14206,11344,w/o source-relative query cue
sample_1688,3,deep,uniform,ellipsoid+irregular+sphere,mixed_three_shape,1,1,1,0.7401089219927358,0.5874388150787697,0.8516265781956948,0.6544154096737806,0.0276501029729843,31.166064373335534,0.9886238755377827,1.2980581786212055,20.330272993740152,2.0738382686865746,,0.2315700021244954,0.2732567912461826,0.7211102550927979,3719.196221005405,3735.11083984375,10851,14121,w/o source-relative query cue
sample_1697,2,shallow,uniform,ellipsoid+sphere,mixed_two_shape,1,1,0,0.5183941382997413,0.3498866680408339,0.350319785434736,0.9964788732394436,0.0396266654133796,28.040249886243597,0.9853829209162436,0.236444843598034,1.1661903789690602,11.649493746672634,,1.8444835680751173,0.6360729127144371,1.019803902718557,3700.557600008324,3734.61083984375,14541,5112,w/o source-relative query cue
sample_1717,3,medium,uniform,ellipsoid+irregular,mixed_two_shape,0,1,1,0.7200144074919799,0.5625175874685477,0.7801990502831067,0.6684500919580514,0.0354700572788715,29.00276233259925,0.9862785103591236,2.352851090369047,18.52781692482954,1.9417692437878924,,0.1432313436994928,0.3773438287620255,1.1832159566199232,3706.916569994064,3734.98583984375,15373,17943,w/o source-relative query cue
sample_1718,3,medium,uniform,ellipsoid+irregular,mixed_two_shape,0,1,1,0.6309446152891527,0.4608612787586963,0.7130019657401622,0.5658253941726192,0.0346556082367897,29.2045292944492,0.981909809103216,0.6669739245524179,2.891366458960192,1.7561675361952085,,0.2064181848570951,0.467963204219317,1.1313708498984762,3715.241651996621,3735.36083984375,14244,17949,w/o source-relative query cue
sample_1729,2,deep,uniform,ellipsoid,ellipsoid,0,1,0,0.7857482831306277,0.6471049389633249,0.6895810955965036,0.9130847029078492,0.0225265249609947,32.946115845228974,0.9919266751911598,1.5691347080700369,2.3323807579381204,4.673421941764135,,0.3241150442477876,0.2053740559207316,0.447213595499958,3652.595962004853,3734.17333984375,8379,6328,w/o source-relative query cue
sample_1731,2,shallow,uniform,sphere,sphere,1,0,0,0.7240298867199132,0.5674348318856978,0.6204047914090315,0.8692129629632153,0.0229622330516576,32.77971765237577,0.9906432486170772,1.0319259950099549,8.301807032206904,3.822612041827505,,0.4010416666666667,0.2857067409881304,0.8,3680.5216610082425,3735.11083984375,7263,5184,w/o source-relative query cue
sample_1734,2,deep,uniform,ellipsoid+irregular,mixed_two_shape,0,1,1,0.7658587155058667,0.6205600000003035,0.7594478167223815,0.7723787712837076,0.0283425822854042,30.95121132655514,0.9891305217945802,0.3749570001329545,8.200000000000001,2.4000423295376496,,0.0170267848252514,0.2814384698852811,0.916515138991168,3764.658230007626,3734.61083984375,10214,10043,w/o source-relative query cue
sample_1741,3,deep,uniform,irregular,irregular,0,0,1,0.5914018477733499,0.419851358486204,0.9446271929825067,0.430445101386755,0.0426100082695484,27.409767361317662,0.98405283087147,3.861560884593403,19.38762491900439,1.3148833233069637,,0.5443227713702794,0.5605860686521643,1.7204650534085255,3763.981001000502,3734.98583984375,10944,24017,w/o source-relative query cue
sample_1760,3,shallow,uniform,ellipsoid+irregular,mixed_two_shape,0,1,1,0.7823417705055066,0.6424970090584334,0.875720691864262,0.7069581570288167,0.0348688662052154,29.15124366689436,0.9830611287518104,1.2732111693364168,14.919785521246611,2.284216120682108,,0.1927127409496944,0.2719157998977443,0.8246211251235323,3702.105921009206,3735.36083984375,17171,21270,w/o source-relative query cue
sample_1765,1,medium,uniform,ellipsoid,ellipsoid,0,1,0,0.7468089159841176,0.5959258133174248,0.9974554707379168,0.5968331303291741,0.0306896697729825,30.26015556981423,0.9929560859590084,0.2338010668446105,4.280186911806539,1.7712500660435309,,0.4016443361753958,0.3709887260731322,0.66332495807108,3710.3826300008222,3734.17333984375,7860,13136,w/o source-relative query cue
sample_1787,2,deep,uniform,sphere,sphere,1,0,0,0.8522037779051491,0.7424695790948684,0.9695233133629344,0.7602124183011434,0.0156576558947563,36.1054648493766,0.996830001741956,2.349251193591573,1.8000000000000005,2.078961993648006,,0.215890522875817,2.5964095798555014,22.43158480685868,3662.7193040039856,3735.11083984375,3839,4896,w/o source-relative query cue
sample_1809,1,medium,uniform,ellipsoid,ellipsoid,0,1,0,0.8497671324019629,0.7387783433598579,0.8558027338517076,0.8438160676534834,0.0206264127045869,33.71152554075931,0.9942088133311824,0.2500832333593758,2.9799328851502684,3.064652612079882,,0.0140063424947145,0.1777610436222099,0.447213595499958,3638.5976940073306,3734.61083984375,7462,7568,w/o source-relative query cue
sample_1811,2,shallow,uniform,sphere,sphere,1,0,0,0.6924897247479808,0.5296246904176704,0.5653853976006046,0.8933161953729221,0.0283004995435476,30.96411771438085,0.9882142920813594,0.6359042682106296,11.525623627379128,3.7504994596485033,,0.5800128534704371,0.3459126323404872,0.7483314773547883,3657.12769998936,3734.98583984375,9834,6224,w/o source-relative query cue
sample_1812,1,shallow,uniform,ellipsoid,ellipsoid,0,1,0,0.791947515053567,0.6555572087489544,0.9408498825539816,0.6837368094353788,0.0283072758466005,30.962038269958217,0.9930910278609252,0.4342051725824835,3.4292856398964497,2.1234820488680914,,0.2732774674115456,0.3065239234767911,0.8246211251235323,3647.639891001745,3735.36083984375,9366,12888,w/o source-relative query cue
sample_1815,3,medium,uniform,ellipsoid+irregular+sphere,mixed_three_shape,1,1,1,0.3324858649871618,0.1993901328967779,0.1999543587406663,0.9860454647760836,0.0530610680580139,25.504480534394556,0.9784034439171292,1.5863344305719262,17.367786272291585,8.750183546791979,,3.931352689624128,0.8935512558915698,1.98997487421324,3645.0202999985777,3734.17333984375,21910,4443,w/o source-relative query cue
sample_1826,2,shallow,uniform,sphere,sphere,1,0,0,0.8075224686997727,0.6771804478525074,0.7342465753427168,0.8970452446907928,0.029219277203083,30.68661047259427,0.989045986393808,3.536372388347374,12.06316708000018,4.538742315239956,,0.2217220683287165,0.2151956918693278,0.632455532033676,3642.101243996876,3735.11083984375,10585,8664,w/o source-relative query cue
sample_1837,2,shallow,uniform,irregular+sphere,mixed_two_shape,1,0,1,0.8362690322856501,0.7186102763323913,0.7346021279786193,0.9705969705969996,0.0312174037098884,30.11206397916585,0.9900634149004224,1.227622763214196,18.814887722226786,6.125070017103707,,0.3212553212553212,0.1893999446881693,0.4898979485566356,3640.361708996352,3734.61083984375,13346,10101,w/o source-relative query cue
sample_1839,1,deep,uniform,irregular,irregular,0,0,1,0.8912928449644945,0.8039028529008336,0.8376616200686952,0.9522613065327232,0.0180724952369928,34.85963751134356,0.9960032988135952,0.1267511702839035,3.939543120718442,5.304887004222083,,0.1368090452261306,0.131810963893353,0.447213595499958,3653.8054360134993,3734.98583984375,9049,7960,w/o source-relative query cue
sample_1843,1,medium,uniform,ellipsoid,ellipsoid,0,1,0,0.7141803553471577,0.5554280946922979,0.5602187861580307,0.9848372781065368,0.0271606836467981,31.32118634548817,0.99222070311,0.3328390819290036,2.979932885150268,8.393259817941098,,0.7579511834319527,0.3756952824083046,0.7211102550927979,3642.0286259963177,3735.36083984375,9507,5408,w/o source-relative query cue
sample_1858,3,medium,uniform,ellipsoid+irregular,mixed_two_shape,0,1,1,0.6800406831971942,0.5151982144756311,0.5425901052161567,0.9107562235791872,0.053414698690176,25.446784011968237,0.9680857205473844,0.9661315896937158,11.029052543169792,4.078530518647689,,0.6785345232503522,0.4805220390610569,1.3416407864998738,3750.728152008378,3734.17333984375,35736,21290,w/o source-relative query cue
sample_1863,2,shallow,uniform,ellipsoid+sphere,mixed_two_shape,1,1,0,0.5394134135505986,0.3693128627603732,0.3809753742159527,0.9234550561799544,0.0340965315699577,29.34579644444578,0.9875422289774874,0.7296550341403586,2.80713376952364,4.506405711039402,,1.4239232209737829,0.5423912177260248,1.095445115010332,3754.966619002517,3735.11083984375,10355,4272,w/o source-relative query cue
sample_1865,2,deep,uniform,ellipsoid+sphere,mixed_two_shape,1,1,0,0.8230485422846622,0.6993054275003385,0.729014481609811,0.9449335548173214,0.0289090368896722,30.779327500476885,0.9873331980855408,2.887085447422499,2.60768096208106,6.169582212139062,,0.2961794019933554,0.2130312138025165,0.4898979485566356,3737.0071780023854,3734.61083984375,15606,12040,w/o source-relative query cue
sample_1869,3,deep,uniform,ellipsoid+irregular+sphere,mixed_three_shape,1,1,1,0.7528426802838961,0.603646924395542,0.7756637709532757,0.7313260656401157,0.0378399938344955,28.440979539019857,0.986617506726078,0.3404409250148832,3.6110940170535577,2.158931879923992,,0.0571609851762127,0.3398785593204431,1.0,3793.501305000973,3734.98583984375,16346,17337,w/o source-relative query cue
sample_1881,2,deep,uniform,ellipsoid+sphere,mixed_two_shape,1,1,0,0.4295957284519987,0.2735574120854152,0.2735574120854152,1.0,0.0345332510769367,29.235250839589355,0.9885585967136056,0.2274169749657989,15.455743269089329,13.360328293429388,,2.655539772727273,0.669714675571098,1.0954451150103324,3721.644963996369,3735.36083984375,10294,2816,w/o source-relative query cue
sample_1885,3,shallow,uniform,ellipsoid+sphere,mixed_two_shape,1,1,0,0.627280885432358,0.4569623011551724,0.9015477214102308,0.4809633027525317,0.038046009838581,28.39381785667544,0.9824264927279984,0.3254378344932715,16.4851448279959,1.6239542231797164,,0.4665137614678899,0.4610456116231641,1.4282856857085702,3836.219299002551,3734.17333984375,11630,21800,w/o source-relative query cue
sample_1893,1,medium,uniform,irregular,irregular,0,0,1,0.5947955390336788,0.423280423280872,0.423280423280872,1.0,0.0352583639323711,29.0547568890872,0.988765974497138,0.1241032779155505,2.489979919597747,19.120538595255084,,1.3625,0.5948161628041326,0.9797958971132712,3646.475056011696,3735.11083984375,12852,5440,w/o source-relative query cue
sample_1894,1,medium,uniform,ellipsoid,ellipsoid,0,1,0,0.4794467921632889,0.315310763012314,0.315310763012314,1.0,0.0350408032536506,29.10851898645488,0.9909057378677828,0.4012859611056041,2.513961017995307,20.16276661391688,,2.171474358974359,0.7436784931452779,1.2328828005937953,3647.371988001396,3734.61083984375,9895,3120,w/o source-relative query cue
sample_1904,1,deep,uniform,sphere,sphere,1,0,0,0.7190774381550505,0.5613746369800954,0.5631737399246739,0.994341563786018,0.0275866817682981,31.18601061217683,0.9914064531822392,0.2852437076926196,1.897366596101028,10.338127744834528,,0.7656035665294925,0.3921260997856894,0.8485281374238571,3664.355599001283,3734.98583984375,10297,5832,w/o source-relative query cue
sample_1927,3,medium,uniform,irregular+sphere,mixed_two_shape,1,0,1,0.4429263992951504,0.2844607981890146,0.2867127879614244,0.9731299927379008,0.0430664978921413,27.317208660500963,0.9846547849349476,1.5594735530060708,4.044749683231338,6.311401575565418,,2.394093439845074,0.6490447502948781,1.4966629547095769,3649.199289997341,3735.36083984375,14021,4131,w/o source-relative query cue
sample_1944,2,medium,uniform,irregular+sphere,mixed_two_shape,1,0,1,0.7493542393620568,0.599173853178057,0.7035398230091019,0.801551139117982,0.0314462520182132,30.048622982893853,0.9884299344700512,2.286275182912124,3.9597979746446654,2.625310595701809,,0.1393116820164808,0.2903531437147991,0.8246211251235323,3652.6968730031513,3734.17333984375,11752,10315,w/o source-relative query cue
sample_1989,2,medium,uniform,ellipsoid+sphere,mixed_two_shape,1,1,0,0.7141667297647353,0.5554116122958951,0.9314635591547868,0.5790766208256642,0.0214860867708921,33.35685405577705,0.9947680814411352,3.043440958755459,1.1661903789690602,1.738425425655764,,0.3783153241650294,0.3024225445900347,1.019803902718557,3637.342326997896,3735.11083984375,5063,8144,w/o source-relative query cue
sample_1993,3,deep,uniform,ellipsoid+sphere,mixed_two_shape,1,1,0,0.6747815443202629,0.5091851395733225,0.6408964670931726,0.7124497415280641,0.0341397337615489,29.33479759860061,0.986914840606767,0.7282619732886434,19.179155351578963,2.535578780093247,,0.1116456059735784,0.3617010336648338,1.1313708498984762,3641.961512999842,3734.61083984375,15483,13928,w/o source-relative query cue
sample_2021,3,shallow,uniform,ellipsoid+irregular,mixed_two_shape,0,1,1,0.6858325801091392,0.5218761093363854,0.8305204434716259,0.5840782677793087,0.030776685103774,30.235562908590406,0.986527329633275,0.7850486328357343,7.236021006050217,1.8868699546124992,,0.2967322208978943,0.4398832851539427,1.1661903789690602,3631.7212269932497,3734.98583984375,14161,20136,w/o source-relative query cue
sample_2024,2,deep,uniform,irregular,irregular,0,0,1,0.7162225338944537,0.5579024034962625,0.7280792079210074,0.7047458406810514,0.0297377984970808,30.53382345485494,0.987349537391796,0.231175032647202,3.4292856398964497,2.3688525252833186,,0.0320478417541976,0.3347181296138382,0.9797958971132712,3749.694008001825,3735.36083984375,12625,13043,w/o source-relative query cue
sample_2044,2,medium,uniform,ellipsoid+sphere,mixed_two_shape,1,1,0,0.6887105403962667,0.5252162559172103,0.8818854480682875,0.5649578651693031,0.0187811460345983,34.52555778930432,0.9937619775159566,6.047442629665643,28.876287850068262,1.9674272904168253,,0.359375,0.2902379886592888,0.7483314773547883,3655.193810001947,3734.17333984375,3649,5696,w/o source-relative query cue
sample_2059,3,shallow,uniform,ellipsoid+irregular,mixed_two_shape,0,1,1,0.7623200280932454,0.61592660897545,0.9694105388508713,0.6281346450619077,0.0319452546536922,29.91187234380429,0.985675647812424,0.9541338781031412,21.084591530309524,2.21811484171751,,0.3520447530864197,0.31668683738792,1.0392304845413265,3648.5015289945295,3735.11083984375,13436,20736,w/o source-relative query cue
sample_2067,3,medium,uniform,ellipsoid+irregular,mixed_two_shape,0,1,1,0.6421093803926001,0.4728726829104772,0.8019540229886196,0.5353950044125636,0.0438520461320877,27.16020233363692,0.9790055393657028,1.2589557105798803,18.513778652668396,1.3950325540518806,,0.3323869086444385,0.5814165000869043,2.349468024894146,3648.18659699813,3734.61083984375,17400,26063,w/o source-relative query cue
sample_2069,2,shallow,uniform,ellipsoid+sphere,mixed_two_shape,1,1,0,0.6439723844930196,0.4748962168093719,0.5703668861716177,0.7393902439027568,0.0312742665410041,30.096256889931084,0.9879941183581216,3.060391207407704,1.886796226411321,2.467108336124919,,0.2963414634146341,0.4186824325875315,0.8246211251235323,3707.768054999178,3734.98583984375,10630,8200,w/o source-relative query cue
sample_2070,2,deep,uniform,irregular+sphere,mixed_two_shape,1,0,1,0.8304107711533719,0.7100020679673882,0.7279666407521889,0.9664102082942706,0.0270712096244096,31.349846678450906,0.9884357847854582,1.7136871523718775,1.4422205101855958,6.089079268653032,,0.3275473822480765,0.2210523325112368,0.9909081537009574,3665.4176840092982,3735.36083984375,14149,10658,w/o source-relative query cue
sample_2072,3,shallow,uniform,ellipsoid+sphere,mixed_two_shape,1,1,0,0.6839876310837308,0.5197425550393218,0.7202010192527462,0.6512416794677092,0.0369033142924308,28.65869200180969,0.9846064961550974,0.4532095362354217,6.770524351924304,1.959085147096208,,0.0957501280081925,0.391606581023721,1.32664991614216,3654.7051319939774,3734.17333984375,14128,15624,w/o source-relative query cue
sample_2077,3,medium,uniform,ellipsoid+irregular+sphere,mixed_three_shape,1,1,1,0.605841276313878,0.4345568879791479,0.6373873873875818,0.5772705196699479,0.0450243614614009,26.931048840265536,0.9780903015667556,1.2852445622957718,6.128621378417825,1.7799940068909492,,0.0943176299174356,0.5715218189697553,1.8000000000000005,3713.071250997018,3735.11083984375,18648,20590,w/o source-relative query cue
sample_2079,2,medium,uniform,ellipsoid+sphere,mixed_two_shape,1,1,0,0.5009214273751876,0.3341528833266269,0.3518474935286516,0.8691860465120081,0.031889583915472,29.92702281343224,0.9904381131635934,2.740968015969295,18.716837339678943,3.266957620635587,,1.4703488372093023,0.5638036837688222,1.216552506059644,3640.6696409976576,3734.61083984375,8498,3440,w/o source-relative query cue
sample_2086,1,medium,uniform,sphere,sphere,1,0,0,0.8453748617140283,0.7321639150947344,0.9841489994056188,0.7409009546543244,0.0180169604718685,34.8863697589534,0.9967253676809636,0.1990080743116428,3.6,2.593467128533069,,0.2471658711217183,0.177142116672053,0.3464101615137755,3798.606509997626,3734.98583984375,5047,6704,w/o source-relative query cue
sample_2087,2,shallow,uniform,ellipsoid+irregular,mixed_two_shape,0,1,1,0.5933117583605458,0.4217791411047871,0.4322011699996226,0.9459201223008868,0.0335319675505161,29.490818875848355,0.9872292743857476,0.8055274491962939,9.340235543068497,5.247179640557637,,1.1886107395375505,0.4598175220580504,1.148912529307606,3742.901122008334,3735.36083984375,11453,5233,w/o source-relative query cue
sample_2111,2,medium,uniform,ellipsoid+sphere,mixed_two_shape,1,1,0,0.868350589075389,0.7673318085024313,0.805914512922626,0.9412732198142983,0.0239843428134918,32.40144370414374,0.9902270894188672,0.1603100443515075,3.0789608636681307,4.198870372951293,,0.1679566563467492,0.2335726828928446,0.5656854249492381,3813.774601992918,3734.17333984375,12072,10336,w/o source-relative query cue
sample_2119,2,shallow,uniform,ellipsoid+sphere,mixed_two_shape,1,1,0,0.8428295965821608,0.7283539175326875,0.94003542211357,0.7638432017545478,0.0214473251253366,33.3725372957707,0.9918224736345164,0.1821572712955616,14.042791745233568,2.9250156671719285,,0.1874314692982456,0.1944417420077486,0.4898979485566356,3774.6640929981368,3735.11083984375,11857,14592,w/o source-relative query cue
sample_2121,2,shallow,uniform,ellipsoid,ellipsoid,0,1,0,0.7582722255331905,0.6106589875215515,0.9666380392416156,0.6238062755799694,0.0398533530533313,27.990702453838423,0.9847816724186385,0.7413208656840303,16.135674761223964,1.9346550335087696,,0.3546640518417462,0.3590059965604188,0.8485281374238571,3821.141186999739,3734.61083984375,15137,23456,w/o source-relative query cue
sample_2129,3,medium,uniform,ellipsoid+irregular+sphere,mixed_three_shape,1,1,1,0.7045914648960626,0.5439144839660287,0.9063541666667644,0.5763014968872856,0.0317321121692657,29.97002033786668,0.9903826525965204,0.390681315956416,9.099450532861862,1.5607605263505575,,0.3641541926082925,0.4193090712796399,1.1313708498984762,3682.350356000825,3734.98583984375,9600,15098,w/o source-relative query cue
sample_2166,3,medium,uniform,ellipsoid+irregular+sphere,mixed_three_shape,1,1,1,0.5888105726874058,0.4172441780611742,0.5729595336080479,0.6055636100039818,0.0334478914737701,29.51262577541277,0.9853916947731016,2.207763653049599,7.592101158440924,1.7932650997338553,,0.056904675607104,0.498620307557551,1.4422205101855958,3640.278183011105,3735.36083984375,11664,11036,w/o source-relative query cue
sample_2167,1,shallow,uniform,ellipsoid,ellipsoid,0,1,0,0.6309015196584117,0.46081529467573,0.4613620185086914,0.9974350205198402,0.0334576852619648,29.51008190362125,0.9887955292367808,0.2786211789501167,2.8354893757515653,10.091482831225555,,1.161935704514364,0.554168570926896,1.095445115010332,3741.862736002077,3734.17333984375,12643,5848,w/o source-relative query cue
sample_2172,1,shallow,uniform,ellipsoid,ellipsoid,0,1,0,0.8197768998374275,0.6945948606875114,0.6996231654108491,0.9897586980920458,0.0231337174773216,32.71509156827793,0.9921351612437344,0.1113930499189806,0.8485281374238571,8.16968818178973,,0.414702581369248,0.2261143308590304,0.4898979485566356,3646.265035000397,3735.11083984375,10084,7128,w/o source-relative query cue
sample_2175,2,shallow,uniform,irregular+sphere,mixed_two_shape,1,0,1,0.6736385161801673,0.5078845581677002,0.5619444749264106,0.8407486455428653,0.0280719306319952,31.034554428195804,0.9889624500194684,0.1913176696315062,3.4985711369071804,3.265975162575667,,0.4961418486291249,0.33645250666693,0.9797958971132712,3671.708939000382,3734.61083984375,9113,6091,w/o source-relative query cue
sample_2196,3,shallow,uniform,ellipsoid+sphere,mixed_two_shape,1,1,0,0.7046998098344848,0.5440436241615519,0.5919671382934824,0.8704697986579355,0.0271173100918531,31.335068023329807,0.9867589123791316,0.8063019851949595,14.722771478223796,4.007496508460551,,0.4704697986577181,0.271050964927897,0.7483314773547883,3662.8653969964944,3734.98583984375,8764,5960,w/o source-relative query cue
sample_2199,2,medium,uniform,irregular+sphere,mixed_two_shape,1,0,1,0.8331868959458287,0.7140705679863845,0.8150285468722358,0.8521727967136196,0.0286587309092283,30.854860626260106,0.988999073203888,0.2784882159122216,1.98997487421324,3.299875473687754,,0.0455741703575325,0.2155562959503248,0.8,3681.0738889907952,3735.36083984375,16289,15579,w/o source-relative query cue
sample_2202,2,medium,uniform,irregular+sphere,mixed_two_shape,1,0,1,0.6057344915061835,0.4344470173123448,0.4544405997699486,0.908043327955962,0.0292857941240072,30.666859507443075,0.9887132697313614,0.7261732193132614,14.699659860010367,4.623303493463942,,0.9981562572021204,0.5291212796170968,2.2,3672.936839007889,3734.17333984375,8670,4339,w/o source-relative query cue
sample_2207,2,deep,uniform,ellipsoid+sphere,mixed_two_shape,1,1,0,0.8163028577455361,0.6896213808466016,0.8243876464325618,0.808375104427936,0.0210351850837469,33.541073575468104,0.990986853337396,1.3135949023381648,1.624807680927192,3.486000983210688,,0.0194235588972431,0.2085323462016444,0.632455532033676,3710.934397997335,3735.11083984375,9390,9576,w/o source-relative query cue
sample_2208,3,medium,uniform,ellipsoid+irregular,mixed_two_shape,0,1,1,0.6651081239042648,0.4982486865151446,0.795411561549383,0.5714876521330666,0.0362221747636795,28.820509657926348,0.9841901004414167,1.576817372560135,4.753945729601885,1.8008690342811031,,0.2815195557131041,0.468954043308609,1.341640786499874,3805.21313000645,3734.61083984375,12161,16926,w/o source-relative query cue
sample_2209,1,deep,uniform,sphere,sphere,1,0,0,0.6820996756121482,0.5175654508844063,0.5179131213619369,0.998704663212438,0.0272744186222553,31.284890071452097,0.9915122026453288,0.0845514220250661,1.661324772583615,11.853741983114393,,0.9283246977547496,0.4229149116502338,0.8485281374238571,3783.442877989728,3734.98583984375,8932,4632,w/o source-relative query cue
sample_2225,3,shallow,uniform,ellipsoid+sphere,mixed_two_shape,1,1,0,0.8074808127738974,0.6771218622085727,0.87435521874809,0.7501092657344023,0.031543992459774,30.021667018839185,0.9823965084770584,0.7580779605549086,21.31009150613859,3.0921530575244365,,0.1421000874125874,0.2273156473991813,0.66332495807108,3638.051688001724,3735.36083984375,15703,18304,w/o source-relative query cue
sample_2234,2,deep,uniform,ellipsoid+sphere,mixed_two_shape,1,1,0,0.878747840227727,0.7837200870197755,0.8103092783506932,0.9598134991119452,0.0217626467347145,33.2457657354798,0.9922702413263912,0.2287734327028055,1.2328828005937953,5.845398586642258,,0.1845026642984014,0.1236185957930584,0.4,3682.251930993516,3734.17333984375,10670,9008,w/o source-relative query cue
sample_2259,2,medium,uniform,ellipsoid+sphere,mixed_two_shape,1,1,0,0.8829975554244782,0.7905063768773749,0.8330682360427604,0.9392934002869984,0.0243668239563703,32.26402147876767,0.9899318665263416,0.6771142420963191,3.1496031496047245,5.245215403404735,,0.1275107604017216,0.140739675325403,0.447213595499958,3684.557763990597,3735.11083984375,12574,11152,w/o source-relative query cue
sample_2263,2,medium,uniform,irregular+sphere,mixed_two_shape,1,0,1,0.698166605143535,0.536294896030684,0.5363962941959383,0.9996476391825236,0.0285353697836399,30.89233022638436,0.991106685992237,0.3780736526697134,1.8,12.721945451467006,,0.8636363636363636,0.3288012646098349,0.7483314773547883,3800.379752006848,3734.61083984375,10578,5676,w/o source-relative query cue
sample_2266,2,deep,uniform,ellipsoid+sphere,mixed_two_shape,1,1,0,0.5303738317760057,0.3608903020673371,0.3609540636048047,0.9995107632093946,0.0358266457915306,28.915877384915376,0.9863865127207788,1.5048470380540906,1.833030277982336,11.548284064592414,,1.7690802348336594,0.5500712507499318,1.108019122221163,3650.7547380024334,3734.98583984375,11320,4088,w/o source-relative query cue
sample_2270,3,deep,uniform,irregular+sphere,mixed_two_shape,1,0,1,0.5015494636475951,0.334712058543499,0.5302419354846603,0.4758028041618033,0.029988681897521,30.460852689798617,0.9857076305904418,2.5322758551635127,3.423448553724738,2.0527012743439244,,0.1026684758028041,0.4537209253757689,1.1661903789690602,3682.8317389881695,3735.36083984375,5952,6633,w/o source-relative query cue
sample_2271,3,shallow,uniform,ellipsoid+irregular,mixed_two_shape,0,1,1,0.6759358288771291,0.5105008077547251,0.7088039734040625,0.6459808717239937,0.0386445708572864,28.258229861667147,0.979505185309645,1.7719664775642956,12.280065146407,2.1517638922227627,,0.0886325472731255,0.3762234763780316,1.2806248474865698,3776.65590000106,3734.17333984375,12483,13697,w/o source-relative query cue
sample_2281,2,deep,uniform,ellipsoid+sphere,mixed_two_shape,1,1,0,0.6576064798457075,0.4898760832592979,0.95802645125528,0.5006207581528305,0.0335980243980884,29.47372537376776,0.9849221215676116,2.427028250369858,13.94130553427476,1.5999818705564786,,0.4774457871213375,0.5083511188847981,1.42828568570857,3714.888183996664,3735.11083984375,12627,24164,w/o source-relative query cue
sample_2293,1,deep,uniform,ellipsoid,ellipsoid,0,1,0,0.9067852985199124,0.8294667985092953,0.921341669483,0.892681728880245,0.0212000887840986,33.47324640253547,0.9931934545031949,0.0916840827757161,1.7549928774784247,4.085395546791969,,0.0311067452521283,0.1227449344062471,0.3464101615137755,3763.366264000069,3734.61083984375,11836,12216,w/o source-relative query cue
sample_2299,1,medium,uniform,irregular,irregular,0,0,1,0.5799947857829321,0.4084455324364646,0.4084955318895721,0.999700419412823,0.0288553275167942,30.79547965543464,0.9923521376994592,0.3938501847597231,0.2,14.376397586872574,,1.4472738166566808,0.5312057985234424,1.0,3719.15183600504,3734.98583984375,8169,3338,w/o source-relative query cue
sample_2306,3,shallow,uniform,irregular+sphere,mixed_two_shape,1,0,1,0.5508884625011365,0.3801560116290896,0.9131577127844064,0.394415409885204,0.0595091842114925,24.508319765476084,0.977690167369424,0.8951674652728093,2.6907248094147422,1.2963287488733484,,0.56807525757802,0.6764612135704461,1.8000000000000005,3693.301535997307,3735.36083984375,14463,33485,w/o source-relative query cue
sample_2323,3,shallow,uniform,ellipsoid+irregular,mixed_two_shape,0,1,1,0.76375525068807,0.6178026245314616,0.939472612502576,0.6434124742880301,0.0387338921427726,28.23817755142933,0.9840182194009462,2.620600079029749,0.916515138991168,1.8711446764616595,,0.3151344001673465,0.3195950396850932,1.0,3759.471525001573,3734.17333984375,19644,28683,w/o source-relative query cue
sample_2357,3,medium,uniform,ellipsoid+irregular+sphere,mixed_three_shape,1,1,1,0.7637247619691526,0.6177627266770713,0.7586530721761748,0.768864717879151,0.0301456060260534,30.415519493361085,0.987363466919581,0.5939248247896383,5.0990195135927845,2.8540611309577653,,0.0134602311352821,0.2745951031622262,0.7483314773547883,3706.515583005967,3735.11083984375,14908,14710,w/o source-relative query cue
sample_2361,2,shallow,uniform,ellipsoid+sphere,mixed_two_shape,1,1,0,0.8731692115924458,0.7748893805311291,0.8265486725664996,0.92536327608989,0.0252514779567718,31.954263487798254,0.9886755678003406,0.4285753643627526,2.9597297173897488,4.8086844132696696,,0.1195508586525759,0.1724592009650121,0.447213595499958,3684.05103799887,3734.61083984375,13560,12112,w/o source-relative query cue
sample_2372,3,deep,uniform,ellipsoid+sphere,mixed_two_shape,1,1,0,0.5210295673200418,0.3522920781967493,0.3671991480302682,0.8966712898753525,0.0405876748263835,27.832116799550253,0.9854732733775146,1.568099937179004,9.09065454189081,3.788350744851457,,1.4419209431345354,0.5906295533875004,1.50996688705415,3747.561570999096,3734.98583984375,14085,5768,w/o source-relative query cue
sample_2375,2,medium,uniform,ellipsoid+irregular,mixed_two_shape,0,1,1,0.6840686622217038,0.5198361362658905,0.5537754809075202,0.8945366849087334,0.0383822694420814,28.31738736012604,0.9827478478406164,1.3828868561365002,2.6305892875931813,3.9864028429162057,,0.6153418050273629,0.3985112127807936,0.8246211251235323,3712.65082800528,3735.36083984375,17415,10781,w/o source-relative query cue
sample_2378,3,shallow,uniform,ellipsoid+sphere,mixed_two_shape,1,1,0,0.7073577946031033,0.547218551003516,0.8119261966308834,0.6266510731978353,0.0308813005685806,30.20608810213277,0.9802048319206002,0.7508343635299409,8.160882305241266,2.414250599621313,,0.2281920748486516,0.3164837330920641,0.8,3713.889740000013,3734.17333984375,11219,14536,w/o source-relative query cue
sample_2385,2,deep,uniform,irregular,irregular,0,0,1,0.6207082995407581,0.4500196001575199,0.5309079697864484,0.7470715835146484,0.0270315688103437,31.36257485867237,0.9919550195276924,5.799167001054741,29.59526989233246,2.130563003972616,,0.4071583514099783,0.3593046078859152,0.7211102550927979,3676.185283999075,3735.11083984375,6487,4610,w/o source-relative query cue
sample_2409,2,shallow,uniform,ellipsoid+sphere,mixed_two_shape,1,1,0,0.5399667613791134,0.3698318278626938,0.3699404980537942,0.9992063492063508,0.0378647558391094,28.43529689277701,0.9864814452052784,2.489971800766813,1.4696938456699071,10.855260266817147,,1.7009920634920634,0.576988413274094,1.148912529307606,3659.9020450084936,3734.61083984375,13613,5040,w/o source-relative query cue
sample_2413,3,shallow,uniform,ellipsoid+irregular,mixed_two_shape,0,1,1,0.5340724316335794,0.3643238882729835,0.6345275728840581,0.4610770801432739,0.036377664655447,28.783304126109705,0.9822406605652746,1.0764300039865855,5.079370039680118,1.5297223997646838,,0.2733537519142419,0.5710625668757523,1.3416407864998738,3651.884773003985,3734.98583984375,11388,15672,w/o source-relative query cue
sample_2418,1,deep,uniform,sphere,sphere,1,0,0,0.7752360965374866,0.6329677861555295,0.65752936988313,0.9442740286299992,0.0191574767231941,34.35323324805181,0.9948511940668968,0.3416049258481572,2.785677655436824,5.1217792127074455,,0.4360940695296523,0.2456615016804821,0.6000000000000001,3700.7502400083463,3735.36083984375,5618,3912,w/o source-relative query cue
sample_2435,1,shallow,uniform,irregular,irregular,0,0,1,0.6072695035463894,0.4360280076390451,0.4360280076390451,1.0,0.0301751736551523,30.40700401305788,0.9915298633755616,0.1083160517744508,1.8000000000000005,14.350687901535537,,1.2934306569343066,0.5136978919031645,0.894427190999916,3744.734088992118,3734.17333984375,9426,4110,w/o source-relative query cue
sample_2440,2,deep,uniform,ellipsoid,ellipsoid,0,1,0,0.7577063618477665,0.60992533373587,0.6951177582949156,0.8326812191105512,0.0306949969381093,30.25864820173197,0.9847821096523628,1.3488064488370142,3.566510900025402,3.679609955189147,,0.1978995057660626,0.3260299909614565,1.4142135623730951,3649.684235002496,3735.11083984375,11634,9712,w/o source-relative query cue
sample_2442,3,medium,uniform,ellipsoid+irregular+sphere,mixed_three_shape,1,1,1,0.6796349844156072,0.5147326507397527,0.5941952853111865,0.7937719298247423,0.0362816229462623,28.806266118664286,0.9834163656183752,2.818550237096283,7.884161337770809,2.551081101905082,,0.3358771929824561,0.5810409444279455,2.814249455894058,3634.4797769997967,3734.61083984375,15229,11400,w/o source-relative query cue
sample_2453,1,medium,uniform,ellipsoid,ellipsoid,0,1,0,0.8130153777581064,0.6849417949684755,0.999087091473436,0.68537074148336,0.0212750304490327,33.44259646142038,0.9963927648386256,0.1389235514064091,2.2715633383201093,2.0017494090667367,,0.314003006012024,0.2288829992024508,0.447213595499958,3717.939606009168,3734.98583984375,5477,7984,w/o source-relative query cue
sample_2472,2,medium,uniform,ellipsoid+sphere,mixed_two_shape,1,1,0,0.7745210973165346,0.632015039688322,0.7549696415206231,0.7951121233358487,0.0299019441008567,30.48601133702042,0.9882326643700295,1.988806819808208,11.625833303466898,2.8915181307067046,,0.0531709880868955,0.2633161280030209,0.7211102550927979,3779.1987910022726,3735.36083984375,12023,11416,w/o source-relative query cue
sample_2477,2,medium,uniform,ellipsoid+irregular,mixed_two_shape,0,1,1,0.7145818935729884,0.5559139784948147,0.7736741290555647,0.663875905285498,0.0386183112859725,28.2641339648282,0.9855278411509046,0.8766389014538735,5.436910887627275,1.9870039205293808,,0.1419179207971647,0.3986025650726972,1.019803902718557,3644.456499998341,3734.17333984375,16706,19469,w/o source-relative query cue
sample_2478,3,medium,uniform,ellipsoid+irregular+sphere,mixed_three_shape,1,1,1,0.7515592239709782,0.6019982993198971,0.9601925946019528,0.6174072297564133,0.0363718643784523,28.784688552125925,0.9854945353262736,1.5928495052008882,4.800000000000001,2.003669972879896,,0.3569964679719182,0.4171258412331246,1.0543514752955423,3656.149442002061,3735.11083984375,14746,22933,w/o source-relative query cue
sample_2483,3,medium,uniform,ellipsoid+irregular+sphere,mixed_three_shape,1,1,1,0.7809036193796725,0.6405593780718254,0.8770953138383231,0.703725519069502,0.0321044512093067,29.86869440878631,0.9844959329865844,0.8540989071038653,13.642580401082489,2.304131215262853,,0.1976635743385854,0.2661531167196881,0.7211102550927979,3789.24450201157,3734.61083984375,16346,20373,w/o source-relative query cue
sample_2494,3,deep,uniform,irregular+sphere,mixed_two_shape,1,0,1,0.5179586038963485,0.3494899705625046,0.725039056952528,0.4028884855185834,0.0356406867504119,28.961077947254896,0.9896568070065708,0.7065230374350902,1.562049935181331,1.425822331913143,,0.4443216794254597,0.5231267392214948,1.2000000000000002,3721.536616998492,3734.98583984375,7041,12671,w/o source-relative query cue
sample_2505,3,medium,uniform,ellipsoid+sphere,mixed_two_shape,1,1,0,0.6780821917809392,0.5129533678759162,0.6673838209985173,0.6891291469196615,0.0340542010962963,29.35658534742413,0.9853067966303016,0.5185639117190713,9.158602513484247,2.214848247464107,,0.0325829383886255,0.4735902168299012,2.009975124224178,3711.146774003282,3735.36083984375,13944,13504,w/o source-relative query cue
sample_2533,1,deep,uniform,irregular,irregular,0,0,1,0.8286770140429943,0.7074709742557957,0.7094406479375988,0.996090973702921,0.0205885060131549,33.727503348545135,0.9952075797786556,0.1173807007831582,2.078460969082653,10.440721788495026,,0.4040511727078891,0.1844611540277248,0.447213595499958,3798.347036004998,3734.17333984375,7902,5628,w/o source-relative query cue
sample_2536,3,shallow,uniform,ellipsoid+irregular,mixed_two_shape,0,1,1,0.7360682022604763,0.5823638613863971,0.9245505452402746,0.6114215176717701,0.0283495094627141,30.949089069755967,0.9906266654140876,2.065384773797319,2.6076809620810595,1.570537533222206,,0.3386824324324324,0.3249731219928956,1.148912529307606,3654.582923991256,3735.11083984375,10179,15392,w/o source-relative query cue
sample_2584,1,deep,uniform,irregular,irregular,0,0,1,0.835604395604486,0.7176292940735016,0.7291207210665173,0.9785098442929114,0.0227851811796426,32.84695025936071,0.9936291943541482,0.2586001272529635,2.08806130178211,7.1103421722724764,,0.3420409213743405,0.217662543325364,0.5656854249492381,3647.068803998991,3734.61083984375,10429,7771,w/o source-relative query cue
sample_2589,3,shallow,uniform,ellipsoid+sphere,mixed_two_shape,1,1,0,0.7834263277537427,0.6439612705964306,0.7520830577967517,0.8174956871766694,0.0315947495400905,30.007701404598794,0.9826937469273476,0.5148840573371817,2.2,3.275433520983537,,0.0869752731454859,0.2578890263938306,0.8246211251235323,3663.0035410053097,3734.98583984375,15122,13912,w/o source-relative query cue
sample_2600,1,shallow,uniform,sphere,sphere,1,0,0,0.7782028148684387,0.6369328922499563,0.6376108811358514,0.9983333333333364,0.0228804908692836,32.81069365917406,0.9935740772299412,0.2440134786427698,2.6907248094147422,10.547057190855783,,0.5657407407407408,0.2778911347477841,0.7483314773547883,3655.4317849950166,3735.36083984375,8455,5400,w/o source-relative query cue
sample_2603,1,deep,uniform,ellipsoid,ellipsoid,0,1,0,0.8785243964207841,0.7833646970268849,0.8406300484653954,0.9199964639321784,0.0227744411677122,32.8510449218669,0.9927747196146094,0.3363117376647555,2.04939015319192,4.298770137806247,,0.0944130127298444,0.1726889058774287,0.447213595499958,3731.151938001858,3734.17333984375,12380,11312,w/o source-relative query cue
sample_2614,3,medium,uniform,sphere,sphere,1,0,0,0.5611653699721011,0.3900138057989031,0.5075356822043042,0.6274679170784458,0.0348310992121696,29.1606562907971,0.98439921028927,1.5277460395415292,21.84856974723975,1.8523759063823275,,0.2363030602171767,0.530012700916833,1.8110770276274837,3642.996802998823,3735.11083984375,10019,8104,w/o source-relative query cue
sample_2643,1,deep,uniform,ellipsoid,ellipsoid,0,1,0,0.8774703557312621,0.781690140845187,0.8803172314348232,0.874641833810963,0.0271696411073207,31.318321893647788,0.9905160630101734,0.2888507718378734,4.180908992073374,3.705476610795449,,0.0064469914040114,0.1905862068298275,0.5656854249492381,3644.8597309936304,3734.61083984375,16644,16752,w/o source-relative query cue
sample_2650,3,medium,uniform,ellipsoid+sphere,mixed_two_shape,1,1,0,0.5466802463749229,0.3761596476010304,0.377469693925807,0.9908579465541651,0.0395777858793735,28.050970369562464,0.9803423859513116,3.087077289560264,1.5748015748023625,8.279939405550978,,1.625,0.5089696911500644,1.077032961426901,3648.1550299940864,3734.98583984375,14931,5688,w/o source-relative query cue
sample_2655,1,shallow,uniform,ellipsoid,ellipsoid,0,1,0,0.640569395018022,0.4712041884821697,0.4712041884821697,1.0,0.031750489026308,29.964992038245715,0.9924165204565772,0.3028296287666792,2.6229754097208,25.571646174212265,,1.1222222222222222,0.5110051865620852,0.9797958971132712,3661.726605001604,3735.36083984375,10696,5040,w/o source-relative query cue
sample_2676,3,shallow,uniform,ellipsoid+sphere,mixed_two_shape,1,1,0,0.5402594367187448,0.3701064766637017,0.5305255910035224,0.5503571428576781,0.039935577660799,27.972800753845156,0.9863328090915794,6.155857946169066,14.458215657542254,1.2168556152833303,,0.0373809523809523,0.6863207124897303,2.529822128134704,3701.929657996516,3734.17333984375,8714,8400,w/o source-relative query cue
sample_2682,2,medium,uniform,irregular,irregular,0,0,1,0.8588995349708627,0.7526940539359156,0.9128300384769054,0.8109860317087222,0.0250472333282232,32.02480462426534,0.9874546236196778,0.233157525041407,12.857682528356346,3.2310803380062527,,0.1115695172982849,0.180593117919761,0.447213595499958,3647.41408599366,3735.11083984375,15074,16967,w/o source-relative query cue
sample_2684,3,medium,uniform,ellipsoid+irregular,mixed_two_shape,0,1,1,0.8442186447940735,0.730431098400736,0.8737408932531684,0.8166262064066454,0.0304638408124446,30.32430677436182,0.9872537986535128,2.398501733051185,2.039607805437114,3.0010490394691387,,0.0653679910000592,0.1716527976311552,0.447213595499958,3653.870598995127,3734.61083984375,15785,16889,w/o source-relative query cue
sample_2698,2,deep,uniform,ellipsoid,ellipsoid,0,1,0,0.8866746307558954,0.7964200360923784,0.9185981098110269,0.8568954659950373,0.024790933355689,32.114141868273144,0.9900443765564992,0.4428192139338158,1.562049935181331,3.39898772181838,,0.0671704450041981,0.1440138743588505,0.447213595499958,3716.261544002919,3734.98583984375,17776,19056,w/o source-relative query cue
sample_2702,2,deep,uniform,ellipsoid+irregular,mixed_two_shape,0,1,1,0.5914321632341248,0.4198819167933271,0.4871754022630442,0.7524606299218689,0.0275637283921241,31.193241008191368,0.9900220466040888,3.891468961224696,10.32666451474047,2.4458910821912454,,0.5445374015748031,0.4320839226439715,1.4422205101855958,3658.7586480018217,3735.36083984375,6277,4064,w/o source-relative query cue
sample_2711,3,deep,uniform,ellipsoid+sphere,mixed_two_shape,1,1,0,0.7885368009090429,0.6508962067529956,0.7825106489602967,0.7946564885497489,0.0347539670765399,29.179911956380217,0.9807554255727384,0.7300701334273666,15.085091978506464,3.194598810639326,,0.0155216284987277,0.2617863441543148,0.8,3668.977572990116,3734.17333984375,15964,15720,w/o source-relative query cue
sample_2719,1,shallow,uniform,ellipsoid,ellipsoid,0,1,0,0.8058071141817731,0.6747713235871513,0.6859799713879463,0.9763574660633751,0.0270666889846324,31.35129734889812,0.991720037730885,0.338718753494989,1.562049935181331,6.604788410901946,,0.4233031674208145,0.282758766783884,0.8485281374238571,3843.30991000752,3735.11083984375,12582,8840,w/o source-relative query cue
sample_2741,3,medium,uniform,ellipsoid+sphere,mixed_two_shape,1,1,0,0.7444602561497278,0.5929404145080357,0.8320458056895101,0.6735579752798164,0.0276810973882675,31.156333476798327,0.9869494493680698,2.1986313561178528,4.004996878900157,1.904424546664254,,0.1904796939376103,0.3891768342195829,1.1661903789690602,3798.3830479934113,3734.61083984375,11003,13592,w/o source-relative query cue
sample_2745,2,medium,uniform,irregular+sphere,mixed_two_shape,1,0,1,0.8064913090295289,0.6757314086871044,0.9774422073080212,0.6864362398537753,0.0190026182681322,34.423731581781915,0.9950862564255109,3.2011562528214825,14.610954794263106,2.277429388097222,,0.2977219167321288,0.1950706301629547,0.6000000000000001,3873.666722996859,3734.98583984375,5364,7638,w/o source-relative query cue
sample_2747,2,shallow,uniform,irregular+sphere,mixed_two_shape,1,0,1,0.7451590325842814,0.5938274665347089,0.8613033707866415,0.6566161858427626,0.0296674259006977,30.554402561019195,0.9903937090453042,0.7180798850323411,3.1622776601683795,2.0358417137566374,,0.2376481874871513,0.3182572379333519,0.7483314773547883,3774.6785409981385,3735.36083984375,11125,14593,w/o source-relative query cue
sample_2751,2,medium,uniform,sphere,sphere,1,0,0,0.774806024646383,0.6323945760694141,0.6350441418527345,0.9934456928839028,0.028300404548645,30.964147353723725,0.9868088940027616,0.2037008750638994,13.821722034536798,9.447435657899884,,0.56437265917603,0.2694980646232995,0.66332495807108,3789.408851007465,3734.17333984375,13366,8544,w/o source-relative query cue
sample_2759,1,medium,uniform,irregular,irregular,0,0,1,0.852588614393189,0.7430539953570411,0.7505295007566184,0.9867727498756969,0.0242883805185556,32.292029248953604,0.9932048724234076,0.0966283149324903,4.48998886412873,8.191235190816805,,0.3147687717553456,0.2069207872070653,0.5656854249492381,3903.6210119957104,3735.11083984375,13220,10055,w/o source-relative query cue
sample_2769,3,shallow,uniform,ellipsoid+sphere,mixed_two_shape,1,1,0,0.6032094466733771,0.4318538990953059,0.7519343272317871,0.5036021233572399,0.0356163568794727,28.967009960195465,0.986806778806142,1.789981646742495,4.345112196480087,1.4780230915974386,,0.33025783619818,0.5245464087823584,1.4282856857085702,3731.4574740012176,3734.61083984375,10598,15824,w/o source-relative query cue
sample_2771,1,shallow,uniform,ellipsoid,ellipsoid,0,1,0,0.9344312290332584,0.8769318832284503,0.9253070263741064,0.9437371663244642,0.0221437513828277,33.09497592442119,0.9942347101855564,0.2298438110261936,3.03315017762062,4.661859891152968,,0.019917864476386,0.1039550908477589,0.3464101615137755,3673.8521009974647,3734.98583984375,19868,19480,w/o source-relative query cue
sample_2784,1,deep,uniform,sphere,sphere,1,0,0,0.6704279015242743,0.5042433594185999,0.5074312333634566,0.9876943005181612,0.0274477265775203,31.229872114423397,0.9914727451473097,0.3400748711982048,2.870540018881465,8.77279546939268,,0.9464594127806564,0.4466051896568181,1.0,3624.349213001551,3735.36083984375,9016,4632,w/o source-relative query cue
sample_2799,3,medium,uniform,ellipsoid+sphere,mixed_two_shape,1,1,0,0.8412729175550056,0.7260319796616539,0.8814881000732017,0.8045670225386977,0.0271704327315092,31.318068754303,0.9912685307148096,0.3424293855149388,18.40543398021356,2.257587600028531,,0.0872627520759193,0.3003518920908752,2.061064039869453,3681.58700800268,3734.17333984375,12311,13488,w/o source-relative query cue
sample_2804,2,medium,uniform,irregular+sphere,mixed_two_shape,1,0,1,0.7344241326015379,0.5803082624445546,0.9656622284513444,0.5925352597182726,0.0279604606330394,31.06911389052626,0.9923587486510552,1.9074134073445037,3.328663395418648,2.2438074226276186,,0.3863949088407293,0.3101315654158534,0.692820323027551,3700.923306998448,3735.11083984375,7135,11628,w/o source-relative query cue
sample_2833,3,medium,uniform,irregular+sphere,mixed_two_shape,1,0,1,0.7446985713372127,0.5932428294379981,0.7080034108908416,0.7854054054056954,0.0267739687114954,31.44574502591585,0.9868885765653476,1.90621927558894,16.716458955173493,2.381001304581824,,0.1093243243243243,0.4465088561802594,2.6076809620810595,3659.574484001496,3734.61083984375,8209,7400,w/o source-relative query cue
sample_2844,2,medium,uniform,ellipsoid+irregular,mixed_two_shape,0,1,1,0.8032145960035465,0.6711433756807798,0.813701041513999,0.7929949964261666,0.0307394992560148,30.246063595024488,0.9877155646611614,1.996699042987368,2.9597297173897488,2.7091837019486715,,0.025446747676912,0.2368996171867193,0.6000000000000001,3707.793679990573,3734.98583984375,13634,13990,w/o source-relative query cue
sample_2850,3,deep,uniform,ellipsoid+irregular,mixed_two_shape,0,1,1,0.7761774280428637,0.6342238211881376,0.7169248074761111,0.8461067143222639,0.0367146916687488,28.703202617613197,0.98086207549398,0.6111140545284263,10.70700705145934,3.3042370474595657,,0.180188920091907,0.288951206285038,0.8246211251235323,3777.368171009584,3735.36083984375,23114,19585,w/o source-relative query cue
sample_2872,1,medium,uniform,irregular,irregular,0,0,1,0.6984961144967303,0.5366838487976489,0.5370991316313841,0.9985613810741713,0.0310712810605764,30.15281713721544,0.9917621118239768,0.2478037736171461,2.4083189157584592,13.581521675265428,,0.8591751918158568,0.4282560956519356,0.8485281374238571,3704.1154089965858,3734.17333984375,11631,6256,w/o source-relative query cue
sample_2873,2,shallow,uniform,irregular,irregular,0,0,1,0.4914207275227424,0.3257506824393473,0.3323662527569543,0.942415268180512,0.0305583551526069,30.29740042730432,0.9894670550550276,0.4794792300441783,2.172556098240044,6.09936786524009,,1.8354721948009212,0.6008949930370394,1.1832159566199232,3757.6464879966807,3735.11083984375,8617,3039,w/o source-relative query cue
sample_2874,1,medium,uniform,irregular,irregular,0,0,1,0.7066858920849156,0.5464147400545165,0.5464788732399689,0.9997852694867946,0.0266804806888103,31.476126917026065,0.9941496214058456,0.0580712771814484,3.762977544445356,17.028070752812635,,0.8295039725144943,0.3609681338912647,0.66332495807108,3674.6506099880207,3734.61083984375,8520,4657,w/o source-relative query cue
sample_2887,2,shallow,uniform,ellipsoid+irregular,mixed_two_shape,0,1,1,0.8245867515612038,0.7015292303847237,0.8372370580337972,0.812313036765506,0.0327237471938133,29.702739698876627,0.9872568838830872,2.9330070706921543,3.5496478698597698,3.1406839070642576,,0.0297693718035317,0.2458933561730624,0.6000000000000001,3645.6508559931535,3734.98583984375,20109,20726,w/o source-relative query cue
sample_2909,2,deep,uniform,irregular,irregular,0,0,1,0.7008091572923573,0.5394197174542232,0.968498568116754,0.5490529570933325,0.0417157337069511,27.594002453827315,0.9835000325564924,2.1247778702526814,5.377731863899501,1.7583436709534104,,0.4330885195206803,0.4730531951210595,1.28062484748657,3683.914970999467,3735.36083984375,14666,25870,w/o source-relative query cue
sample_2932,2,medium,uniform,ellipsoid+sphere,mixed_two_shape,1,1,0,0.7572549808815628,0.609340588159341,0.9737087258048094,0.6195337197052032,0.0302885174751281,30.374440172144425,0.9924504911711431,4.759441357477937,21.359775279716786,1.789501177526852,,0.3637381454162276,0.3117241453024618,0.8717797887081349,3649.4007199944463,3734.17333984375,9661,15184,w/o source-relative query cue
sample_2934,1,deep,uniform,irregular,irregular,0,0,1,0.630166343504628,0.4600312895779929,0.999514405956621,0.4601341281673173,0.0389012731611728,28.200723502645204,0.9922329830242628,0.1625587571731274,3.9038442591886273,1.199836053385213,,0.5396423248882265,0.5420574686072155,0.8485281374238571,3735.596409998834,3735.11083984375,6178,13420,w/o source-relative query cue
sample_2936,1,deep,uniform,ellipsoid,ellipsoid,0,1,0,0.3989327445032671,0.2491667624419616,0.2491667624419616,1.0,0.0346474684774875,29.20656979868219,0.9915408796785954,0.3513842434287426,2.08806130178211,25.91040422507744,,3.0133763837638377,0.8269800286707882,1.3416407864998738,3686.984147003386,3734.61083984375,8701,2168,w/o source-relative query cue
sample_2945,3,deep,uniform,ellipsoid+sphere,mixed_two_shape,1,1,0,0.7773391812867125,0.635776635179199,0.6490478515629283,0.9688411078717768,0.02249226719141,32.95933539070559,0.9902873464433208,1.178934804308008,7.096477999684069,6.856941847737604,,0.4927113702623906,0.1846640221284763,0.4898979485566356,3719.181214997661,3734.98583984375,8192,5488,w/o source-relative query cue
sample_2948,2,deep,uniform,ellipsoid+sphere,mixed_two_shape,1,1,0,0.8297257613793256,0.7090011332364343,0.7467814817974706,0.93339727195233,0.0239842850714921,32.40146401918267,0.9910566400313808,0.3297771207045213,19.309065228539676,5.445710949060089,,0.2498934356351236,0.1837319192989007,0.5656854249492381,3784.5694300049217,3735.36083984375,11729,9384,w/o source-relative query cue
sample_2951,1,shallow,uniform,irregular,irregular,0,0,1,0.5253933734172155,0.3562939186263933,0.3562939186263933,1.0,0.0366073697805404,28.72862921521332,0.9908718445653644,0.2000199427078207,4.049691346263317,22.992571520814323,,1.8066715364012664,0.6994832319242512,1.019803902718557,3684.21106900496,3734.17333984375,11527,4107,w/o source-relative query cue
sample_2956,2,deep,uniform,ellipsoid+irregular,mixed_two_shape,0,1,1,0.6502380285636725,0.4817427385897492,0.5061580381476771,0.9089841456255452,0.0290532540529966,30.736104582248757,0.988696781210284,1.5958802793791795,18.09861873182592,4.452819254779157,,0.7958504599725974,0.3590121784987057,0.7319987439975841,3740.07304800034,3735.11083984375,9175,5109,w/o source-relative query cue
sample_2961,2,medium,uniform,irregular,irregular,0,0,1,0.5483288606979515,0.3777225060504317,0.5683220390416017,0.5296945701361899,0.0393662899732589,28.097510513605464,0.9863625577234924,0.5993602299112627,7.191661838546082,1.8862579240146824,,0.0679675716440422,0.4839855043144782,1.4,3697.373899995,3734.61083984375,9887,10608,w/o source-relative query cue
sample_2977,1,medium,uniform,irregular,irregular,0,0,1,0.7305190495156442,0.5754470354495708,0.8754374801147384,0.6267653758546391,0.0286194756627082,30.866767109893345,0.9944151864901504,0.5057105044794907,3.6551333764994136,1.5596124550876131,,0.2840546697038724,0.3410612504093162,0.8,3703.446493003866,3734.98583984375,6286,8780,w/o source-relative query cue
sample_2987,3,deep,uniform,ellipsoid+sphere,mixed_two_shape,1,1,0,0.489399643352689,0.3239769150056013,0.3713838936673053,0.7173559479557186,0.0446799360215663,26.997748876455752,0.985804705925778,0.4683513977260586,2.3579652245103198,1.901965197870539,,0.9315752788104088,0.6665332362742811,1.7088007490635064,3733.798136003315,3735.36083984375,16627,8608,w/o source-relative query cue
sample_2993,3,deep,uniform,irregular+sphere,mixed_two_shape,1,0,1,0.7405374499715606,0.587978935900138,0.765303710706966,0.7173238812586206,0.0271089170128107,31.33775668438303,0.9841547105685948,0.3061756957624763,15.4544491975612,3.155534746653755,,0.0626938413823659,0.2529360887624896,0.8,3710.445470991544,3734.17333984375,8462,9028,w/o source-relative query cue
