sample_id,comparison,num_foci,delta_dice,delta_component_recall,delta_merge_count,ssq_dice,ablation_dice,ssq_merge_count,ablation_merge_count
sample_0002,w/o transport-aware footprint,1,0.008109027727208673,0.0,0.0,0.8898951616873112,0.8817861339601025,0.0,0.0
sample_0006,w/o transport-aware footprint,1,0.04698829787934167,0.0,0.0,0.916049030786833,0.8690607329074913,0.0,0.0
sample_0022,w/o transport-aware footprint,2,0.12315748256373804,0.0,0.0,0.6420919974797467,0.5189345149160086,0.0,0.0
sample_0032,w/o transport-aware footprint,1,0.020791138392244557,0.0,0.0,0.904883081155466,0.8840919427632215,0.0,0.0
sample_0038,w/o transport-aware footprint,2,0.09268521179072287,0.0,0.0,0.8499488551420844,0.7572636433513615,0.0,0.0
sample_0079,w/o transport-aware footprint,2,0.10072654548485815,0.5,-1.0,0.6839412565793058,0.5832147110944477,0.0,1.0
sample_0096,w/o transport-aware footprint,2,0.07149919471067745,0.0,0.0,0.8356892457311796,0.7641900510205022,0.0,0.0
sample_0100,w/o transport-aware footprint,2,0.13360459300319188,0.0,0.0,0.4234596654674746,0.2898550724642827,0.0,0.0
sample_0108,w/o transport-aware footprint,1,-0.20885357892480716,0.0,0.0,0.634927901121747,0.8437814800465542,0.0,0.0
sample_0113,w/o transport-aware footprint,3,0.09955721784932314,0.0,0.0,0.6857579877636932,0.5862007699143701,0.0,0.0
sample_0122,w/o transport-aware footprint,3,-0.0005320378987027086,0.0,0.0,0.6915035762007029,0.6920356140994056,1.0,1.0
sample_0128,w/o transport-aware footprint,3,0.08955373518862209,0.0,0.0,0.8573063352300272,0.7677526000414051,0.0,0.0
sample_0130,w/o transport-aware footprint,2,0.0505347269865325,-0.5,0.0,0.9066380133715934,0.856103286385061,0.0,0.0
sample_0158,w/o transport-aware footprint,1,0.03188543960309287,0.0,0.0,0.8821954484606214,0.8503100088575285,0.0,0.0
sample_0163,w/o transport-aware footprint,3,0.09768295136143756,0.0,0.0,0.7785094992183738,0.6808265478569362,0.0,0.0
sample_0180,w/o transport-aware footprint,1,0.11620010404243286,0.0,0.0,0.6212534059948729,0.50505330195244,0.0,0.0
sample_0187,w/o transport-aware footprint,3,0.06777728461434529,0.0,0.0,0.8387824126268608,0.7710051280125155,0.0,0.0
sample_0189,w/o transport-aware footprint,3,0.03298067743066213,0.0,0.0,0.8265684715597327,0.7935877941290705,0.0,0.0
sample_0192,w/o transport-aware footprint,3,0.01754920062675014,0.0,0.0,0.6262897730001313,0.6087405723733812,1.0,1.0
sample_0207,w/o transport-aware footprint,2,-0.0113841697127125,0.0,0.0,0.7960532498042926,0.8074374195170051,0.0,0.0
sample_0234,w/o transport-aware footprint,3,0.025328344622650656,0.0,0.0,0.6218870296175576,0.5965586849949069,0.0,0.0
sample_0240,w/o transport-aware footprint,2,0.0037844488758140837,0.0,0.0,0.8426555531184314,0.8388711042426173,0.0,0.0
sample_0248,w/o transport-aware footprint,3,0.0719292529192338,0.0,0.0,0.8549960797979234,0.7830668268786896,0.0,0.0
sample_0260,w/o transport-aware footprint,3,-0.16263615058920589,0.0,0.0,0.4978645515561331,0.660500702145339,0.0,0.0
sample_0276,w/o transport-aware footprint,2,0.0037040053006506257,0.0,0.0,0.8045966184713397,0.800892613170689,0.0,0.0
sample_0280,w/o transport-aware footprint,1,0.1135653876168719,0.0,0.0,0.4000562271585605,0.2864908395416886,0.0,0.0
sample_0290,w/o transport-aware footprint,3,-0.011041664991833011,0.0,0.0,0.6179762227473113,0.6290178877391444,0.0,0.0
sample_0297,w/o transport-aware footprint,1,-0.06681771428374217,0.0,0.0,0.7465009023462015,0.8133186166299436,0.0,0.0
sample_0300,w/o transport-aware footprint,3,-0.018644717490345575,0.0,0.0,0.6764667163984043,0.6951114338887499,0.0,0.0
sample_0308,w/o transport-aware footprint,2,0.03382320977381481,0.0,0.0,0.8487514049749065,0.8149281952010917,0.0,0.0
sample_0322,w/o transport-aware footprint,2,0.13003361743140385,0.0,0.0,0.7474959672882366,0.6174623498568328,1.0,1.0
sample_0328,w/o transport-aware footprint,1,0.05185849448804969,0.0,0.0,0.886400197995368,0.8345417035073183,0.0,0.0
sample_0335,w/o transport-aware footprint,1,0.005600737862420768,0.0,0.0,0.7674376905148221,0.7618369526524014,0.0,0.0
sample_0347,w/o transport-aware footprint,2,-0.1252850173506735,-0.5,0.0,0.4745248685812024,0.5998098859318759,0.0,0.0
sample_0350,w/o transport-aware footprint,3,0.010257128360723122,0.0,0.0,0.5609278269731518,0.5506706986124287,0.0,0.0
sample_0378,w/o transport-aware footprint,2,0.055218314313232764,0.5,-1.0,0.7811087538051005,0.7258904394918677,0.0,1.0
sample_0382,w/o transport-aware footprint,2,0.136670622805646,0.0,0.0,0.7159985683610272,0.5793279455553811,0.0,0.0
sample_0386,w/o transport-aware footprint,3,-0.011915189229343981,0.0,0.0,0.6096795095451281,0.621594698774472,1.0,1.0
sample_0396,w/o transport-aware footprint,3,0.045495352823419766,0.0,0.0,0.6443109632255978,0.598815610402178,0.0,0.0
sample_0397,w/o transport-aware footprint,3,-0.12093691700304499,0.0,0.0,0.6243704993647929,0.7453074163678379,1.0,1.0
sample_0401,w/o transport-aware footprint,3,0.1103200266512272,0.0,0.0,0.6808043875686854,0.5704843609174582,0.0,0.0
sample_0409,w/o transport-aware footprint,2,0.1923709447531603,0.0,0.0,0.6902909447533898,0.4979200000002295,0.0,0.0
sample_0418,w/o transport-aware footprint,3,0.06505642927142313,0.0,0.0,0.5280833815870217,0.4630269523155986,0.0,0.0
sample_0436,w/o transport-aware footprint,2,0.028816853241568685,0.0,0.0,0.4684916963680378,0.4396748431264691,0.0,0.0
sample_0438,w/o transport-aware footprint,2,-0.12938209144531998,0.5,-1.0,0.6175514626221441,0.7469335540674641,0.0,1.0
sample_0447,w/o transport-aware footprint,1,0.05913100568704044,0.0,0.0,0.9098688494094412,0.8507378437224008,0.0,0.0
sample_0449,w/o transport-aware footprint,2,0.06260800454568505,0.0,0.0,0.7809661781914632,0.7183581736457781,0.0,0.0
sample_0456,w/o transport-aware footprint,3,0.07045894197643299,0.0,0.0,0.644314338703355,0.573855396726922,1.0,1.0
sample_0458,w/o transport-aware footprint,1,0.11793392943563685,0.0,0.0,0.8835725677832034,0.7656386383475665,0.0,0.0
sample_0469,w/o transport-aware footprint,3,-0.0032629278843852028,-0.33333333333333337,1.0,0.692207190121089,0.6954701180054742,1.0,0.0
sample_0472,w/o transport-aware footprint,1,-0.03019540920553121,0.0,0.0,0.8790746582545198,0.909270067460051,0.0,0.0
sample_0473,w/o transport-aware footprint,3,0.11682014187713452,0.0,0.0,0.7592015968064834,0.6423814549293488,0.0,0.0
sample_0511,w/o transport-aware footprint,2,0.017705079464400142,0.0,0.0,0.7933257032710118,0.7756206238066117,0.0,0.0
sample_0521,w/o transport-aware footprint,3,0.08861242696423577,0.0,0.0,0.8116117608686401,0.7229993339044043,0.0,0.0
sample_0525,w/o transport-aware footprint,3,-0.038216281079002656,-0.33333333333333337,0.0,0.5552012514291829,0.5934175325081855,0.0,0.0
sample_0535,w/o transport-aware footprint,2,0.039365581132335126,0.0,0.0,0.8250636857914813,0.7856981046591461,0.0,0.0
sample_0536,w/o transport-aware footprint,2,-0.0005551175378174511,0.0,0.0,0.756917331522868,0.7574724490606854,0.0,0.0
sample_0541,w/o transport-aware footprint,1,0.1859395904188914,0.0,0.0,0.8667374312459069,0.6807978408270154,0.0,0.0
sample_0566,w/o transport-aware footprint,3,0.08701016135995665,0.3333333333333333,0.0,0.6029715229056062,0.5159613615456495,1.0,1.0
sample_0585,w/o transport-aware footprint,2,-0.16070466940173467,0.0,0.0,0.5194493006995633,0.680153970101298,0.0,0.0
sample_0603,w/o transport-aware footprint,1,0.058154088493119094,0.0,0.0,0.8829140336235347,0.8247599451304156,0.0,0.0
sample_0610,w/o transport-aware footprint,2,0.16647331156253764,0.0,0.0,0.7649038156309029,0.5984305040683653,1.0,1.0
sample_0626,w/o transport-aware footprint,3,0.006641368220760502,0.0,0.0,0.5015924323812798,0.4949510641605193,0.0,0.0
sample_0633,w/o transport-aware footprint,2,0.19665274792051646,0.0,0.0,0.730434782608985,0.5337820346884685,0.0,0.0
sample_0646,w/o transport-aware footprint,3,0.06978216028512219,0.0,0.0,0.8454703587044119,0.7756881984192897,0.0,0.0
sample_0647,w/o transport-aware footprint,3,0.07992512827799192,0.0,0.0,0.8446249033256594,0.7646997750476675,0.0,0.0
sample_0652,w/o transport-aware footprint,3,-0.02706749433181621,0.0,0.0,0.6688382988069436,0.6959057931387598,1.0,1.0
sample_0661,w/o transport-aware footprint,1,0.26837619760077347,0.0,0.0,0.8927929008275016,0.6244167032267282,0.0,0.0
sample_0666,w/o transport-aware footprint,1,0.31808975381570337,0.0,0.0,0.7555277430123534,0.43743798919665,0.0,0.0
sample_0674,w/o transport-aware footprint,3,0.07390852309326479,0.33333333333333337,-1.0,0.8649062725307025,0.7909977494374377,0.0,1.0
sample_0676,w/o transport-aware footprint,3,0.021097774041820894,0.0,0.0,0.7789734311019051,0.7578756570600842,1.0,1.0
sample_0681,w/o transport-aware footprint,3,0.03020537796111733,0.0,0.0,0.8159262467516966,0.7857208687905792,0.0,0.0
sample_0712,w/o transport-aware footprint,2,0.25130529634917975,0.5,-1.0,0.7030965391623974,0.4517912428132177,0.0,1.0
sample_0751,w/o transport-aware footprint,3,0.031568791331416435,0.0,0.0,0.842734029456057,0.8111652381246406,0.0,0.0
sample_0761,w/o transport-aware footprint,1,0.13477576953912485,0.0,0.0,0.9012820512821303,0.7665062817430055,0.0,0.0
sample_0777,w/o transport-aware footprint,2,0.02812530950783143,0.0,0.0,0.8869154129940383,0.8587901034862069,0.0,0.0
sample_0778,w/o transport-aware footprint,1,0.040283834301041765,0.0,0.0,0.7534221439319779,0.7131383096309362,0.0,0.0
sample_0791,w/o transport-aware footprint,1,-0.011145482532752049,0.0,0.0,0.915706806282796,0.926852288815548,0.0,0.0
sample_0796,w/o transport-aware footprint,1,0.03996106122715937,0.0,0.0,0.9317979299472672,0.8918368687201078,0.0,0.0
sample_0807,w/o transport-aware footprint,1,0.14901409997359427,0.0,0.0,0.8778138026865421,0.7287997027129478,0.0,0.0
sample_0817,w/o transport-aware footprint,1,0.2378862823546437,0.0,0.0,0.8280095202307053,0.5901232378760616,0.0,0.0
sample_0823,w/o transport-aware footprint,1,-0.15637289143449007,0.0,0.0,0.5890236958523108,0.7453965872868009,0.0,0.0
sample_0858,w/o transport-aware footprint,3,0.008484634644181588,0.0,0.0,0.7757074243389342,0.7672227896947527,0.0,0.0
sample_0860,w/o transport-aware footprint,3,-0.015125691768228866,-0.33333333333333337,0.0,0.7726483585859483,0.7877740503541771,0.0,0.0
sample_0867,w/o transport-aware footprint,3,-0.007015027413906916,-0.33333333333333337,0.0,0.6515234847652482,0.6585385121791552,0.0,0.0
sample_0870,w/o transport-aware footprint,3,0.046772844345762954,0.0,0.0,0.5322898116039309,0.4855169672581679,1.0,1.0
sample_0875,w/o transport-aware footprint,3,0.0776947762659621,0.0,0.0,0.7743372688796089,0.6966424926136467,0.0,0.0
sample_0881,w/o transport-aware footprint,3,-0.01915373954114985,0.0,0.0,0.7134787857882646,0.7326325253294145,0.0,0.0
sample_0895,w/o transport-aware footprint,2,-0.0724579713039133,0.0,0.0,0.7011385199242562,0.7735964912281695,0.0,0.0
sample_0911,w/o transport-aware footprint,2,-0.16775767959119225,0.0,0.0,0.4790990944239656,0.6468567740151578,0.0,0.0
sample_0913,w/o transport-aware footprint,2,0.20499073934226247,0.0,0.0,0.6557690774263171,0.4507783380840546,0.0,0.0
sample_0914,w/o transport-aware footprint,1,-0.08433091011673338,0.0,0.0,0.4807044807048169,0.5650353908215503,0.0,0.0
sample_0920,w/o transport-aware footprint,1,0.05185714018397625,0.0,0.0,0.7307141241235724,0.6788569839395961,0.0,0.0
sample_0932,w/o transport-aware footprint,1,-0.05480250636593664,0.0,0.0,0.3771959459464719,0.4319984523124085,0.0,0.0
sample_0942,w/o transport-aware footprint,2,-0.11341979361295584,0.0,0.0,0.7386274680353669,0.8520472616483228,0.0,0.0
sample_0953,w/o transport-aware footprint,1,0.05026038577761616,0.0,0.0,0.9014998183611236,0.8512394325835074,0.0,0.0
sample_0960,w/o transport-aware footprint,1,0.14930366279911922,0.0,0.0,0.9455816275587072,0.796277964759588,0.0,0.0
sample_0974,w/o transport-aware footprint,2,0.11210621472700733,0.0,0.0,0.8090008613266483,0.696894646599641,0.0,0.0
sample_0977,w/o transport-aware footprint,3,0.026283656871933347,-0.33333333333333337,0.0,0.6303853064485405,0.6041016495766072,0.0,0.0
sample_0979,w/o transport-aware footprint,1,0.08799376601913045,0.0,0.0,0.8319367588934135,0.743942992874283,0.0,0.0
sample_1000,w/o transport-aware footprint,3,0.09617529833409622,0.0,-1.0,0.7908607863975606,0.6946854880634644,0.0,1.0
sample_1002,w/o transport-aware footprint,2,-0.08208658825904214,0.0,0.0,0.6305578621576091,0.7126444504166513,0.0,0.0
sample_1003,w/o transport-aware footprint,3,0.07105181444921727,0.0,0.0,0.7780484423583907,0.7069966279091734,1.0,1.0
sample_1015,w/o transport-aware footprint,3,0.004664205281006528,0.0,1.0,0.8223303076304029,0.8176661023493964,1.0,0.0
sample_1018,w/o transport-aware footprint,1,0.1079332165092951,0.0,0.0,0.8583881327421178,0.7504549162328227,0.0,0.0
sample_1028,w/o transport-aware footprint,2,0.012718428603473275,0.5,-1.0,0.7154992158914562,0.7027807872879829,0.0,1.0
sample_1068,w/o transport-aware footprint,3,-0.2716043515944657,0.0,0.0,0.5916679833572488,0.8632723349517145,0.0,0.0
sample_1069,w/o transport-aware footprint,3,-0.1416492745856791,0.0,0.0,0.5525016044871076,0.6941508790727867,0.0,0.0
sample_1072,w/o transport-aware footprint,3,0.052983988374569746,0.0,0.0,0.5440317972924507,0.4910478089178809,1.0,1.0
sample_1078,w/o transport-aware footprint,2,0.035134654711734714,0.0,0.0,0.7659908231696279,0.7308561684578931,0.0,0.0
sample_1081,w/o transport-aware footprint,2,-0.06015601488058597,0.0,0.0,0.723182894453712,0.783338909334298,0.0,0.0
sample_1085,w/o transport-aware footprint,2,0.03602564278267684,0.0,0.0,0.8819432041436324,0.8459175613609555,0.0,0.0
sample_1086,w/o transport-aware footprint,2,0.09920235777952169,0.0,0.0,0.8466593647317738,0.7474570069522521,0.0,0.0
sample_1092,w/o transport-aware footprint,3,0.010793582699604176,0.0,0.0,0.6406148234989186,0.6298212407993145,0.0,0.0
sample_1093,w/o transport-aware footprint,2,0.04820706563902111,0.0,0.0,0.9117365625103404,0.8635294968713193,0.0,0.0
sample_1096,w/o transport-aware footprint,2,0.07863894368446267,0.0,0.0,0.7113241113895685,0.6326851677051059,0.0,0.0
sample_1112,w/o transport-aware footprint,3,0.03776240023536914,0.0,0.0,0.7184685793023382,0.6807061790669691,0.0,0.0
sample_1126,w/o transport-aware footprint,1,0.09833321982676224,0.0,0.0,0.7566737084696017,0.6583404886428394,0.0,0.0
sample_1133,w/o transport-aware footprint,1,0.06373410570048532,0.0,0.0,0.899694306457872,0.8359602007573866,0.0,0.0
sample_1135,w/o transport-aware footprint,3,0.04280106337774403,0.0,0.0,0.7228608774341513,0.6800598140564073,0.0,0.0
sample_1139,w/o transport-aware footprint,1,0.06477203196679016,0.0,0.0,0.5655764783617727,0.5008044463949826,0.0,0.0
sample_1167,w/o transport-aware footprint,2,0.1215358186111184,0.0,0.0,0.8927238805970705,0.7711880619859521,0.0,0.0
sample_1175,w/o transport-aware footprint,1,0.06697957373590324,0.0,0.0,0.8828410814670449,0.8158615077311416,0.0,0.0
sample_1185,w/o transport-aware footprint,2,0.012375274215700505,0.0,0.0,0.518623457883526,0.5062481836678255,0.0,0.0
sample_1211,w/o transport-aware footprint,1,0.20498888976834884,0.0,0.0,0.8792678074016083,0.6742789176332594,0.0,0.0
sample_1215,w/o transport-aware footprint,2,0.05462597186437168,0.0,0.0,0.8664596273292349,0.8118336554648632,0.0,0.0
sample_1230,w/o transport-aware footprint,3,0.08937619914252393,0.0,0.0,0.6358375582528623,0.5464613591103383,0.0,0.0
sample_1244,w/o transport-aware footprint,1,0.06203928985654794,0.0,0.0,0.8827186781365448,0.8206793882799969,0.0,0.0
sample_1259,w/o transport-aware footprint,2,-0.014232295146469176,0.0,0.0,0.6933345737012451,0.7075668688477142,0.0,0.0
sample_1262,w/o transport-aware footprint,1,0.12024014958578111,0.0,0.0,0.7708315269229421,0.650591377337161,0.0,0.0
sample_1266,w/o transport-aware footprint,2,0.1577946217818641,0.0,0.0,0.6041372825580581,0.446342660776194,0.0,0.0
sample_1276,w/o transport-aware footprint,1,0.1211326123153863,0.0,0.0,0.9100893997446868,0.7889567874293005,0.0,0.0
sample_1285,w/o transport-aware footprint,2,-0.03287531177842895,0.0,0.0,0.6421974331296376,0.6750727449080666,0.0,0.0
sample_1286,w/o transport-aware footprint,1,-0.07648657629863831,0.0,0.0,0.7120515787734462,0.7885381550720845,0.0,0.0
sample_1288,w/o transport-aware footprint,1,0.07538261494185061,0.0,0.0,0.6467031794582497,0.5713205645163991,0.0,0.0
sample_1292,w/o transport-aware footprint,1,-0.006684536545083275,0.0,0.0,0.7783484788622194,0.7850330154073026,0.0,0.0
sample_1319,w/o transport-aware footprint,1,0.08297107286668504,0.0,0.0,0.6716899892359898,0.5887189163693047,0.0,0.0
sample_1327,w/o transport-aware footprint,3,-0.10901295526567012,0.0,0.0,0.7313140987271115,0.8403270539927816,0.0,0.0
sample_1328,w/o transport-aware footprint,1,0.13449606797319003,0.0,0.0,0.8153257978724939,0.6808297298993039,0.0,0.0
sample_1366,w/o transport-aware footprint,2,0.1755221842744138,0.0,0.0,0.5617960986385264,0.3862739143641126,0.0,0.0
sample_1372,w/o transport-aware footprint,2,0.15679325027208224,0.0,0.0,0.7682354433594213,0.611442193087339,0.0,0.0
sample_1378,w/o transport-aware footprint,3,-0.04648656094294412,0.33333333333333337,-1.0,0.6593505589453097,0.7058371198882538,0.0,1.0
sample_1384,w/o transport-aware footprint,2,-0.059330256726801256,0.0,0.0,0.4886255018163408,0.547955758543142,1.0,1.0
sample_1389,w/o transport-aware footprint,2,0.07455388442616173,0.5,-1.0,0.8416785484637979,0.7671246640376361,0.0,1.0
sample_1404,w/o transport-aware footprint,3,0.0054791699822078765,0.0,0.0,0.7724398670230844,0.7669606970408765,0.0,0.0
sample_1429,w/o transport-aware footprint,2,-0.016390215688872556,0.0,0.0,0.7659676109493307,0.7823578266382033,0.0,0.0
sample_1432,w/o transport-aware footprint,2,0.022618547281845314,0.0,0.0,0.8770909090910368,0.8544723618091915,0.0,0.0
sample_1438,w/o transport-aware footprint,1,0.10009721089244261,0.0,0.0,0.6795752654600887,0.5794780545676461,0.0,0.0
sample_1455,w/o transport-aware footprint,2,0.0016313499269465792,0.0,0.0,0.7426735021808315,0.7410421522538849,1.0,1.0
sample_1470,w/o transport-aware footprint,3,-0.11066937145421851,0.0,-1.0,0.7205480764624825,0.831217447916701,0.0,1.0
sample_1482,w/o transport-aware footprint,3,0.041170994563449526,0.33333333333333337,-1.0,0.7244854100006092,0.6833144154371597,0.0,1.0
sample_1486,w/o transport-aware footprint,2,0.048085722450097235,0.0,0.0,0.914133983996586,0.8660482615464887,0.0,0.0
sample_1513,w/o transport-aware footprint,3,0.0006595137767997361,0.0,0.0,0.6401307130215403,0.6394711992447406,1.0,1.0
sample_1516,w/o transport-aware footprint,3,-0.14260732759446537,0.0,0.0,0.7029716528964701,0.8455789804909355,0.0,0.0
sample_1529,w/o transport-aware footprint,2,0.1000438466658059,0.0,0.0,0.7897314642797535,0.6896876176139476,1.0,1.0
sample_1566,w/o transport-aware footprint,3,0.062212032660181826,0.0,0.0,0.4247787610623157,0.3625667284021339,1.0,1.0
sample_1572,w/o transport-aware footprint,2,-0.1455824379279842,0.0,0.0,0.7028679752952346,0.8484504132232188,0.0,0.0
sample_1599,w/o transport-aware footprint,3,0.011438038110117899,0.0,0.0,0.6071906001550643,0.5957525620449464,0.0,0.0
sample_1620,w/o transport-aware footprint,2,0.18528598106207012,0.5,-1.0,0.6164908351508125,0.4312048540887424,0.0,1.0
sample_1634,w/o transport-aware footprint,1,0.190766164287964,0.0,0.0,0.7073430982639369,0.5165769339759729,0.0,0.0
sample_1635,w/o transport-aware footprint,3,-0.021686089534396102,0.0,0.0,0.7224104549855632,0.7440965445199593,1.0,1.0
sample_1642,w/o transport-aware footprint,2,0.04198384824267576,0.0,0.0,0.839706190975933,0.7977223427332573,0.0,0.0
sample_1643,w/o transport-aware footprint,3,0.04998592311312,0.0,0.0,0.813613368082228,0.763627444969108,0.0,0.0
sample_1683,w/o transport-aware footprint,1,0.15527003201585798,0.0,0.0,0.8140735958685021,0.6588035638526442,0.0,0.0
sample_1686,w/o transport-aware footprint,2,0.0834322917938144,0.0,0.0,0.8256194914863986,0.7421871996925842,0.0,0.0
sample_1688,w/o transport-aware footprint,3,-0.12949157176036674,0.0,0.0,0.5941575629243014,0.7236491346846682,0.0,0.0
sample_1697,w/o transport-aware footprint,2,0.08589536007365883,0.0,0.0,0.6319079603646792,0.5460126002910204,0.0,0.0
sample_1717,w/o transport-aware footprint,3,0.01851270607742561,-0.33333333333333337,0.0,0.7505705086124135,0.7320578025349879,0.0,0.0
sample_1718,w/o transport-aware footprint,3,0.11274205586327057,0.33333333333333337,-1.0,0.6830859267840147,0.5703438709207441,0.0,1.0
sample_1729,w/o transport-aware footprint,2,0.03814307515279458,0.0,0.0,0.8125925348711817,0.7744494597183871,0.0,0.0
sample_1731,w/o transport-aware footprint,2,-0.08270584130783132,0.0,0.0,0.6397989949752363,0.7225048362830676,0.0,0.0
sample_1734,w/o transport-aware footprint,2,-0.07226810100585512,0.0,0.0,0.7218463987267323,0.7941144997325874,0.0,0.0
sample_1741,w/o transport-aware footprint,3,0.050174849249304376,0.33333333333333337,-1.0,0.7357682804511742,0.6855934312018698,0.0,1.0
sample_1760,w/o transport-aware footprint,3,-0.029318524588989092,0.0,0.0,0.6983085846164107,0.7276271092053997,0.0,0.0
sample_1765,w/o transport-aware footprint,1,-0.05523778199395635,0.0,0.0,0.7472223546803933,0.8024601366743497,0.0,0.0
sample_1787,w/o transport-aware footprint,2,0.02881755594203894,0.5,0.0,0.8578425915619972,0.8290250356199582,0.0,0.0
sample_1809,w/o transport-aware footprint,1,0.02554270264415537,0.0,0.0,0.8628868961528328,0.8373441935086774,0.0,0.0
sample_1811,w/o transport-aware footprint,2,0.080831912670562,0.0,0.0,0.6946306582393573,0.6137987455687953,0.0,0.0
sample_1812,w/o transport-aware footprint,1,-0.09665755931999531,0.0,0.0,0.7067382469521315,0.8033958062721268,0.0,0.0
sample_1815,w/o transport-aware footprint,3,0.0405799097566486,0.0,0.0,0.3635838388843367,0.3230039291276881,1.0,1.0
sample_1826,w/o transport-aware footprint,2,-0.0004768450132216495,0.0,0.0,0.8067408156388226,0.8072176606520443,0.0,0.0
sample_1837,w/o transport-aware footprint,2,0.14902320865609553,0.0,0.0,0.8899109217661261,0.7408877131100305,0.0,0.0
sample_1839,w/o transport-aware footprint,1,0.10627188616861571,0.0,0.0,0.9044998777207724,0.7982279915521567,0.0,0.0
sample_1843,w/o transport-aware footprint,1,0.06777989876409851,0.0,0.0,0.8803380382991276,0.8125581395350291,0.0,0.0
sample_1858,w/o transport-aware footprint,3,0.14491458560958448,0.33333333333333337,-1.0,0.8391677085194144,0.6942531229098299,0.0,1.0
sample_1863,w/o transport-aware footprint,2,0.17795144156349418,0.0,0.0,0.6938194753226378,0.5158680337591436,0.0,0.0
sample_1865,w/o transport-aware footprint,2,0.12725463069021414,0.0,0.0,0.9138609532138516,0.7866063225236375,0.0,0.0
sample_1869,w/o transport-aware footprint,3,-0.029380245142197503,0.0,0.0,0.784237826120672,0.8136180712628696,1.0,1.0
sample_1881,w/o transport-aware footprint,2,-0.03409286783078669,0.0,0.0,0.4704310056803621,0.5045238735111488,0.0,0.0
sample_1885,w/o transport-aware footprint,3,-0.08098694300295661,0.0,0.0,0.4577610734485027,0.5387480164514593,0.0,0.0
sample_1893,w/o transport-aware footprint,1,0.1425619999541089,0.0,0.0,0.7944103014341569,0.651848301480048,0.0,0.0
sample_1894,w/o transport-aware footprint,1,0.06345079684695487,0.0,0.0,0.5597918722530189,0.496341075406064,0.0,0.0
sample_1904,w/o transport-aware footprint,1,0.16708746719182976,0.0,0.0,0.8829094696641933,0.7158220024723635,0.0,0.0
sample_1927,w/o transport-aware footprint,3,0.05078524322479239,0.0,0.0,0.449372528795227,0.3985872855704346,1.0,1.0
sample_1944,w/o transport-aware footprint,2,0.02241342840442495,0.0,0.0,0.7511003412295381,0.7286869128251131,0.0,0.0
sample_1989,w/o transport-aware footprint,2,-0.06614768024835893,0.0,0.0,0.7470303563574227,0.8131780366057816,0.0,0.0
sample_1993,w/o transport-aware footprint,3,0.08691607187873407,0.0,0.0,0.7608171628300107,0.6739010909512766,1.0,1.0
sample_2021,w/o transport-aware footprint,3,0.03768744022691284,0.0,-1.0,0.7535629796319447,0.7158755394050319,0.0,1.0
sample_2024,w/o transport-aware footprint,2,-0.0021368711924181216,0.0,0.0,0.7801899025390973,0.7823267737315154,1.0,1.0
sample_2044,w/o transport-aware footprint,2,0.08179177689564376,0.0,0.0,0.7509632224170307,0.669171445521387,0.0,0.0
sample_2059,w/o transport-aware footprint,3,-0.026547495073686922,0.0,0.0,0.7466105117406836,0.7731580068143705,0.0,0.0
sample_2067,w/o transport-aware footprint,3,0.08007983913029693,0.0,0.0,0.7753681086634373,0.6952882695331404,0.0,0.0
sample_2069,w/o transport-aware footprint,2,0.013678544987829055,0.0,0.0,0.7393567848977087,0.7256782399098797,0.0,0.0
sample_2070,w/o transport-aware footprint,2,-0.024544510849958123,0.0,0.0,0.8077571669477971,0.8323016777977552,0.0,0.0
sample_2072,w/o transport-aware footprint,3,-0.0036973954276395826,0.0,0.0,0.7360229628449255,0.7397203582725651,1.0,1.0
sample_2077,w/o transport-aware footprint,3,0.10822472023694996,0.33333333333333337,-1.0,0.75666883539369,0.64844411515674,0.0,1.0
sample_2079,w/o transport-aware footprint,2,0.083332489908441,0.0,0.0,0.6270803369636048,0.5437478470551638,0.0,0.0
sample_2086,w/o transport-aware footprint,1,-0.004105293396478138,0.0,0.0,0.8903321275896988,0.894437420986177,0.0,0.0
sample_2087,w/o transport-aware footprint,2,0.07757540627677473,0.0,0.0,0.6419405320816574,0.5643651258048826,0.0,0.0
sample_2111,w/o transport-aware footprint,2,0.04284633860451226,0.0,0.0,0.8962738120159639,0.8534274734114516,0.0,0.0
sample_2119,w/o transport-aware footprint,2,0.01759229389994632,0.0,0.0,0.8226450552032641,0.8050527613033178,0.0,0.0
sample_2121,w/o transport-aware footprint,2,-0.06661332214046423,0.0,0.0,0.7804751530242297,0.8470884751646939,0.0,0.0
sample_2129,w/o transport-aware footprint,3,-0.34266891655552556,0.0,0.0,0.4933160415006518,0.8359849580561773,0.0,0.0
sample_2166,w/o transport-aware footprint,3,-0.03381062618461739,0.0,0.0,0.6063379193075881,0.6401485454922055,1.0,1.0
sample_2167,w/o transport-aware footprint,1,0.0852828730364541,0.0,0.0,0.6864252596985232,0.6011423866620691,0.0,0.0
sample_2172,w/o transport-aware footprint,1,0.029447614095901242,0.0,0.0,0.843229497775052,0.8137818836791507,0.0,0.0
sample_2175,w/o transport-aware footprint,2,0.09214481488843607,0.0,0.0,0.7127637056376824,0.6206188907492464,1.0,1.0
sample_2196,w/o transport-aware footprint,3,0.17928897041712288,0.0,0.0,0.7485404797075694,0.5692515092904465,0.0,0.0
sample_2199,w/o transport-aware footprint,2,0.021000289845467868,0.0,0.0,0.8960907697825646,0.8750904799370968,0.0,0.0
sample_2202,w/o transport-aware footprint,2,-0.03965162599695182,0.0,0.0,0.5699635877241807,0.6096152137211325,0.0,0.0
sample_2207,w/o transport-aware footprint,2,0.10140779089550833,0.0,0.0,0.8040246970044569,0.7026169061089486,0.0,0.0
sample_2208,w/o transport-aware footprint,3,0.048710311177756926,0.0,-1.0,0.7050278937582173,0.6563175825804604,0.0,1.0
sample_2209,w/o transport-aware footprint,1,0.10204634125671364,0.0,0.0,0.7982766049118498,0.6962302636551362,0.0,0.0
sample_2225,w/o transport-aware footprint,3,-0.06896106288257664,0.0,0.0,0.7664466680860745,0.8354077309686512,0.0,0.0
sample_2234,w/o transport-aware footprint,2,0.06516509078261257,0.0,0.0,0.8814447672763166,0.816279676493704,0.0,0.0
sample_2259,w/o transport-aware footprint,2,-0.026038524791980766,0.0,0.0,0.8225701239400594,0.8486086487320401,0.0,0.0
sample_2263,w/o transport-aware footprint,2,0.012822358468661865,0.0,0.0,0.7142405263492666,0.7014181678806047,0.0,0.0
sample_2266,w/o transport-aware footprint,2,-0.0800923682630032,0.0,0.0,0.4392864818399746,0.5193788501029778,0.0,0.0
sample_2270,w/o transport-aware footprint,3,0.22119230521984684,0.0,0.0,0.6695101001127484,0.4483177948929015,1.0,1.0
sample_2271,w/o transport-aware footprint,3,-0.07361878047712256,0.0,0.0,0.6481515008872621,0.7217702813643847,1.0,1.0
sample_2281,w/o transport-aware footprint,2,-0.05950047548026427,0.0,0.0,0.6988539258068517,0.758354401287116,0.0,0.0
sample_2293,w/o transport-aware footprint,1,-0.004060829840745517,0.0,0.0,0.8907623968815652,0.8948232267223107,0.0,0.0
sample_2299,w/o transport-aware footprint,1,0.08168400285515709,0.0,0.0,0.626619110193705,0.5449351073385479,0.0,0.0
sample_2306,w/o transport-aware footprint,3,-0.009390642400738392,0.0,0.0,0.6145613132987461,0.6239519556994845,0.0,0.0
sample_2323,w/o transport-aware footprint,3,0.008991615124399166,0.0,0.0,0.806408794331581,0.7974171792071818,0.0,0.0
sample_2357,w/o transport-aware footprint,3,0.04212362643142398,0.0,0.0,0.8101265822785446,0.7680029558471206,0.0,0.0
sample_2361,w/o transport-aware footprint,2,0.02055795886190459,0.0,0.0,0.8591536587567179,0.8385956998948133,0.0,0.0
sample_2372,w/o transport-aware footprint,3,0.18931984426465231,0.0,0.0,0.6922159260366149,0.5028960817719625,0.0,0.0
sample_2375,w/o transport-aware footprint,2,0.0028818021932692783,0.0,0.0,0.764141061452617,0.7612592592593477,0.0,0.0
sample_2378,w/o transport-aware footprint,3,0.05118102463374463,0.33333333333333337,-1.0,0.7030488455655829,0.6518678209318383,0.0,1.0
sample_2385,w/o transport-aware footprint,2,0.03484621846651548,0.0,0.0,0.6763169164884999,0.6414706980219844,0.0,0.0
sample_2409,w/o transport-aware footprint,2,0.1726877065407409,0.0,0.0,0.6550558877049292,0.4823681811641883,0.0,0.0
sample_2413,w/o transport-aware footprint,3,-0.2269917226369399,0.33333333333333337,-1.0,0.3597507460069511,0.586742468643891,0.0,1.0
sample_2418,w/o transport-aware footprint,1,0.09106123580941183,0.0,0.0,0.7496407013512028,0.6585794655417909,0.0,0.0
sample_2435,w/o transport-aware footprint,1,0.006373605772691304,0.0,0.0,0.6165154128856097,0.6101418071129184,0.0,0.0
sample_2440,w/o transport-aware footprint,2,-0.16106786966155917,0.5,-1.0,0.5432615917957943,0.7043294614573534,0.0,1.0
sample_2442,w/o transport-aware footprint,3,0.1172971192442881,-0.33333333333333337,0.0,0.7404865246796505,0.6231894054353624,0.0,0.0
sample_2453,w/o transport-aware footprint,1,-0.014322197581509766,0.0,0.0,0.8322363609771594,0.8465585585586691,0.0,0.0
sample_2472,w/o transport-aware footprint,2,-0.16792495815629138,0.0,0.0,0.6242142983025176,0.792139256458809,0.0,0.0
sample_2477,w/o transport-aware footprint,2,0.0872150681151862,0.0,0.0,0.8355520969400975,0.7483370288249113,0.0,0.0
sample_2478,w/o transport-aware footprint,3,-0.2006639058786569,0.0,0.0,0.5674223971021275,0.7680863029807844,0.0,0.0
sample_2483,w/o transport-aware footprint,3,0.039167655743808094,0.0,0.0,0.837546376453169,0.7983787207093609,0.0,0.0
sample_2494,w/o transport-aware footprint,3,-0.1293362672442352,0.0,0.0,0.4656321774693487,0.5949684447135839,0.0,0.0
sample_2505,w/o transport-aware footprint,3,0.09003274499158886,0.6666666666666667,-1.0,0.7697365612058539,0.679703816214265,0.0,1.0
sample_2533,w/o transport-aware footprint,1,0.21961747869916448,0.0,0.0,0.902254388154145,0.6826369094549806,0.0,0.0
sample_2536,w/o transport-aware footprint,3,0.016348755473941434,-0.33333333333333337,0.0,0.7605348019856659,0.7441860465117245,0.0,0.0
sample_2584,w/o transport-aware footprint,1,0.039119944998485257,0.0,0.0,0.9218760336046028,0.8827560886061175,0.0,0.0
sample_2589,w/o transport-aware footprint,3,-0.04668912582469964,0.0,-1.0,0.6885159476321552,0.7352050734568548,0.0,1.0
sample_2600,w/o transport-aware footprint,1,-0.03976733084486206,0.0,0.0,0.7865809092239537,0.8263482400688158,0.0,0.0
sample_2603,w/o transport-aware footprint,1,0.022595792443008245,0.0,0.0,0.9133527909522468,0.8907569985092385,0.0,0.0
sample_2614,w/o transport-aware footprint,3,0.22024878451711533,0.0,0.0,0.6735505188705284,0.4533017343534131,0.0,0.0
sample_2643,w/o transport-aware footprint,1,-0.09769814595305415,0.0,0.0,0.8001862064027071,0.8978843523557613,0.0,0.0
sample_2650,w/o transport-aware footprint,3,0.225112649944319,0.33333333333333337,-1.0,0.6455583756347427,0.4204457256904237,0.0,1.0
sample_2655,w/o transport-aware footprint,1,0.11151832296868391,0.0,0.0,0.7684098185700805,0.6568914956013966,0.0,0.0
sample_2676,w/o transport-aware footprint,3,-0.052033725211603654,0.0,0.0,0.5610087902890535,0.6130425155006571,0.0,0.0
sample_2682,w/o transport-aware footprint,2,-0.09722014782656785,0.0,0.0,0.7564817738484523,0.8537019216750201,0.0,0.0
sample_2684,w/o transport-aware footprint,3,-0.07847613497043127,0.0,0.0,0.7566125968143517,0.8350887317847829,0.0,0.0
sample_2698,w/o transport-aware footprint,2,-0.010991243799487349,0.0,0.0,0.8296597781536217,0.840651021953109,0.0,0.0
sample_2702,w/o transport-aware footprint,2,-0.11086819956442617,0.0,0.0,0.5929111671365913,0.7037793667010175,0.0,0.0
sample_2711,w/o transport-aware footprint,3,0.01277486712315934,0.0,0.0,0.7299338682064755,0.7171590010833162,1.0,1.0
sample_2719,w/o transport-aware footprint,1,0.008134022340414493,0.0,0.0,0.8115928413735678,0.8034588190331533,0.0,0.0
sample_2741,w/o transport-aware footprint,3,0.07639966957427857,0.0,0.0,0.752044198895119,0.6756445293208404,1.0,1.0
sample_2745,w/o transport-aware footprint,2,-0.20157807944610673,0.0,0.0,0.6267529665591273,0.828331046005234,0.0,0.0
sample_2747,w/o transport-aware footprint,2,-0.05899194129352103,0.0,0.0,0.678625613565516,0.737617554859037,0.0,0.0
sample_2751,w/o transport-aware footprint,2,0.15157332653673183,0.0,0.0,0.8769248317555167,0.7253515052187849,0.0,0.0
sample_2759,w/o transport-aware footprint,1,0.02966146801926639,0.0,0.0,0.8776096321662004,0.847948164146934,0.0,0.0
sample_2769,w/o transport-aware footprint,3,-0.30823664616164953,0.0,0.0,0.3197943916658314,0.6280310378274809,1.0,1.0
sample_2771,w/o transport-aware footprint,1,0.018188703254161,0.0,0.0,0.9280145739009488,0.9098258706467878,0.0,0.0
sample_2784,w/o transport-aware footprint,1,0.18560335665123773,0.0,0.0,0.8526068208547113,0.6670034642034736,0.0,0.0
sample_2799,w/o transport-aware footprint,3,-0.0203684858253802,0.0,0.0,0.8000275824024962,0.8203960682278764,1.0,1.0
sample_2804,w/o transport-aware footprint,2,0.06640247900762697,0.0,0.0,0.8280279503106425,0.7616254713030155,0.0,0.0
sample_2833,w/o transport-aware footprint,3,0.09103082158765441,0.0,0.0,0.704732201763507,0.6137013801758526,1.0,1.0
sample_2844,w/o transport-aware footprint,2,-0.018102794077436646,0.0,0.0,0.8064255078094171,0.8245283018868538,0.0,0.0
sample_2850,w/o transport-aware footprint,3,0.014390926111081503,0.0,0.0,0.7967196419479011,0.7823287158368196,0.0,0.0
sample_2872,w/o transport-aware footprint,1,0.06720775347936847,0.0,0.0,0.801065834795736,0.7338580813163675,0.0,0.0
sample_2873,w/o transport-aware footprint,2,-0.0042808412464337975,-0.5,0.0,0.4363545484843082,0.440635389730742,0.0,0.0
sample_2874,w/o transport-aware footprint,1,0.12100332535503389,0.0,0.0,0.8035976822625586,0.6825943569075247,0.0,0.0
sample_2887,w/o transport-aware footprint,2,-0.1542109767195078,0.0,0.0,0.7080919568267249,0.8623029335462327,0.0,0.0
sample_2909,w/o transport-aware footprint,2,-0.0053213208582455485,0.0,0.0,0.6905644419016169,0.6958857627598625,0.0,0.0
sample_2932,w/o transport-aware footprint,2,0.021206587966195345,0.0,0.0,0.8627464888637173,0.841539900897522,0.0,0.0
sample_2934,w/o transport-aware footprint,1,0.14922041194138502,0.0,0.0,0.885221915135797,0.7360015031944119,0.0,0.0
sample_2936,w/o transport-aware footprint,1,0.04605941468578617,0.0,0.0,0.4152063583267114,0.3691469436409252,0.0,0.0
sample_2945,w/o transport-aware footprint,3,0.058909127153753404,0.0,0.0,0.787664679473182,0.7287555523194286,0.0,0.0
sample_2948,w/o transport-aware footprint,2,0.0461369084003872,0.0,0.0,0.8741418764302745,0.8280049680298873,0.0,0.0
sample_2951,w/o transport-aware footprint,1,0.028119260624859477,0.0,0.0,0.5847095671984733,0.5565903065736139,0.0,0.0
sample_2956,w/o transport-aware footprint,2,0.06548165195341449,0.0,0.0,0.731171777794239,0.6656901258408245,0.0,0.0
sample_2961,w/o transport-aware footprint,2,-0.022548091381459856,0.0,0.0,0.6009591367771001,0.62350722815856,1.0,1.0
sample_2977,w/o transport-aware footprint,1,0.11396867544330958,0.0,0.0,0.7965895249696732,0.6826208495263636,0.0,0.0
sample_2987,w/o transport-aware footprint,3,-0.08902186815073043,0.3333333333333333,-1.0,0.4368413240318859,0.5258631921826163,0.0,1.0
sample_2993,w/o transport-aware footprint,3,-0.035873723914923605,0.0,0.0,0.6373267372942375,0.6732004612091611,1.0,1.0
sample_0002,w/o query-canonical reliability,1,-0.00607514584190616,0.0,0.0,0.8898951616873112,0.8959703075292174,0.0,0.0
sample_0006,w/o query-canonical reliability,1,0.04614696968455978,0.0,0.0,0.916049030786833,0.8699020611022732,0.0,0.0
sample_0022,w/o query-canonical reliability,2,0.05742727098428113,0.0,0.0,0.6420919974797467,0.5846647264954655,0.0,0.0
sample_0032,w/o query-canonical reliability,1,0.00817454932346684,0.0,0.0,0.904883081155466,0.8967085318319992,0.0,0.0
sample_0038,w/o query-canonical reliability,2,0.011073982227161383,0.0,0.0,0.8499488551420844,0.838874872914923,0.0,0.0
sample_0079,w/o query-canonical reliability,2,0.01594261113388351,0.5,-1.0,0.6839412565793058,0.6679986454454223,0.0,1.0
sample_0096,w/o query-canonical reliability,2,0.06080482640047069,0.0,0.0,0.8356892457311796,0.774884419330709,0.0,0.0
sample_0100,w/o query-canonical reliability,2,-0.00897276696557131,0.0,0.0,0.4234596654674746,0.4324324324330459,0.0,0.0
sample_0108,w/o query-canonical reliability,1,-0.20989198574940338,0.0,0.0,0.634927901121747,0.8448198868711504,0.0,0.0
sample_0113,w/o query-canonical reliability,3,0.10891328260751965,0.0,0.0,0.6857579877636932,0.5768447051561736,0.0,0.0
sample_0122,w/o query-canonical reliability,3,0.03418894694203656,0.0,0.0,0.6915035762007029,0.6573146292586663,1.0,1.0
sample_0128,w/o query-canonical reliability,3,0.04860043038308437,0.0,0.0,0.8573063352300272,0.8087059048469428,0.0,0.0
sample_0130,w/o query-canonical reliability,2,0.03853106660617689,-0.5,0.0,0.9066380133715934,0.8681069467654166,0.0,0.0
sample_0158,w/o query-canonical reliability,1,0.024600217017813897,0.0,0.0,0.8821954484606214,0.8575952314428075,0.0,0.0
sample_0163,w/o query-canonical reliability,3,0.07668182297802328,0.0,0.0,0.7785094992183738,0.7018276762403505,0.0,0.0
sample_0180,w/o query-canonical reliability,1,0.07701948088637245,0.0,0.0,0.6212534059948729,0.5442339251085004,0.0,0.0
sample_0187,w/o query-canonical reliability,3,0.10627147889600363,0.0,0.0,0.8387824126268608,0.7325109337308572,0.0,0.0
sample_0189,w/o query-canonical reliability,3,0.06255615524055069,0.0,0.0,0.8265684715597327,0.764012316319182,0.0,0.0
sample_0192,w/o query-canonical reliability,3,0.04017572357210275,0.0,0.0,0.6262897730001313,0.5861140494280286,1.0,1.0
sample_0207,w/o query-canonical reliability,2,0.043925661517671966,0.0,0.0,0.7960532498042926,0.7521275882866206,0.0,0.0
sample_0234,w/o query-canonical reliability,3,0.07718401166814626,0.0,0.0,0.6218870296175576,0.5447030179494113,0.0,0.0
sample_0240,w/o query-canonical reliability,2,0.00982026959001836,0.0,0.0,0.8426555531184314,0.8328352835284131,0.0,0.0
sample_0248,w/o query-canonical reliability,3,0.06156863456916584,0.0,0.0,0.8549960797979234,0.7934274452287575,0.0,0.0
sample_0260,w/o query-canonical reliability,3,-0.18047224325602385,0.0,0.0,0.4978645515561331,0.6783367948121569,0.0,0.0
sample_0276,w/o query-canonical reliability,2,0.02241264359041295,0.0,0.0,0.8045966184713397,0.7821839748809267,0.0,0.0
sample_0280,w/o query-canonical reliability,1,0.18966220039668458,0.0,0.0,0.4000562271585605,0.2103940267618759,0.0,0.0
sample_0290,w/o query-canonical reliability,3,0.005089323778891153,0.0,0.0,0.6179762227473113,0.6128868989684202,0.0,0.0
sample_0297,w/o query-canonical reliability,1,-0.05753661036525792,0.0,0.0,0.7465009023462015,0.8040375127114594,0.0,0.0
sample_0300,w/o query-canonical reliability,3,0.03348298834928354,0.0,0.0,0.6764667163984043,0.6429837280491207,0.0,0.0
sample_0308,w/o query-canonical reliability,2,0.04620413814467261,0.0,0.0,0.8487514049749065,0.8025472668302339,0.0,0.0
sample_0322,w/o query-canonical reliability,2,0.09956577248292275,0.0,0.0,0.7474959672882366,0.6479301948053139,1.0,1.0
sample_0328,w/o query-canonical reliability,1,0.03072171809028368,0.0,0.0,0.886400197995368,0.8556784799050843,0.0,0.0
sample_0335,w/o query-canonical reliability,1,-0.08890033765433647,0.0,0.0,0.7674376905148221,0.8563380281691586,0.0,0.0
sample_0347,w/o query-canonical reliability,2,-0.16839652015810053,0.0,-1.0,0.4745248685812024,0.6429213887393029,0.0,1.0
sample_0350,w/o query-canonical reliability,3,0.0221303174475862,0.0,0.0,0.5609278269731518,0.5387975095255656,0.0,0.0
sample_0378,w/o query-canonical reliability,2,0.0533047952752832,0.0,0.0,0.7811087538051005,0.7278039585298173,0.0,0.0
sample_0382,w/o query-canonical reliability,2,0.010157549476271677,0.0,0.0,0.7159985683610272,0.7058410188847555,0.0,0.0
sample_0386,w/o query-canonical reliability,3,0.013446979668521264,0.0,0.0,0.6096795095451281,0.5962325298766068,1.0,1.0
sample_0396,w/o query-canonical reliability,3,-0.04117768435596769,0.0,0.0,0.6443109632255978,0.6854886475815655,0.0,0.0
sample_0397,w/o query-canonical reliability,3,-0.14226852980541638,0.0,0.0,0.6243704993647929,0.7666390291702093,1.0,1.0
sample_0401,w/o query-canonical reliability,3,0.01523421212994791,0.0,0.0,0.6808043875686854,0.6655701754387375,0.0,0.0
sample_0409,w/o query-canonical reliability,2,0.16141910754272926,0.0,0.0,0.6902909447533898,0.5288718372106606,0.0,0.0
sample_0418,w/o query-canonical reliability,3,0.10264937196500284,0.0,0.0,0.5280833815870217,0.4254340096220189,0.0,0.0
sample_0436,w/o query-canonical reliability,2,0.06864808891293539,0.0,0.0,0.4684916963680378,0.3998436074551024,0.0,0.0
sample_0438,w/o query-canonical reliability,2,-0.060064358906852244,0.5,-1.0,0.6175514626221441,0.6776158215289964,0.0,1.0
sample_0447,w/o query-canonical reliability,1,0.025980768635832874,0.0,0.0,0.9098688494094412,0.8838880807736084,0.0,0.0
sample_0449,w/o query-canonical reliability,2,-0.008161826280456141,0.0,0.0,0.7809661781914632,0.7891280044719193,0.0,0.0
sample_0456,w/o query-canonical reliability,3,-0.0004071103266000131,0.0,0.0,0.644314338703355,0.644721449029955,1.0,1.0
sample_0458,w/o query-canonical reliability,1,0.04499951028185023,0.0,0.0,0.8835725677832034,0.8385730575013531,0.0,0.0
sample_0469,w/o query-canonical reliability,3,0.05128532390391127,-0.33333333333333337,1.0,0.692207190121089,0.6409218662171777,1.0,0.0
sample_0472,w/o query-canonical reliability,1,-0.022143422762071374,0.0,0.0,0.8790746582545198,0.9012180810165912,0.0,0.0
sample_0473,w/o query-canonical reliability,3,0.04033459371341763,0.0,0.0,0.7592015968064834,0.7188670030930657,0.0,0.0
sample_0511,w/o query-canonical reliability,2,-0.023494977510473247,0.0,0.0,0.7933257032710118,0.8168206807814851,0.0,0.0
sample_0521,w/o query-canonical reliability,3,0.039486262138032524,0.0,0.0,0.8116117608686401,0.7721254987306075,0.0,0.0
sample_0525,w/o query-canonical reliability,3,0.035047446072195454,-0.33333333333333337,0.0,0.5552012514291829,0.5201538053569874,0.0,0.0
sample_0535,w/o query-canonical reliability,2,-0.0033363765235878695,0.0,0.0,0.8250636857914813,0.8284000623150691,0.0,0.0
sample_0536,w/o query-canonical reliability,2,0.017498177990376895,0.0,0.0,0.756917331522868,0.7394191535324911,0.0,0.0
sample_0541,w/o query-canonical reliability,1,0.053660881642259906,0.0,0.0,0.8667374312459069,0.813076549603647,0.0,0.0
sample_0566,w/o query-canonical reliability,3,0.06802718405128494,0.3333333333333333,0.0,0.6029715229056062,0.5349443388543212,1.0,1.0
sample_0585,w/o query-canonical reliability,2,-0.20933013654013488,0.0,0.0,0.5194493006995633,0.7287794372396982,0.0,0.0
sample_0603,w/o query-canonical reliability,1,0.07878100894949269,0.0,0.0,0.8829140336235347,0.804133024674042,0.0,0.0
sample_0610,w/o query-canonical reliability,2,0.1328283439326179,0.0,0.0,0.7649038156309029,0.632075471698285,1.0,1.0
sample_0626,w/o query-canonical reliability,3,-0.0045452800000281846,0.0,0.0,0.5015924323812798,0.506137712381308,0.0,0.0
sample_0633,w/o query-canonical reliability,2,0.08581369092869318,0.0,0.0,0.730434782608985,0.6446210916802918,0.0,0.0
sample_0646,w/o query-canonical reliability,3,0.06360364119072226,-0.33333333333333337,0.0,0.8454703587044119,0.7818667175136896,0.0,0.0
sample_0647,w/o query-canonical reliability,3,0.03758220096739262,0.0,0.0,0.8446249033256594,0.8070427023582668,0.0,0.0
sample_0652,w/o query-canonical reliability,3,-0.021696769107011793,0.0,0.0,0.6688382988069436,0.6905350679139554,1.0,1.0
sample_0661,w/o query-canonical reliability,1,0.16054632035145344,0.0,0.0,0.8927929008275016,0.7322465804760482,0.0,0.0
sample_0666,w/o query-canonical reliability,1,0.2769076356602508,0.0,0.0,0.7555277430123534,0.4786201073521026,0.0,0.0
sample_0674,w/o query-canonical reliability,3,0.11424072145431652,0.0,0.0,0.8649062725307025,0.750665551076386,0.0,0.0
sample_0676,w/o query-canonical reliability,3,0.008875760177709413,0.0,0.0,0.7789734311019051,0.7700976709241957,1.0,1.0
sample_0681,w/o query-canonical reliability,3,0.07128274112276067,0.0,0.0,0.8159262467516966,0.7446435056289359,0.0,0.0
sample_0712,w/o query-canonical reliability,2,0.19720888714483487,0.5,-1.0,0.7030965391623974,0.5058876520175626,0.0,1.0
sample_0751,w/o query-canonical reliability,3,0.037304165202619366,0.0,0.0,0.842734029456057,0.8054298642534377,0.0,0.0
sample_0761,w/o query-canonical reliability,1,0.07309140953204207,0.0,0.0,0.9012820512821303,0.8281906417500883,0.0,0.0
sample_0777,w/o query-canonical reliability,2,0.03482683400246411,0.0,0.0,0.8869154129940383,0.8520885789915742,0.0,0.0
sample_0778,w/o query-canonical reliability,1,-0.018691366068826376,0.0,0.0,0.7534221439319779,0.7721135100008043,0.0,0.0
sample_0791,w/o query-canonical reliability,1,0.084006580160078,0.0,0.0,0.915706806282796,0.831700226122718,0.0,0.0
sample_0796,w/o query-canonical reliability,1,0.0827283227796809,0.0,0.0,0.9317979299472672,0.8490696071675863,0.0,0.0
sample_0807,w/o query-canonical reliability,1,0.1672836647052135,0.0,0.0,0.8778138026865421,0.7105301379813286,0.0,0.0
sample_0817,w/o query-canonical reliability,1,0.15501681950043733,0.0,0.0,0.8280095202307053,0.672992700730268,0.0,0.0
sample_0823,w/o query-canonical reliability,1,-0.06705308085007355,0.0,0.0,0.5890236958523108,0.6560767767023844,0.0,0.0
sample_0858,w/o query-canonical reliability,3,0.06666736111311766,0.0,0.0,0.7757074243389342,0.7090400632258166,0.0,0.0
sample_0860,w/o query-canonical reliability,3,-0.04669691030921219,-0.33333333333333337,0.0,0.7726483585859483,0.8193452688951605,0.0,0.0
sample_0867,w/o query-canonical reliability,3,0.02672726471043474,0.0,0.0,0.6515234847652482,0.6247962200548135,0.0,0.0
sample_0870,w/o query-canonical reliability,3,0.034150392104798255,0.0,0.0,0.5322898116039309,0.4981394194991326,1.0,1.0
sample_0875,w/o query-canonical reliability,3,-0.01718259504956654,0.0,0.0,0.7743372688796089,0.7915198639291754,0.0,0.0
sample_0881,w/o query-canonical reliability,3,-0.036018831482266145,0.0,0.0,0.7134787857882646,0.7494976172705308,0.0,0.0
sample_0895,w/o query-canonical reliability,2,-0.11252263175343413,0.0,0.0,0.7011385199242562,0.8136611516776904,0.0,0.0
sample_0911,w/o query-canonical reliability,2,-0.1649428238216578,0.0,0.0,0.4790990944239656,0.6440419182456234,0.0,0.0
sample_0913,w/o query-canonical reliability,2,0.16490948971692448,0.0,0.0,0.6557690774263171,0.4908595877093926,0.0,0.0
sample_0914,w/o query-canonical reliability,1,-0.14127943350461497,0.0,0.0,0.4807044807048169,0.6219839142094319,0.0,0.0
sample_0920,w/o query-canonical reliability,1,0.04654951746346203,0.0,0.0,0.7307141241235724,0.6841646066601104,0.0,0.0
sample_0932,w/o query-canonical reliability,1,-0.020028994016707602,0.0,0.0,0.3771959459464719,0.3972249399631795,0.0,0.0
sample_0942,w/o query-canonical reliability,2,-0.037991539534206975,0.0,0.0,0.7386274680353669,0.7766190075695739,0.0,0.0
sample_0953,w/o query-canonical reliability,1,0.04449255156588605,0.0,0.0,0.9014998183611236,0.8570072667952375,0.0,0.0
sample_0960,w/o query-canonical reliability,1,0.07792822908181951,0.0,0.0,0.9455816275587072,0.8676533984768877,0.0,0.0
sample_0974,w/o query-canonical reliability,2,0.1387426092312749,0.0,0.0,0.8090008613266483,0.6702582520953734,0.0,0.0
sample_0977,w/o query-canonical reliability,3,-0.028140120262823753,-0.33333333333333337,0.0,0.6303853064485405,0.6585254267113643,0.0,0.0
sample_0979,w/o query-canonical reliability,1,3.953188403849062e-05,0.0,0.0,0.8319367588934135,0.831897227009375,0.0,0.0
sample_1000,w/o query-canonical reliability,3,0.13229630255414437,0.0,-1.0,0.7908607863975606,0.6585644838434163,0.0,1.0
sample_1002,w/o query-canonical reliability,2,-0.10470480556694839,0.0,0.0,0.6305578621576091,0.7352626677245575,0.0,0.0
sample_1003,w/o query-canonical reliability,3,0.023474779704736548,-0.33333333333333337,1.0,0.7780484423583907,0.7545736626536541,1.0,0.0
sample_1015,w/o query-canonical reliability,3,-0.011343284299513812,0.0,1.0,0.8223303076304029,0.8336735919299167,1.0,0.0
sample_1018,w/o query-canonical reliability,1,0.05690013815287287,0.0,0.0,0.8583881327421178,0.8014879945892449,0.0,0.0
sample_1028,w/o query-canonical reliability,2,-0.015808068238010287,0.0,0.0,0.7154992158914562,0.7313072841294664,0.0,0.0
sample_1068,w/o query-canonical reliability,3,-0.2647649498919168,0.0,0.0,0.5916679833572488,0.8564329332491656,0.0,0.0
sample_1069,w/o query-canonical reliability,3,-0.09804784606243444,0.0,0.0,0.5525016044871076,0.650549450549542,0.0,0.0
sample_1072,w/o query-canonical reliability,3,-0.06206772116679904,0.0,0.0,0.5440317972924507,0.6060995184592497,1.0,1.0
sample_1078,w/o query-canonical reliability,2,0.009173345636220964,0.0,0.0,0.7659908231696279,0.7568174775334069,0.0,0.0
sample_1081,w/o query-canonical reliability,2,-0.01777878305901981,0.0,0.0,0.723182894453712,0.7409616775127318,0.0,0.0
sample_1085,w/o query-canonical reliability,2,0.02400324916149943,0.0,0.0,0.8819432041436324,0.8579399549821329,0.0,0.0
sample_1086,w/o query-canonical reliability,2,0.017630854587729727,0.0,0.0,0.8466593647317738,0.8290285101440441,0.0,0.0
sample_1092,w/o query-canonical reliability,3,0.027539343631507784,0.0,0.0,0.6406148234989186,0.6130754798674108,0.0,0.0
sample_1093,w/o query-canonical reliability,2,0.049339792460739496,0.0,0.0,0.9117365625103404,0.8623967700496009,0.0,0.0
sample_1096,w/o query-canonical reliability,2,0.06807010153516146,0.0,0.0,0.7113241113895685,0.6432540098544071,0.0,0.0
sample_1112,w/o query-canonical reliability,3,0.14470457139180148,0.0,0.0,0.7184685793023382,0.5737640079105367,0.0,0.0
sample_1126,w/o query-canonical reliability,1,0.1110500427175779,0.0,0.0,0.7566737084696017,0.6456236657520238,0.0,0.0
sample_1133,w/o query-canonical reliability,1,0.053465639024718015,0.0,0.0,0.899694306457872,0.846228667433154,0.0,0.0
sample_1135,w/o query-canonical reliability,3,0.14465895362879577,0.0,0.0,0.7228608774341513,0.5782019238053555,0.0,0.0
sample_1139,w/o query-canonical reliability,1,-0.004757493488339426,0.0,0.0,0.5655764783617727,0.5703339718501121,0.0,0.0
sample_1167,w/o query-canonical reliability,2,0.09176622403890744,0.0,0.0,0.8927238805970705,0.8009576565581631,0.0,0.0
sample_1175,w/o query-canonical reliability,1,0.051418652230061146,0.0,0.0,0.8828410814670449,0.8314224292369837,0.0,0.0
sample_1185,w/o query-canonical reliability,2,-0.1267671860530939,0.0,0.0,0.518623457883526,0.6453906439366199,0.0,0.0
sample_1211,w/o query-canonical reliability,1,0.2020892850338588,0.0,0.0,0.8792678074016083,0.6771785223677494,0.0,0.0
sample_1215,w/o query-canonical reliability,2,0.07082031881024897,0.0,0.0,0.8664596273292349,0.7956393085189859,0.0,0.0
sample_1230,w/o query-canonical reliability,3,0.029846996757921462,0.0,0.0,0.6358375582528623,0.6059905614949408,0.0,0.0
sample_1244,w/o query-canonical reliability,1,0.0232496515877727,0.0,0.0,0.8827186781365448,0.8594690265487721,0.0,0.0
sample_1259,w/o query-canonical reliability,2,0.028385408682919167,0.0,0.0,0.6933345737012451,0.6649491650183259,0.0,0.0
sample_1262,w/o query-canonical reliability,1,0.0198521366995994,0.0,0.0,0.7708315269229421,0.7509793902233427,0.0,0.0
sample_1266,w/o query-canonical reliability,2,0.18028509890690458,0.0,0.0,0.6041372825580581,0.4238521836511535,0.0,0.0
sample_1276,w/o query-canonical reliability,1,0.12464506327971059,0.0,0.0,0.9100893997446868,0.7854443364649762,0.0,0.0
sample_1285,w/o query-canonical reliability,2,-0.05798354414786078,0.0,0.0,0.6421974331296376,0.7001809772774984,0.0,0.0
sample_1286,w/o query-canonical reliability,1,-0.011193719083646969,0.0,0.0,0.7120515787734462,0.7232452978570931,0.0,0.0
sample_1288,w/o query-canonical reliability,1,-0.008859586422739874,0.0,0.0,0.6467031794582497,0.6555627658809896,0.0,0.0
sample_1292,w/o query-canonical reliability,1,-0.01200382466092953,0.0,0.0,0.7783484788622194,0.7903523035231489,0.0,0.0
sample_1319,w/o query-canonical reliability,1,-0.04045100293134696,0.0,0.0,0.6716899892359898,0.7121409921673367,0.0,0.0
sample_1327,w/o query-canonical reliability,3,-0.11266849808715484,0.0,0.0,0.7313140987271115,0.8439825968142664,0.0,0.0
sample_1328,w/o query-canonical reliability,1,0.05077137075174187,0.0,0.0,0.8153257978724939,0.7645544271207521,0.0,0.0
sample_1366,w/o query-canonical reliability,2,0.041910899786209876,0.0,0.0,0.5617960986385264,0.5198851988523165,0.0,0.0
sample_1372,w/o query-canonical reliability,2,0.14181534218986036,0.0,0.0,0.7682354433594213,0.6264201011695609,0.0,0.0
sample_1378,w/o query-canonical reliability,3,0.044686083850481784,0.33333333333333337,-1.0,0.6593505589453097,0.6146644750948279,0.0,1.0
sample_1384,w/o query-canonical reliability,2,-0.1457221000405221,0.0,0.0,0.4886255018163408,0.6343476018568629,1.0,1.0
sample_1389,w/o query-canonical reliability,2,0.17503046639412412,0.5,-1.0,0.8416785484637979,0.6666480820696737,0.0,1.0
sample_1404,w/o query-canonical reliability,3,0.1318166397038092,0.0,0.0,0.7724398670230844,0.6406232273192752,0.0,0.0
sample_1429,w/o query-canonical reliability,2,0.06910543110660805,0.0,0.0,0.7659676109493307,0.6968621798427227,0.0,0.0
sample_1432,w/o query-canonical reliability,2,0.011615838535863232,0.0,0.0,0.8770909090910368,0.8654750705551736,0.0,0.0
sample_1438,w/o query-canonical reliability,1,-0.10270795350480566,0.0,0.0,0.6795752654600887,0.7822832189648944,0.0,0.0
sample_1455,w/o query-canonical reliability,2,-0.011793959631365869,0.0,0.0,0.7426735021808315,0.7544674618121974,1.0,1.0
sample_1470,w/o query-canonical reliability,3,-0.09111283646429336,0.0,0.0,0.7205480764624825,0.8116609129267759,0.0,0.0
sample_1482,w/o query-canonical reliability,3,-0.019675502638391684,0.33333333333333337,0.0,0.7244854100006092,0.7441609126390009,0.0,0.0
sample_1486,w/o query-canonical reliability,2,0.035061397240971126,0.0,0.0,0.914133983996586,0.8790725867556148,0.0,0.0
sample_1513,w/o query-canonical reliability,3,-0.02257258648176652,0.0,0.0,0.6401307130215403,0.6627032995033069,1.0,1.0
sample_1516,w/o query-canonical reliability,3,-0.04456367035111175,0.0,0.0,0.7029716528964701,0.7475353232475819,0.0,0.0
sample_1529,w/o query-canonical reliability,2,0.09514133040837791,0.0,0.0,0.7897314642797535,0.6945901338713756,1.0,1.0
sample_1566,w/o query-canonical reliability,3,0.037431293613537586,0.0,0.0,0.4247787610623157,0.3873474674487781,1.0,1.0
sample_1572,w/o query-canonical reliability,2,-0.0937695574109968,0.0,0.0,0.7028679752952346,0.7966375327062314,0.0,0.0
sample_1599,w/o query-canonical reliability,3,-0.0806198698489955,0.0,0.0,0.6071906001550643,0.6878104700040598,0.0,0.0
sample_1620,w/o query-canonical reliability,2,0.247831999472078,0.0,0.0,0.6164908351508125,0.3686588356787345,0.0,0.0
sample_1634,w/o query-canonical reliability,1,0.06766986082799287,0.0,0.0,0.7073430982639369,0.6396732374359441,0.0,0.0
sample_1635,w/o query-canonical reliability,3,-0.02239658165892444,0.0,0.0,0.7224104549855632,0.7448070366444877,1.0,1.0
sample_1642,w/o query-canonical reliability,2,-0.012975865453250801,0.0,0.0,0.839706190975933,0.8526820564291838,0.0,0.0
sample_1643,w/o query-canonical reliability,3,0.059334604073005504,0.0,-1.0,0.813613368082228,0.7542787640092224,0.0,1.0
sample_1683,w/o query-canonical reliability,1,0.04323607829446208,0.0,0.0,0.8140735958685021,0.7708375175740401,0.0,0.0
sample_1686,w/o query-canonical reliability,2,0.1209952628955222,0.0,0.0,0.8256194914863986,0.7046242285908764,0.0,0.0
sample_1688,w/o query-canonical reliability,3,-0.1368410275561167,0.0,0.0,0.5941575629243014,0.7309985904804182,0.0,0.0
sample_1697,w/o query-canonical reliability,2,0.06626596724491762,0.0,0.0,0.6319079603646792,0.5656419931197616,0.0,0.0
sample_1717,w/o query-canonical reliability,3,0.00027236561728316566,-0.33333333333333337,0.0,0.7505705086124135,0.7502981429951303,0.0,0.0
sample_1718,w/o query-canonical reliability,3,0.036706269886816134,0.33333333333333337,-1.0,0.6830859267840147,0.6463796568971986,0.0,1.0
sample_1729,w/o query-canonical reliability,2,0.04434346397837485,0.0,0.0,0.8125925348711817,0.7682490708928068,0.0,0.0
sample_1731,w/o query-canonical reliability,2,-0.04433596554186059,0.0,0.0,0.6397989949752363,0.6841349605170969,0.0,0.0
sample_1734,w/o query-canonical reliability,2,-0.062379007378119744,0.0,0.0,0.7218463987267323,0.784225406104852,0.0,0.0
sample_1741,w/o query-canonical reliability,3,0.05373096123944432,0.33333333333333337,-1.0,0.7357682804511742,0.6820373192117298,0.0,1.0
sample_1760,w/o query-canonical reliability,3,-0.06876585720712136,0.0,0.0,0.6983085846164107,0.767074441823532,0.0,0.0
sample_1765,w/o query-canonical reliability,1,0.0983151805994722,0.0,0.0,0.7472223546803933,0.6489071740809211,0.0,0.0
sample_1787,w/o query-canonical reliability,2,0.07905959490786252,0.5,0.0,0.8578425915619972,0.7787829966541346,0.0,0.0
sample_1809,w/o query-canonical reliability,1,0.04340510685915122,0.0,0.0,0.8628868961528328,0.8194817892936815,0.0,0.0
sample_1811,w/o query-canonical reliability,2,0.030332921190335593,0.0,0.0,0.6946306582393573,0.6642977370490217,0.0,0.0
sample_1812,w/o query-canonical reliability,1,-0.16205550203050367,0.0,0.0,0.7067382469521315,0.8687937489826352,0.0,0.0
sample_1815,w/o query-canonical reliability,3,0.03638351441227711,0.0,0.0,0.3635838388843367,0.3272003244720596,1.0,1.0
sample_1826,w/o query-canonical reliability,2,-0.02106976394918325,0.0,0.0,0.8067408156388226,0.8278105795880059,0.0,0.0
sample_1837,w/o query-canonical reliability,2,0.11046632500132225,0.0,0.0,0.8899109217661261,0.7794445967648038,0.0,0.0
sample_1839,w/o query-canonical reliability,1,0.01765188525632344,0.0,0.0,0.9044998777207724,0.886847992464449,0.0,0.0
sample_1843,w/o query-canonical reliability,1,0.03368392226271366,0.0,0.0,0.8803380382991276,0.8466541160364139,0.0,0.0
sample_1858,w/o query-canonical reliability,3,0.14436873857518306,0.33333333333333337,-1.0,0.8391677085194144,0.6947989699442313,0.0,1.0
sample_1863,w/o query-canonical reliability,2,0.07906690762853397,0.0,0.0,0.6938194753226378,0.6147525676941038,0.0,0.0
sample_1865,w/o query-canonical reliability,2,0.07117120824940448,0.0,0.0,0.9138609532138516,0.8426897449644472,0.0,0.0
sample_1869,w/o query-canonical reliability,3,0.005017046899835287,0.0,0.0,0.784237826120672,0.7792207792208368,1.0,1.0
sample_1881,w/o query-canonical reliability,2,0.0017675272001781983,0.0,0.0,0.4704310056803621,0.4686634784801839,0.0,0.0
sample_1885,w/o query-canonical reliability,3,-0.14212988850945718,0.0,0.0,0.4577610734485027,0.5998909619579599,0.0,0.0
sample_1893,w/o query-canonical reliability,1,0.13605377232829852,0.0,0.0,0.7944103014341569,0.6583565291058584,0.0,0.0
sample_1894,w/o query-canonical reliability,1,0.0471232312522889,0.0,0.0,0.5597918722530189,0.51266864100073,0.0,0.0
sample_1904,w/o query-canonical reliability,1,0.07454406410164027,0.0,0.0,0.8829094696641933,0.808365405562553,0.0,0.0
sample_1927,w/o query-canonical reliability,3,0.0381182558525035,0.0,0.0,0.449372528795227,0.4112542729427235,1.0,1.0
sample_1944,w/o query-canonical reliability,2,-0.009118716820950334,0.0,0.0,0.7511003412295381,0.7602190580504884,0.0,0.0
sample_1989,w/o query-canonical reliability,2,-0.06047325114632374,0.0,0.0,0.7470303563574227,0.8075036075037464,0.0,0.0
sample_1993,w/o query-canonical reliability,3,0.03460724838932294,0.0,0.0,0.7608171628300107,0.7262099144406877,1.0,1.0
sample_2021,w/o query-canonical reliability,3,-0.009086436765253336,0.0,-1.0,0.7535629796319447,0.7626494163971981,0.0,1.0
sample_2024,w/o query-canonical reliability,2,0.04118511254651536,0.0,0.0,0.7801899025390973,0.7390047899925819,1.0,1.0
sample_2044,w/o query-canonical reliability,2,0.04617095381057945,0.0,0.0,0.7509632224170307,0.7047922686064513,0.0,0.0
sample_2059,w/o query-canonical reliability,3,-0.02057017883933454,0.0,0.0,0.7466105117406836,0.7671806905800181,0.0,0.0
sample_2067,w/o query-canonical reliability,3,0.08399904203077713,0.0,0.0,0.7753681086634373,0.6913690666326602,0.0,0.0
sample_2069,w/o query-canonical reliability,2,0.0663503460664423,0.0,0.0,0.7393567848977087,0.6730064388312664,0.0,0.0
sample_2070,w/o query-canonical reliability,2,0.007504272491638764,0.0,0.0,0.8077571669477971,0.8002528944561583,0.0,0.0
sample_2072,w/o query-canonical reliability,3,0.0566488711215416,0.0,0.0,0.7360229628449255,0.6793740917233839,1.0,1.0
sample_2077,w/o query-canonical reliability,3,0.10214136907871174,0.33333333333333337,-1.0,0.75666883539369,0.6545274663149783,0.0,1.0
sample_2079,w/o query-canonical reliability,2,0.06664181508434996,0.0,0.0,0.6270803369636048,0.5604385218792548,0.0,0.0
sample_2086,w/o query-canonical reliability,1,0.09943366549759602,0.0,0.0,0.8903321275896988,0.7908984620921028,0.0,0.0
sample_2087,w/o query-canonical reliability,2,0.13757061338221854,0.0,0.0,0.6419405320816574,0.5043699186994388,0.0,0.0
sample_2111,w/o query-canonical reliability,2,-0.006361313698632687,0.0,0.0,0.8962738120159639,0.9026351257145966,0.0,0.0
sample_2119,w/o query-canonical reliability,2,0.026772325790496265,0.0,0.0,0.8226450552032641,0.7958727294127679,0.0,0.0
sample_2121,w/o query-canonical reliability,2,-0.040310744882531946,0.0,0.0,0.7804751530242297,0.8207858979067616,0.0,0.0
sample_2129,w/o query-canonical reliability,3,-0.1478377876372321,0.0,0.0,0.4933160415006518,0.6411538291378839,0.0,0.0
sample_2166,w/o query-canonical reliability,3,-0.09769815336837495,0.0,0.0,0.6063379193075881,0.704036072675963,1.0,1.0
sample_2167,w/o query-canonical reliability,1,-0.019357156417182275,0.0,0.0,0.6864252596985232,0.7057824161157055,0.0,0.0
sample_2172,w/o query-canonical reliability,1,0.050674199930277664,0.0,0.0,0.843229497775052,0.7925552978447743,0.0,0.0
sample_2175,w/o query-canonical reliability,2,0.11101876023232315,0.0,0.0,0.7127637056376824,0.6017449454053593,1.0,1.0
sample_2196,w/o query-canonical reliability,3,0.08569790481883677,0.0,0.0,0.7485404797075694,0.6628425748887327,0.0,0.0
sample_2199,w/o query-canonical reliability,2,0.0732498864119897,0.0,0.0,0.8960907697825646,0.8228408833705749,0.0,0.0
sample_2202,w/o query-canonical reliability,2,-0.02900343651133863,0.0,0.0,0.5699635877241807,0.5989670242355193,0.0,0.0
sample_2207,w/o query-canonical reliability,2,0.03107928608652699,0.0,0.0,0.8040246970044569,0.7729454109179299,0.0,0.0
sample_2208,w/o query-canonical reliability,3,0.04120760999562656,0.3333333333333333,-1.0,0.7050278937582173,0.6638202837625907,0.0,1.0
sample_2209,w/o query-canonical reliability,1,0.022172619373222013,0.0,0.0,0.7982766049118498,0.7761039855386278,0.0,0.0
sample_2225,w/o query-canonical reliability,3,-0.04313429522869627,0.0,0.0,0.7664466680860745,0.8095809633147708,0.0,0.0
sample_2234,w/o query-canonical reliability,2,0.019496003927598538,0.0,0.0,0.8814447672763166,0.8619487633487181,0.0,0.0
sample_2259,w/o query-canonical reliability,2,-0.03904723306196767,0.0,0.0,0.8225701239400594,0.861617357002027,0.0,0.0
sample_2263,w/o query-canonical reliability,2,-0.01692286391838982,0.0,0.0,0.7142405263492666,0.7311633902676564,0.0,0.0
sample_2266,w/o query-canonical reliability,2,-0.15824977264342038,0.0,0.0,0.4392864818399746,0.597536254483395,0.0,0.0
sample_2270,w/o query-canonical reliability,3,0.040727195558118545,0.0,0.0,0.6695101001127484,0.6287829045546298,1.0,1.0
sample_2271,w/o query-canonical reliability,3,0.015538802257934137,0.0,0.0,0.6481515008872621,0.632612698629328,1.0,1.0
sample_2281,w/o query-canonical reliability,2,-0.009320214551154615,0.0,0.0,0.6988539258068517,0.7081741403580063,0.0,0.0
sample_2293,w/o query-canonical reliability,1,0.013047016619442409,0.0,0.0,0.8907623968815652,0.8777153802621228,0.0,0.0
sample_2299,w/o query-canonical reliability,1,-0.015057168161118462,0.0,0.0,0.626619110193705,0.6416762783548234,0.0,0.0
sample_2306,w/o query-canonical reliability,3,-0.010607115145330859,0.33333333333333337,-1.0,0.6145613132987461,0.6251684284440769,0.0,1.0
sample_2323,w/o query-canonical reliability,3,0.03256195151917485,0.0,0.0,0.806408794331581,0.7738468428124061,0.0,0.0
sample_2357,w/o query-canonical reliability,3,0.10115550941135643,0.33333333333333337,-1.0,0.8101265822785446,0.7089710728671882,0.0,1.0
sample_2361,w/o query-canonical reliability,2,0.043658959771896266,0.0,0.0,0.8591536587567179,0.8154946989848216,0.0,0.0
sample_2372,w/o query-canonical reliability,3,0.15879995661172763,0.0,0.0,0.6922159260366149,0.5334159694248872,0.0,0.0
sample_2375,w/o query-canonical reliability,2,0.0737326673346197,0.0,0.0,0.764141061452617,0.6904083941179973,0.0,0.0
sample_2378,w/o query-canonical reliability,3,0.09588527247959355,0.33333333333333337,-1.0,0.7030488455655829,0.6071635730859893,0.0,1.0
sample_2385,w/o query-canonical reliability,2,0.020160296189330573,0.0,0.0,0.6763169164884999,0.6561566202991693,0.0,0.0
sample_2409,w/o query-canonical reliability,2,0.09264638871828701,0.0,0.0,0.6550558877049292,0.5624094989866422,0.0,0.0
sample_2413,w/o query-canonical reliability,3,-0.30104079381047655,0.33333333333333337,-1.0,0.3597507460069511,0.6607915398174277,0.0,1.0
sample_2418,w/o query-canonical reliability,1,-0.06975873697260426,0.0,0.0,0.7496407013512028,0.819399438323807,0.0,0.0
sample_2435,w/o query-canonical reliability,1,-0.04250807785466204,0.0,0.0,0.6165154128856097,0.6590234907402718,0.0,0.0
sample_2440,w/o query-canonical reliability,2,-0.165616912877239,0.5,-1.0,0.5432615917957943,0.7088785046730333,0.0,1.0
sample_2442,w/o query-canonical reliability,3,0.05379630088682141,0.0,0.0,0.7404865246796505,0.6866902237928291,0.0,0.0
sample_2453,w/o query-canonical reliability,1,-0.047220107468677,0.0,0.0,0.8322363609771594,0.8794564684458364,0.0,0.0
sample_2472,w/o query-canonical reliability,2,-0.1623210851190342,0.0,0.0,0.6242142983025176,0.7865353834215518,0.0,0.0
sample_2477,w/o query-canonical reliability,2,0.10426901869656469,0.0,0.0,0.8355520969400975,0.7312830782435328,0.0,0.0
sample_2478,w/o query-canonical reliability,3,-0.2499567063645446,0.0,0.0,0.5674223971021275,0.8173791034666721,0.0,0.0
sample_2483,w/o query-canonical reliability,3,0.03808147325010969,0.0,0.0,0.837546376453169,0.7994649032030593,0.0,0.0
sample_2494,w/o query-canonical reliability,3,0.002697695771134323,0.0,0.0,0.4656321774693487,0.4629344816982144,0.0,0.0
sample_2505,w/o query-canonical reliability,3,0.0851453432617042,0.33333333333333337,-1.0,0.7697365612058539,0.6845912179441497,0.0,1.0
sample_2533,w/o query-canonical reliability,1,0.08042793874135368,0.0,0.0,0.902254388154145,0.8218264494127914,0.0,0.0
sample_2536,w/o query-canonical reliability,3,0.038883753007981525,-0.33333333333333337,0.0,0.7605348019856659,0.7216510489776844,0.0,0.0
sample_2584,w/o query-canonical reliability,1,0.08261652350179172,0.0,0.0,0.9218760336046028,0.8392595101028111,0.0,0.0
sample_2589,w/o query-canonical reliability,3,0.0015028415922831995,0.0,-1.0,0.6885159476321552,0.687013106039872,0.0,1.0
sample_2600,w/o query-canonical reliability,1,0.05604846892879811,0.0,0.0,0.7865809092239537,0.7305324402951556,0.0,0.0
sample_2603,w/o query-canonical reliability,1,0.0033640894415591927,0.0,0.0,0.9133527909522468,0.9099887015106876,0.0,0.0
sample_2614,w/o query-canonical reliability,3,0.0074411726071755835,0.0,0.0,0.6735505188705284,0.6661093462633528,0.0,0.0
sample_2643,w/o query-canonical reliability,1,-0.049347126930676444,0.0,0.0,0.8001862064027071,0.8495333333333835,0.0,0.0
sample_2650,w/o query-canonical reliability,3,0.12096196628168998,0.0,0.0,0.6455583756347427,0.5245964093530527,0.0,0.0
sample_2655,w/o query-canonical reliability,1,-0.016626562322212268,0.0,0.0,0.7684098185700805,0.7850363808922928,0.0,0.0
sample_2676,w/o query-canonical reliability,3,-0.08797697259386894,0.0,0.0,0.5610087902890535,0.6489857628829224,0.0,0.0
sample_2682,w/o query-canonical reliability,2,-0.07426725703818315,0.0,0.0,0.7564817738484523,0.8307490308866354,0.0,0.0
sample_2684,w/o query-canonical reliability,3,-0.0963767941726722,0.0,0.0,0.7566125968143517,0.8529893909870239,0.0,0.0
sample_2698,w/o query-canonical reliability,2,0.010313696944880824,0.0,0.0,0.8296597781536217,0.8193460812087409,0.0,0.0
sample_2702,w/o query-canonical reliability,2,-0.10399965470166694,0.0,0.0,0.5929111671365913,0.6969108218382583,0.0,0.0
sample_2711,w/o query-canonical reliability,3,-0.02425701431451943,0.0,0.0,0.7299338682064755,0.754190882520995,1.0,1.0
sample_2719,w/o query-canonical reliability,1,-0.05314248720249748,0.0,0.0,0.8115928413735678,0.8647353285760653,0.0,0.0
sample_2741,w/o query-canonical reliability,3,-0.0471421314548407,-0.33333333333333337,1.0,0.752044198895119,0.7991863303499597,1.0,0.0
sample_2745,w/o query-canonical reliability,2,-0.2511544314555978,0.0,0.0,0.6267529665591273,0.8779073980147251,0.0,0.0
sample_2747,w/o query-canonical reliability,2,-0.052017788833720435,0.0,0.0,0.678625613565516,0.7306434023992364,0.0,0.0
sample_2751,w/o query-canonical reliability,2,0.060728774216793346,0.0,0.0,0.8769248317555167,0.8161960575387234,0.0,0.0
sample_2759,w/o query-canonical reliability,1,-0.01432894748836211,0.0,0.0,0.8776096321662004,0.8919385796545625,0.0,0.0
sample_2769,w/o query-canonical reliability,3,-0.2177046056873661,0.0,0.0,0.3197943916658314,0.5374989973531975,1.0,1.0
sample_2771,w/o query-canonical reliability,1,0.002551478631905524,0.0,0.0,0.9280145739009488,0.9254630952690432,0.0,0.0
sample_2784,w/o query-canonical reliability,1,0.10111710201270663,0.0,0.0,0.8526068208547113,0.7514897188420047,0.0,0.0
sample_2799,w/o query-canonical reliability,3,-0.010664987670241932,0.0,0.0,0.8000275824024962,0.8106925700727381,1.0,1.0
sample_2804,w/o query-canonical reliability,2,0.03836562244787589,0.0,0.0,0.8280279503106425,0.7896623278627666,0.0,0.0
sample_2833,w/o query-canonical reliability,3,-0.01901765320822768,0.0,1.0,0.704732201763507,0.7237498549717347,1.0,0.0
sample_2844,w/o query-canonical reliability,2,0.006347337006133991,0.0,0.0,0.8064255078094171,0.8000781708032831,0.0,0.0
sample_2850,w/o query-canonical reliability,3,0.012874822968602317,0.0,0.0,0.7967196419479011,0.7838448189792988,0.0,0.0
sample_2872,w/o query-canonical reliability,1,0.06990064995702006,0.0,0.0,0.801065834795736,0.731165184838716,0.0,0.0
sample_2873,w/o query-canonical reliability,2,-0.013076649895425674,-0.5,0.0,0.4363545484843082,0.4494311983797339,0.0,0.0
sample_2874,w/o query-canonical reliability,1,0.13949786051543844,0.0,0.0,0.8035976822625586,0.6640998217471201,0.0,0.0
sample_2887,w/o query-canonical reliability,2,-0.10365778884982357,0.0,0.0,0.7080919568267249,0.8117497456765485,0.0,0.0
sample_2909,w/o query-canonical reliability,2,-0.043160576384942306,0.0,0.0,0.6905644419016169,0.7337250182865592,0.0,0.0
sample_2932,w/o query-canonical reliability,2,0.05082883703880359,0.0,0.0,0.8627464888637173,0.8119176518249137,0.0,0.0
sample_2934,w/o query-canonical reliability,1,0.2546795405246589,0.0,0.0,0.885221915135797,0.630542374611138,0.0,0.0
sample_2936,w/o query-canonical reliability,1,-0.01610767728511453,0.0,0.0,0.4152063583267114,0.4313140356118259,0.0,0.0
sample_2945,w/o query-canonical reliability,3,0.019035492517131103,0.0,0.0,0.787664679473182,0.7686291869560509,0.0,0.0
sample_2948,w/o query-canonical reliability,2,0.05834647816822569,0.0,0.0,0.8741418764302745,0.8157953982620488,0.0,0.0
sample_2951,w/o query-canonical reliability,1,0.0166614111060136,0.0,0.0,0.5847095671984733,0.5680481560924597,0.0,0.0
sample_2956,w/o query-canonical reliability,2,0.019080929430631888,0.0,0.0,0.731171777794239,0.7120908483636071,0.0,0.0
sample_2961,w/o query-canonical reliability,2,-0.015872192826746567,-0.5,1.0,0.6009591367771001,0.6168313296038467,1.0,0.0
sample_2977,w/o query-canonical reliability,1,0.19565712403696223,0.0,0.0,0.7965895249696732,0.6009324009327109,0.0,0.0
sample_2987,w/o query-canonical reliability,3,-0.0013597876409598975,0.3333333333333333,-1.0,0.4368413240318859,0.4382011116728458,0.0,1.0
sample_2993,w/o query-canonical reliability,3,-0.07923624870901069,0.0,0.0,0.6373267372942375,0.7165629860032482,1.0,1.0
sample_0002,w/o source-relative query cue,1,0.007127763169143431,0.0,0.0,0.8898951616873112,0.8827673985181678,0.0,0.0
sample_0006,w/o source-relative query cue,1,0.09183149609690966,0.0,0.0,0.916049030786833,0.8242175346899233,0.0,0.0
sample_0022,w/o source-relative query cue,2,0.11949847616534237,0.0,0.0,0.6420919974797467,0.5225935213144043,0.0,0.0
sample_0032,w/o source-relative query cue,1,0.11845688276905031,0.0,0.0,0.904883081155466,0.7864261983864157,0.0,0.0
sample_0038,w/o source-relative query cue,2,0.05938349684168487,0.0,0.0,0.8499488551420844,0.7905653583003995,0.0,0.0
sample_0079,w/o source-relative query cue,2,0.0766830956321598,0.5,-1.0,0.6839412565793058,0.607258160947146,0.0,1.0
sample_0096,w/o source-relative query cue,2,0.13591383458856565,0.0,0.0,0.8356892457311796,0.699775411142614,0.0,0.0
sample_0100,w/o source-relative query cue,2,0.01679028767101942,0.0,0.0,0.4234596654674746,0.4066693777964552,0.0,0.0
sample_0108,w/o source-relative query cue,1,-0.21691407381068784,0.0,0.0,0.634927901121747,0.8518419749324349,0.0,0.0
sample_0113,w/o source-relative query cue,3,0.11079465634323216,0.0,0.0,0.6857579877636932,0.5749633314204611,0.0,0.0
sample_0122,w/o source-relative query cue,3,0.029471253862718427,0.0,0.0,0.6915035762007029,0.6620323223379845,1.0,1.0
sample_0128,w/o source-relative query cue,3,0.030493262132159082,0.0,0.0,0.8573063352300272,0.8268130730978681,0.0,0.0
sample_0130,w/o source-relative query cue,2,0.07768734971007885,-0.5,0.0,0.9066380133715934,0.8289506636615146,0.0,0.0
sample_0158,w/o source-relative query cue,1,-0.0018203486710726136,0.0,0.0,0.8821954484606214,0.884015797131694,0.0,0.0
sample_0163,w/o source-relative query cue,3,0.07661009717814415,0.0,0.0,0.7785094992183738,0.7018994020402296,0.0,0.0
sample_0180,w/o source-relative query cue,1,0.11097224779058579,0.0,0.0,0.6212534059948729,0.5102811582042871,0.0,0.0
sample_0187,w/o source-relative query cue,3,0.09381010134730094,0.0,0.0,0.8387824126268608,0.7449723112795599,0.0,0.0
sample_0189,w/o source-relative query cue,3,-0.027414203872717424,0.0,0.0,0.8265684715597327,0.8539826754324501,0.0,0.0
sample_0192,w/o source-relative query cue,3,0.08206965507961328,0.0,0.0,0.6262897730001313,0.544220117920518,1.0,1.0
sample_0207,w/o source-relative query cue,2,0.054682337052966656,0.0,0.0,0.7960532498042926,0.7413709127513259,0.0,0.0
sample_0234,w/o source-relative query cue,3,0.04159505881441905,0.0,0.0,0.6218870296175576,0.5802919708031385,0.0,0.0
sample_0240,w/o source-relative query cue,2,0.0485672613717113,0.0,0.0,0.8426555531184314,0.7940882917467201,0.0,0.0
sample_0248,w/o source-relative query cue,3,0.036388758739906546,0.0,0.0,0.8549960797979234,0.8186073210580168,0.0,0.0
sample_0260,w/o source-relative query cue,3,-0.11626636990907058,0.0,0.0,0.4978645515561331,0.6141309214652036,0.0,0.0
sample_0276,w/o source-relative query cue,2,-0.023045563684247483,0.0,0.0,0.8045966184713397,0.8276421821555872,0.0,0.0
sample_0280,w/o source-relative query cue,1,0.09898778327757157,0.0,0.0,0.4000562271585605,0.3010684438809889,0.0,0.0
sample_0290,w/o source-relative query cue,3,-0.09287885776361637,0.0,0.0,0.6179762227473113,0.7108550805109277,0.0,0.0
sample_0297,w/o source-relative query cue,1,-0.09939518597525243,0.0,0.0,0.7465009023462015,0.8458960883214539,0.0,0.0
sample_0300,w/o source-relative query cue,3,0.04194052602337106,0.33333333333333337,-1.0,0.6764667163984043,0.6345261903750332,0.0,1.0
sample_0308,w/o source-relative query cue,2,0.044980606938416545,0.0,0.0,0.8487514049749065,0.80377079803649,0.0,0.0
sample_0322,w/o source-relative query cue,2,0.06301948163929594,0.0,0.0,0.7474959672882366,0.6844764856489407,1.0,1.0
sample_0328,w/o source-relative query cue,1,0.00697528558741789,0.0,0.0,0.886400197995368,0.8794249124079501,0.0,0.0
sample_0335,w/o source-relative query cue,1,0.0015868522027830956,0.0,0.0,0.7674376905148221,0.765850838312039,0.0,0.0
sample_0347,w/o source-relative query cue,2,-0.13442498525313612,0.0,-1.0,0.4745248685812024,0.6089498538343385,0.0,1.0
sample_0350,w/o source-relative query cue,3,-0.060845461467189166,0.0,0.0,0.5609278269731518,0.621773288440341,0.0,0.0
sample_0378,w/o source-relative query cue,2,0.0469614196576581,0.0,0.0,0.7811087538051005,0.7341473341474424,0.0,0.0
sample_0382,w/o source-relative query cue,2,0.08718030239344687,0.0,0.0,0.7159985683610272,0.6288182659675803,0.0,0.0
sample_0386,w/o source-relative query cue,3,-0.05576806192819361,0.0,0.0,0.6096795095451281,0.6654475714733217,1.0,1.0
sample_0396,w/o source-relative query cue,3,-0.006116897471058813,0.0,0.0,0.6443109632255978,0.6504278606966566,0.0,0.0
sample_0397,w/o source-relative query cue,3,-0.1362032409810202,0.0,0.0,0.6243704993647929,0.7605737403458132,1.0,1.0
sample_0401,w/o source-relative query cue,3,0.06354704401808564,0.0,0.0,0.6808043875686854,0.6172573435505998,0.0,0.0
sample_0409,w/o source-relative query cue,2,0.15385698899615297,0.0,0.0,0.6902909447533898,0.5364339557572368,0.0,0.0
sample_0418,w/o source-relative query cue,3,0.050582451872887846,0.0,0.0,0.5280833815870217,0.4775009297141339,0.0,0.0
sample_0436,w/o source-relative query cue,2,0.032548252744579786,0.0,0.0,0.4684916963680378,0.435943443623458,0.0,0.0
sample_0438,w/o source-relative query cue,2,-0.12934144502111933,0.0,0.0,0.6175514626221441,0.7468929076432634,0.0,0.0
sample_0447,w/o source-relative query cue,1,0.049835655700328774,0.0,0.0,0.9098688494094412,0.8600331937091125,0.0,0.0
sample_0449,w/o source-relative query cue,2,-0.0633894419636698,0.0,0.0,0.7809661781914632,0.844355620155133,0.0,0.0
sample_0456,w/o source-relative query cue,3,0.09380189360798719,0.0,0.0,0.644314338703355,0.5505124450953678,1.0,1.0
sample_0458,w/o source-relative query cue,1,0.055926162450579686,0.0,0.0,0.8835725677832034,0.8276464053326237,0.0,0.0
sample_0469,w/o source-relative query cue,3,-0.015056491471096445,-0.33333333333333337,1.0,0.692207190121089,0.7072636815921854,1.0,0.0
sample_0472,w/o source-relative query cue,1,-0.03225355414017361,0.0,0.0,0.8790746582545198,0.9113282123946934,0.0,0.0
sample_0473,w/o source-relative query cue,3,0.05516229109978765,0.0,0.0,0.7592015968064834,0.7040393057066957,0.0,0.0
sample_0511,w/o source-relative query cue,2,0.08170182720109065,0.0,0.0,0.7933257032710118,0.7116238760699212,0.0,0.0
sample_0521,w/o source-relative query cue,3,0.07332981469137145,0.0,0.0,0.8116117608686401,0.7382819461772686,0.0,0.0
sample_0525,w/o source-relative query cue,3,-0.058199148390502886,-0.33333333333333337,0.0,0.5552012514291829,0.6134003998196857,0.0,0.0
sample_0535,w/o source-relative query cue,2,0.042703848538802935,0.0,0.0,0.8250636857914813,0.7823598372526783,0.0,0.0
sample_0536,w/o source-relative query cue,2,-0.05858824536521434,0.0,0.0,0.756917331522868,0.8155055768880823,0.0,0.0
sample_0541,w/o source-relative query cue,1,0.1292311574950913,0.0,0.0,0.8667374312459069,0.7375062737508156,0.0,0.0
sample_0566,w/o source-relative query cue,3,0.02927419807867737,0.3333333333333333,0.0,0.6029715229056062,0.5736973248269288,1.0,1.0
sample_0585,w/o source-relative query cue,2,-0.08944071708067092,0.0,0.0,0.5194493006995633,0.6088900177802342,0.0,0.0
sample_0603,w/o source-relative query cue,1,0.06498412327298753,0.0,0.0,0.8829140336235347,0.8179299103505472,0.0,0.0
sample_0610,w/o source-relative query cue,2,0.09967847054506962,0.0,0.0,0.7649038156309029,0.6652253450858333,1.0,1.0
sample_0626,w/o source-relative query cue,3,-0.09281682520260781,0.0,0.0,0.5015924323812798,0.5944092575838876,0.0,0.0
sample_0633,w/o source-relative query cue,2,0.15805509837802856,0.0,0.0,0.730434782608985,0.5723796842309564,0.0,0.0
sample_0646,w/o source-relative query cue,3,0.05072987427525144,-0.33333333333333337,0.0,0.8454703587044119,0.7947404844291605,0.0,0.0
sample_0647,w/o source-relative query cue,3,0.10052165454940987,0.0,0.0,0.8446249033256594,0.7441032487762496,0.0,0.0
sample_0652,w/o source-relative query cue,3,0.0014521408901030375,0.0,1.0,0.6688382988069436,0.6673861579168405,1.0,0.0
sample_0661,w/o source-relative query cue,1,0.1650973012367154,0.0,0.0,0.8927929008275016,0.7276955995907862,0.0,0.0
sample_0666,w/o source-relative query cue,1,0.24491134872558895,0.0,0.0,0.7555277430123534,0.5106163942867644,0.0,0.0
sample_0674,w/o source-relative query cue,3,0.00783441500320492,0.0,0.0,0.8649062725307025,0.8570718575274976,0.0,0.0
sample_0676,w/o source-relative query cue,3,0.016992671248982294,0.0,0.0,0.7789734311019051,0.7619807598529228,1.0,1.0
sample_0681,w/o source-relative query cue,3,0.04330886540539691,0.0,0.0,0.8159262467516966,0.7726173813462996,0.0,0.0
sample_0712,w/o source-relative query cue,2,0.24415552328443135,0.5,-1.0,0.7030965391623974,0.4589410158779661,0.0,1.0
sample_0751,w/o source-relative query cue,3,0.03330445765774226,0.0,0.0,0.842734029456057,0.8094295717983148,0.0,0.0
sample_0761,w/o source-relative query cue,1,0.16971862945305327,0.0,0.0,0.9012820512821303,0.7315634218290771,0.0,0.0
sample_0777,w/o source-relative query cue,2,0.01025004824115816,0.0,0.0,0.8869154129940383,0.8766653647528801,0.0,0.0
sample_0778,w/o source-relative query cue,1,-0.0070055464669709355,0.0,0.0,0.7534221439319779,0.7604276903989489,0.0,0.0
sample_0791,w/o source-relative query cue,1,0.013667621956428566,0.0,0.0,0.915706806282796,0.9020391843263674,0.0,0.0
sample_0796,w/o source-relative query cue,1,0.0018676611773327245,0.0,0.0,0.9317979299472672,0.9299302687699345,0.0,0.0
sample_0807,w/o source-relative query cue,1,0.18932559186801812,0.0,0.0,0.8778138026865421,0.688488210818524,0.0,0.0
sample_0817,w/o source-relative query cue,1,0.1998479498264284,0.0,0.0,0.8280095202307053,0.6281615704042769,0.0,0.0
sample_0823,w/o source-relative query cue,1,-0.07664732675724495,0.0,0.0,0.5890236958523108,0.6656710226095558,0.0,0.0
sample_0858,w/o source-relative query cue,3,0.00036022895612397576,0.0,0.0,0.7757074243389342,0.7753471953828103,0.0,0.0
sample_0860,w/o source-relative query cue,3,0.006992697071769749,-0.33333333333333337,0.0,0.7726483585859483,0.7656556615141785,0.0,0.0
sample_0867,w/o source-relative query cue,3,0.11154651925622838,0.0,0.0,0.6515234847652482,0.5399769655090199,0.0,0.0
sample_0870,w/o source-relative query cue,3,0.05058312295066986,0.0,0.0,0.5322898116039309,0.481706688653261,1.0,1.0
sample_0875,w/o source-relative query cue,3,0.04791848218669659,0.0,0.0,0.7743372688796089,0.7264187866929123,0.0,0.0
sample_0881,w/o source-relative query cue,3,-0.0227086132424833,0.0,0.0,0.7134787857882646,0.7361873990307479,0.0,0.0
sample_0895,w/o source-relative query cue,2,-0.16729409823872732,0.0,0.0,0.7011385199242562,0.8684326181629836,0.0,0.0
sample_0911,w/o source-relative query cue,2,-0.21047748919804554,0.0,0.0,0.4790990944239656,0.6895765836220111,0.0,0.0
sample_0913,w/o source-relative query cue,2,0.15473337619535632,0.0,0.0,0.6557690774263171,0.5010357012309608,0.0,0.0
sample_0914,w/o source-relative query cue,1,-0.030062633158608743,0.0,0.0,0.4807044807048169,0.5107671138634257,0.0,0.0
sample_0920,w/o source-relative query cue,1,0.02046046210121455,0.0,0.0,0.7307141241235724,0.7102536620223578,0.0,0.0
sample_0932,w/o source-relative query cue,1,-0.0406558504612583,0.0,0.0,0.3771959459464719,0.4178517964077302,0.0,0.0
sample_0942,w/o source-relative query cue,2,-0.13566711435749823,0.0,0.0,0.7386274680353669,0.8742945823928652,0.0,0.0
sample_0953,w/o source-relative query cue,1,0.04636208454515223,0.0,0.0,0.9014998183611236,0.8551377338159714,0.0,0.0
sample_0960,w/o source-relative query cue,1,0.07789769604489372,0.0,0.0,0.9455816275587072,0.8676839315138135,0.0,0.0
sample_0974,w/o source-relative query cue,2,0.0915890522337578,0.0,0.0,0.8090008613266483,0.7174118090928905,0.0,0.0
sample_0977,w/o source-relative query cue,3,-0.05092728234536037,-0.33333333333333337,0.0,0.6303853064485405,0.6813125887939009,0.0,0.0
sample_0979,w/o source-relative query cue,1,0.07112339854106964,0.0,0.0,0.8319367588934135,0.7608133603523438,0.0,0.0
sample_1000,w/o source-relative query cue,3,0.008108367944292816,0.0,0.0,0.7908607863975606,0.7827524184532678,0.0,0.0
sample_1002,w/o source-relative query cue,2,-0.13255112496579358,0.0,0.0,0.6305578621576091,0.7631089871234027,0.0,0.0
sample_1003,w/o source-relative query cue,3,0.018949238476015373,0.0,0.0,0.7780484423583907,0.7590992038823753,1.0,1.0
sample_1015,w/o source-relative query cue,3,-0.0004301691093693272,0.0,1.0,0.8223303076304029,0.8227604767397723,1.0,0.0
sample_1018,w/o source-relative query cue,1,0.1307917664271948,0.0,0.0,0.8583881327421178,0.727596366314923,0.0,0.0
sample_1028,w/o source-relative query cue,2,-0.07898973773819029,0.0,0.0,0.7154992158914562,0.7944889536296464,0.0,0.0
sample_1068,w/o source-relative query cue,3,-0.19640308263269501,0.0,0.0,0.5916679833572488,0.7880710659899438,0.0,0.0
sample_1069,w/o source-relative query cue,3,-0.1325626263100087,0.0,0.0,0.5525016044871076,0.6850642307971163,0.0,0.0
sample_1072,w/o source-relative query cue,3,-0.1322422902788175,0.0,0.0,0.5440317972924507,0.6762740875712682,1.0,1.0
sample_1078,w/o source-relative query cue,2,0.00764542341216623,0.0,0.0,0.7659908231696279,0.7583453997574616,0.0,0.0
sample_1081,w/o source-relative query cue,2,0.04048513208361515,0.0,0.0,0.723182894453712,0.6826977623700968,0.0,0.0
sample_1085,w/o source-relative query cue,2,0.03211998174053721,0.0,0.0,0.8819432041436324,0.8498232224030952,0.0,0.0
sample_1086,w/o source-relative query cue,2,-0.011380628657865821,0.0,0.0,0.8466593647317738,0.8580399933896397,0.0,0.0
sample_1092,w/o source-relative query cue,3,-0.052452593839841355,0.0,0.0,0.6406148234989186,0.69306741733876,0.0,0.0
sample_1093,w/o source-relative query cue,2,0.03758249483570908,0.0,0.0,0.9117365625103404,0.8741540676746313,0.0,0.0
sample_1096,w/o source-relative query cue,2,-0.031449877824988315,0.0,0.0,0.7113241113895685,0.7427739892145568,0.0,0.0
sample_1112,w/o source-relative query cue,3,0.02977158475348818,0.0,0.0,0.7184685793023382,0.68869699454885,0.0,0.0
sample_1126,w/o source-relative query cue,1,0.13004265162078565,0.0,0.0,0.7566737084696017,0.626631056848816,0.0,0.0
sample_1133,w/o source-relative query cue,1,0.12338987334667251,0.0,0.0,0.899694306457872,0.7763044331111995,0.0,0.0
sample_1135,w/o source-relative query cue,3,0.11328243459141796,0.0,0.0,0.7228608774341513,0.6095784428427333,0.0,0.0
sample_1139,w/o source-relative query cue,1,0.10165127004218999,0.0,0.0,0.5655764783617727,0.4639252083195827,0.0,0.0
sample_1167,w/o source-relative query cue,2,0.04619081876010045,0.0,0.0,0.8927238805970705,0.8465330618369701,0.0,0.0
sample_1175,w/o source-relative query cue,1,0.06764478351198833,0.0,0.0,0.8828410814670449,0.8151962979550565,0.0,0.0
sample_1185,w/o source-relative query cue,2,-0.12030737872200181,0.0,0.0,0.518623457883526,0.6389308366055279,0.0,0.0
sample_1211,w/o source-relative query cue,1,0.15004218352698073,0.0,0.0,0.8792678074016083,0.7292256238746275,0.0,0.0
sample_1215,w/o source-relative query cue,2,0.04273359302040025,0.0,0.0,0.8664596273292349,0.8237260343088346,0.0,0.0
sample_1230,w/o source-relative query cue,3,0.01018781814871672,0.0,0.0,0.6358375582528623,0.6256497401041455,0.0,0.0
sample_1244,w/o source-relative query cue,1,0.08326705259783185,0.0,0.0,0.8827186781365448,0.799451625538713,0.0,0.0
sample_1259,w/o source-relative query cue,2,0.020004269294009003,0.0,0.0,0.6933345737012451,0.6733303044072361,0.0,0.0
sample_1262,w/o source-relative query cue,1,0.044797218143700634,0.0,0.0,0.7708315269229421,0.7260343087792415,0.0,0.0
sample_1266,w/o source-relative query cue,2,0.1742419676442345,0.0,0.0,0.6041372825580581,0.4298953149138236,0.0,0.0
sample_1276,w/o source-relative query cue,1,0.08254283731634426,0.0,0.0,0.9100893997446868,0.8275465624283426,0.0,0.0
sample_1285,w/o source-relative query cue,2,-0.09368496138606253,0.0,0.0,0.6421974331296376,0.7358823945157001,0.0,0.0
sample_1286,w/o source-relative query cue,1,-0.1366748625901414,0.0,0.0,0.7120515787734462,0.8487264413635875,0.0,0.0
sample_1288,w/o source-relative query cue,1,0.04011182976883643,0.0,0.0,0.6467031794582497,0.6065913496894133,0.0,0.0
sample_1292,w/o source-relative query cue,1,-0.027959780405173662,0.0,0.0,0.7783484788622194,0.806308259267393,0.0,0.0
sample_1319,w/o source-relative query cue,1,0.02052719853805529,0.0,0.0,0.6716899892359898,0.6511627906979345,0.0,0.0
sample_1327,w/o source-relative query cue,3,-0.058113789025847185,0.0,0.0,0.7313140987271115,0.7894278877529587,0.0,0.0
sample_1328,w/o source-relative query cue,1,0.17433606864726103,0.0,0.0,0.8153257978724939,0.6409897292252329,0.0,0.0
sample_1366,w/o source-relative query cue,2,0.09591891636497374,0.0,0.0,0.5617960986385264,0.4658771822735527,0.0,0.0
sample_1372,w/o source-relative query cue,2,0.1302898126564187,0.0,0.0,0.7682354433594213,0.6379456307030026,0.0,0.0
sample_1378,w/o source-relative query cue,3,0.015325858618264299,0.33333333333333337,-1.0,0.6593505589453097,0.6440247003270454,0.0,1.0
sample_1384,w/o source-relative query cue,2,-0.0949741959813093,-0.5,1.0,0.4886255018163408,0.5835996977976501,1.0,0.0
sample_1389,w/o source-relative query cue,2,0.08373582940395152,0.5,-1.0,0.8416785484637979,0.7579427190598463,0.0,1.0
sample_1404,w/o source-relative query cue,3,0.020061697483053975,0.0,0.0,0.7724398670230844,0.7523781695400305,0.0,0.0
sample_1429,w/o source-relative query cue,2,-0.07993503217759756,0.0,0.0,0.7659676109493307,0.8459026431269283,0.0,0.0
sample_1432,w/o source-relative query cue,2,0.02464495910583453,0.0,0.0,0.8770909090910368,0.8524459499852023,0.0,0.0
sample_1438,w/o source-relative query cue,1,0.09696397176361815,0.0,0.0,0.6795752654600887,0.5826112936964706,0.0,0.0
sample_1455,w/o source-relative query cue,2,0.020597502838720194,0.0,0.0,0.7426735021808315,0.7220759993421113,1.0,1.0
sample_1470,w/o source-relative query cue,3,-0.1171764012832035,0.0,0.0,0.7205480764624825,0.837724477745686,0.0,0.0
sample_1482,w/o source-relative query cue,3,0.03299664125844959,0.33333333333333337,0.0,0.7244854100006092,0.6914887687421596,0.0,0.0
sample_1486,w/o source-relative query cue,2,0.029280258675893123,0.0,0.0,0.914133983996586,0.8848537253206928,0.0,0.0
sample_1513,w/o source-relative query cue,3,-0.04266394538774809,0.0,0.0,0.6401307130215403,0.6827946584092884,1.0,1.0
sample_1516,w/o source-relative query cue,3,-0.13314009255536963,0.0,0.0,0.7029716528964701,0.8361117454518397,0.0,0.0
sample_1529,w/o source-relative query cue,2,0.13341266812527564,0.0,0.0,0.7897314642797535,0.6563187961544779,1.0,1.0
sample_1566,w/o source-relative query cue,3,0.007078970865493139,0.0,0.0,0.4247787610623157,0.4176997901968226,1.0,1.0
sample_1572,w/o source-relative query cue,2,-0.11508205020206386,0.0,0.0,0.7028679752952346,0.8179500254972984,0.0,0.0
sample_1599,w/o source-relative query cue,3,-0.026893775054112612,0.0,0.0,0.6071906001550643,0.6340843752091769,0.0,0.0
sample_1620,w/o source-relative query cue,2,0.05853119389495931,0.5,-1.0,0.6164908351508125,0.5579596412558532,0.0,1.0
sample_1634,w/o source-relative query cue,1,0.10796779002753998,0.0,0.0,0.7073430982639369,0.599375308236397,0.0,0.0
sample_1635,w/o source-relative query cue,3,-0.049334440267760904,0.0,0.0,0.7224104549855632,0.7717448952533241,1.0,1.0
sample_1642,w/o source-relative query cue,2,-0.018150381899944668,0.0,0.0,0.839706190975933,0.8578565728758777,0.0,0.0
sample_1643,w/o source-relative query cue,3,0.04259998865702186,0.0,-1.0,0.813613368082228,0.7710133794252061,0.0,1.0
sample_1683,w/o source-relative query cue,1,0.1586624866330264,0.0,0.0,0.8140735958685021,0.6554111092354757,0.0,0.0
sample_1686,w/o source-relative query cue,2,0.03532594941195255,0.0,0.0,0.8256194914863986,0.790293542074446,0.0,0.0
sample_1688,w/o source-relative query cue,3,-0.14595135906843437,0.0,0.0,0.5941575629243014,0.7401089219927358,0.0,0.0
sample_1697,w/o source-relative query cue,2,0.11351382206493787,0.0,0.0,0.6319079603646792,0.5183941382997413,0.0,0.0
sample_1717,w/o source-relative query cue,3,0.03055610112043361,-0.33333333333333337,0.0,0.7505705086124135,0.7200144074919799,0.0,0.0
sample_1718,w/o source-relative query cue,3,0.05214131149486201,0.33333333333333337,-1.0,0.6830859267840147,0.6309446152891527,0.0,1.0
sample_1729,w/o source-relative query cue,2,0.026844251740553937,0.0,0.0,0.8125925348711817,0.7857482831306277,0.0,0.0
sample_1731,w/o source-relative query cue,2,-0.0842308917446769,0.0,0.0,0.6397989949752363,0.7240298867199132,0.0,0.0
sample_1734,w/o source-relative query cue,2,-0.04401231677913442,0.0,0.0,0.7218463987267323,0.7658587155058667,0.0,0.0
sample_1741,w/o source-relative query cue,3,0.14436643267782423,0.0,0.0,0.7357682804511742,0.5914018477733499,0.0,0.0
sample_1760,w/o source-relative query cue,3,-0.08403318588909592,0.0,0.0,0.6983085846164107,0.7823417705055066,0.0,0.0
sample_1765,w/o source-relative query cue,1,0.0004134386962757475,0.0,0.0,0.7472223546803933,0.7468089159841176,0.0,0.0
sample_1787,w/o source-relative query cue,2,0.005638813656848041,0.5,0.0,0.8578425915619972,0.8522037779051491,0.0,0.0
sample_1809,w/o source-relative query cue,1,0.013119763750869873,0.0,0.0,0.8628868961528328,0.8497671324019629,0.0,0.0
sample_1811,w/o source-relative query cue,2,0.002140933491376562,0.0,0.0,0.6946306582393573,0.6924897247479808,0.0,0.0
sample_1812,w/o source-relative query cue,1,-0.08520926810143548,0.0,0.0,0.7067382469521315,0.791947515053567,0.0,0.0
sample_1815,w/o source-relative query cue,3,0.03109797389717489,0.0,0.0,0.3635838388843367,0.3324858649871618,1.0,1.0
sample_1826,w/o source-relative query cue,2,-0.0007816530609501271,0.0,0.0,0.8067408156388226,0.8075224686997727,0.0,0.0
sample_1837,w/o source-relative query cue,2,0.05364188948047599,0.0,0.0,0.8899109217661261,0.8362690322856501,0.0,0.0
sample_1839,w/o source-relative query cue,1,0.013207032756277992,0.0,0.0,0.9044998777207724,0.8912928449644945,0.0,0.0
sample_1843,w/o source-relative query cue,1,0.16615768295196987,0.0,0.0,0.8803380382991276,0.7141803553471577,0.0,0.0
sample_1858,w/o source-relative query cue,3,0.15912702532222012,0.33333333333333337,-1.0,0.8391677085194144,0.6800406831971942,0.0,1.0
sample_1863,w/o source-relative query cue,2,0.1544060617720392,0.0,0.0,0.6938194753226378,0.5394134135505986,0.0,0.0
sample_1865,w/o source-relative query cue,2,0.09081241092918946,0.0,0.0,0.9138609532138516,0.8230485422846622,0.0,0.0
sample_1869,w/o source-relative query cue,3,0.03139514583677594,0.0,0.0,0.784237826120672,0.7528426802838961,1.0,1.0
sample_1881,w/o source-relative query cue,2,0.04083527722836339,0.0,0.0,0.4704310056803621,0.4295957284519987,0.0,0.0
sample_1885,w/o source-relative query cue,3,-0.16951981198385535,0.0,0.0,0.4577610734485027,0.627280885432358,0.0,0.0
sample_1893,w/o source-relative query cue,1,0.19961476240047815,0.0,0.0,0.7944103014341569,0.5947955390336788,0.0,0.0
sample_1894,w/o source-relative query cue,1,0.08034508008972996,0.0,0.0,0.5597918722530189,0.4794467921632889,0.0,0.0
sample_1904,w/o source-relative query cue,1,0.16383203150914272,0.0,0.0,0.8829094696641933,0.7190774381550505,0.0,0.0
sample_1927,w/o source-relative query cue,3,0.006446129500076614,0.0,0.0,0.449372528795227,0.4429263992951504,1.0,1.0
sample_1944,w/o source-relative query cue,2,0.0017461018674812534,0.0,0.0,0.7511003412295381,0.7493542393620568,0.0,0.0
sample_1989,w/o source-relative query cue,2,0.03286362659268738,0.0,0.0,0.7470303563574227,0.7141667297647353,0.0,0.0
sample_1993,w/o source-relative query cue,3,0.08603561850974772,0.0,0.0,0.7608171628300107,0.6747815443202629,1.0,1.0
sample_2021,w/o source-relative query cue,3,0.06773039952280557,0.0,-1.0,0.7535629796319447,0.6858325801091392,0.0,1.0
sample_2024,w/o source-relative query cue,2,0.06396736864464359,0.0,0.0,0.7801899025390973,0.7162225338944537,1.0,1.0
sample_2044,w/o source-relative query cue,2,0.06225268202076406,0.0,0.0,0.7509632224170307,0.6887105403962667,0.0,0.0
sample_2059,w/o source-relative query cue,3,-0.015709516352561792,0.0,0.0,0.7466105117406836,0.7623200280932454,0.0,0.0
sample_2067,w/o source-relative query cue,3,0.13325872827083718,0.0,0.0,0.7753681086634373,0.6421093803926001,0.0,0.0
sample_2069,w/o source-relative query cue,2,0.0953844004046891,0.0,0.0,0.7393567848977087,0.6439723844930196,0.0,0.0
sample_2070,w/o source-relative query cue,2,-0.02265360420557483,0.0,0.0,0.8077571669477971,0.8304107711533719,0.0,0.0
sample_2072,w/o source-relative query cue,3,0.05203533176119468,0.0,0.0,0.7360229628449255,0.6839876310837308,1.0,1.0
sample_2077,w/o source-relative query cue,3,0.15082755907981205,0.0,0.0,0.75666883539369,0.605841276313878,0.0,0.0
sample_2079,w/o source-relative query cue,2,0.12615890958841713,0.0,0.0,0.6270803369636048,0.5009214273751876,0.0,0.0
sample_2086,w/o source-relative query cue,1,0.044957265875670505,0.0,0.0,0.8903321275896988,0.8453748617140283,0.0,0.0
sample_2087,w/o source-relative query cue,2,0.04862877372111152,0.0,0.0,0.6419405320816574,0.5933117583605458,0.0,0.0
sample_2111,w/o source-relative query cue,2,0.02792322294057492,0.0,0.0,0.8962738120159639,0.868350589075389,0.0,0.0
sample_2119,w/o source-relative query cue,2,-0.020184541378896692,0.0,0.0,0.8226450552032641,0.8428295965821608,0.0,0.0
sample_2121,w/o source-relative query cue,2,0.022202927491039137,0.0,0.0,0.7804751530242297,0.7582722255331905,0.0,0.0
sample_2129,w/o source-relative query cue,3,-0.21127542339541083,0.0,0.0,0.4933160415006518,0.7045914648960626,0.0,0.0
sample_2166,w/o source-relative query cue,3,0.017527346620182294,0.0,0.0,0.6063379193075881,0.5888105726874058,1.0,1.0
sample_2167,w/o source-relative query cue,1,0.05552374004011151,0.0,0.0,0.6864252596985232,0.6309015196584117,0.0,0.0
sample_2172,w/o source-relative query cue,1,0.023452597937624442,0.0,0.0,0.843229497775052,0.8197768998374275,0.0,0.0
sample_2175,w/o source-relative query cue,2,0.039125189457515086,0.0,0.0,0.7127637056376824,0.6736385161801673,1.0,1.0
sample_2196,w/o source-relative query cue,3,0.04384066987308466,0.0,0.0,0.7485404797075694,0.7046998098344848,0.0,0.0
sample_2199,w/o source-relative query cue,2,0.0629038738367359,0.0,0.0,0.8960907697825646,0.8331868959458287,0.0,0.0
sample_2202,w/o source-relative query cue,2,-0.03577090378200287,0.0,0.0,0.5699635877241807,0.6057344915061835,0.0,0.0
sample_2207,w/o source-relative query cue,2,-0.012278160741079236,0.0,0.0,0.8040246970044569,0.8163028577455361,0.0,0.0
sample_2208,w/o source-relative query cue,3,0.039919769853952514,0.3333333333333333,-1.0,0.7050278937582173,0.6651081239042648,0.0,1.0
sample_2209,w/o source-relative query cue,1,0.11617692929970158,0.0,0.0,0.7982766049118498,0.6820996756121482,0.0,0.0
sample_2225,w/o source-relative query cue,3,-0.04103414468782285,0.0,0.0,0.7664466680860745,0.8074808127738974,0.0,0.0
sample_2234,w/o source-relative query cue,2,0.0026969270485895924,0.0,0.0,0.8814447672763166,0.878747840227727,0.0,0.0
sample_2259,w/o source-relative query cue,2,-0.06042743148441887,0.0,0.0,0.8225701239400594,0.8829975554244782,0.0,0.0
sample_2263,w/o source-relative query cue,2,0.01607392120573159,0.0,0.0,0.7142405263492666,0.698166605143535,0.0,0.0
sample_2266,w/o source-relative query cue,2,-0.09108734993603113,0.0,0.0,0.4392864818399746,0.5303738317760057,0.0,0.0
sample_2270,w/o source-relative query cue,3,0.16796063646515325,0.0,0.0,0.6695101001127484,0.5015494636475951,1.0,1.0
sample_2271,w/o source-relative query cue,3,-0.027784327989866964,0.0,0.0,0.6481515008872621,0.6759358288771291,1.0,1.0
sample_2281,w/o source-relative query cue,2,0.04124744596114416,0.0,0.0,0.6988539258068517,0.6576064798457075,0.0,0.0
sample_2293,w/o source-relative query cue,1,-0.016022901638347187,0.0,0.0,0.8907623968815652,0.9067852985199124,0.0,0.0
sample_2299,w/o source-relative query cue,1,0.04662432441077291,0.0,0.0,0.626619110193705,0.5799947857829321,0.0,0.0
sample_2306,w/o source-relative query cue,3,0.06367285079760954,0.0,0.0,0.6145613132987461,0.5508884625011365,0.0,0.0
sample_2323,w/o source-relative query cue,3,0.04265354364351093,0.0,0.0,0.806408794331581,0.76375525068807,0.0,0.0
sample_2357,w/o source-relative query cue,3,0.046401820309391995,0.33333333333333337,-1.0,0.8101265822785446,0.7637247619691526,0.0,1.0
sample_2361,w/o source-relative query cue,2,-0.014015552835727862,0.0,0.0,0.8591536587567179,0.8731692115924458,0.0,0.0
sample_2372,w/o source-relative query cue,3,0.17118635871657306,0.0,0.0,0.6922159260366149,0.5210295673200418,0.0,0.0
sample_2375,w/o source-relative query cue,2,0.08007239923091314,0.0,0.0,0.764141061452617,0.6840686622217038,0.0,0.0
sample_2378,w/o source-relative query cue,3,-0.0043089490375204376,0.0,0.0,0.7030488455655829,0.7073577946031033,0.0,0.0
sample_2385,w/o source-relative query cue,2,0.055608616947741774,0.0,0.0,0.6763169164884999,0.6207082995407581,0.0,0.0
sample_2409,w/o source-relative query cue,2,0.1150891263258158,0.0,0.0,0.6550558877049292,0.5399667613791134,0.0,0.0
sample_2413,w/o source-relative query cue,3,-0.1743216856266283,0.0,0.0,0.3597507460069511,0.5340724316335794,0.0,0.0
sample_2418,w/o source-relative query cue,1,-0.025595395186283842,0.0,0.0,0.7496407013512028,0.7752360965374866,0.0,0.0
sample_2435,w/o source-relative query cue,1,0.009245909339220315,0.0,0.0,0.6165154128856097,0.6072695035463894,0.0,0.0
sample_2440,w/o source-relative query cue,2,-0.21444477005197227,0.5,-1.0,0.5432615917957943,0.7577063618477665,0.0,1.0
sample_2442,w/o source-relative query cue,3,0.06085154026404327,0.0,0.0,0.7404865246796505,0.6796349844156072,0.0,0.0
sample_2453,w/o source-relative query cue,1,0.019220983219052967,0.0,0.0,0.8322363609771594,0.8130153777581064,0.0,0.0
sample_2472,w/o source-relative query cue,2,-0.150306799014017,0.0,0.0,0.6242142983025176,0.7745210973165346,0.0,0.0
sample_2477,w/o source-relative query cue,2,0.12097020336710906,0.5,-1.0,0.8355520969400975,0.7145818935729884,0.0,1.0
sample_2478,w/o source-relative query cue,3,-0.1841368268688507,0.0,0.0,0.5674223971021275,0.7515592239709782,0.0,0.0
sample_2483,w/o source-relative query cue,3,0.05664275707349653,0.0,0.0,0.837546376453169,0.7809036193796725,0.0,0.0
sample_2494,w/o source-relative query cue,3,-0.052326426426999806,0.0,0.0,0.4656321774693487,0.5179586038963485,0.0,0.0
sample_2505,w/o source-relative query cue,3,0.09165436942491467,0.6666666666666667,-1.0,0.7697365612058539,0.6780821917809392,0.0,1.0
sample_2533,w/o source-relative query cue,1,0.07357737411115073,0.0,0.0,0.902254388154145,0.8286770140429943,0.0,0.0
sample_2536,w/o source-relative query cue,3,0.02446659972518961,-0.33333333333333337,0.0,0.7605348019856659,0.7360682022604763,0.0,0.0
sample_2584,w/o source-relative query cue,1,0.08627163800011683,0.0,0.0,0.9218760336046028,0.835604395604486,0.0,0.0
sample_2589,w/o source-relative query cue,3,-0.09491038012158748,-0.33333333333333337,0.0,0.6885159476321552,0.7834263277537427,0.0,0.0
sample_2600,w/o source-relative query cue,1,0.008378094355515064,0.0,0.0,0.7865809092239537,0.7782028148684387,0.0,0.0
sample_2603,w/o source-relative query cue,1,0.03482839453146269,0.0,0.0,0.9133527909522468,0.8785243964207841,0.0,0.0
sample_2614,w/o source-relative query cue,3,0.11238514889842732,0.0,0.0,0.6735505188705284,0.5611653699721011,0.0,0.0
sample_2643,w/o source-relative query cue,1,-0.07728414932855499,0.0,0.0,0.8001862064027071,0.8774703557312621,0.0,0.0
sample_2650,w/o source-relative query cue,3,0.09887812925981987,0.0,0.0,0.6455583756347427,0.5466802463749229,0.0,0.0
sample_2655,w/o source-relative query cue,1,0.1278404235520585,0.0,0.0,0.7684098185700805,0.640569395018022,0.0,0.0
sample_2676,w/o source-relative query cue,3,0.020749353570308715,0.33333333333333337,0.0,0.5610087902890535,0.5402594367187448,0.0,0.0
sample_2682,w/o source-relative query cue,2,-0.10241776112241041,0.0,0.0,0.7564817738484523,0.8588995349708627,0.0,0.0
sample_2684,w/o source-relative query cue,3,-0.08760604797972182,0.0,0.0,0.7566125968143517,0.8442186447940735,0.0,0.0
sample_2698,w/o source-relative query cue,2,-0.05701485260227368,0.0,0.0,0.8296597781536217,0.8866746307558954,0.0,0.0
sample_2702,w/o source-relative query cue,2,0.0014790039024664692,0.0,0.0,0.5929111671365913,0.5914321632341248,0.0,0.0
sample_2711,w/o source-relative query cue,3,-0.058602932702567334,0.0,0.0,0.7299338682064755,0.7885368009090429,1.0,1.0
sample_2719,w/o source-relative query cue,1,0.0057857271917947095,0.0,0.0,0.8115928413735678,0.8058071141817731,0.0,0.0
sample_2741,w/o source-relative query cue,3,0.007583942745391203,-0.33333333333333337,1.0,0.752044198895119,0.7444602561497278,1.0,0.0
sample_2745,w/o source-relative query cue,2,-0.17973834247040166,0.0,0.0,0.6267529665591273,0.8064913090295289,0.0,0.0
sample_2747,w/o source-relative query cue,2,-0.06653341901876542,0.0,0.0,0.678625613565516,0.7451590325842814,0.0,0.0
sample_2751,w/o source-relative query cue,2,0.10211880710913368,0.0,0.0,0.8769248317555167,0.774806024646383,0.0,0.0
sample_2759,w/o source-relative query cue,1,0.025021017773011356,0.0,0.0,0.8776096321662004,0.852588614393189,0.0,0.0
sample_2769,w/o source-relative query cue,3,-0.28341505500754566,0.0,0.0,0.3197943916658314,0.6032094466733771,1.0,1.0
sample_2771,w/o source-relative query cue,1,-0.006416655132309601,0.0,0.0,0.9280145739009488,0.9344312290332584,0.0,0.0
sample_2784,w/o source-relative query cue,1,0.18217891933043695,0.0,0.0,0.8526068208547113,0.6704279015242743,0.0,0.0
sample_2799,w/o source-relative query cue,3,-0.04124533515250939,0.0,0.0,0.8000275824024962,0.8412729175550056,1.0,1.0
sample_2804,w/o source-relative query cue,2,0.09360381770910453,0.0,0.0,0.8280279503106425,0.7344241326015379,0.0,0.0
sample_2833,w/o source-relative query cue,3,-0.039966369573705696,0.0,1.0,0.704732201763507,0.7446985713372127,1.0,0.0
sample_2844,w/o source-relative query cue,2,0.003210911805870631,0.0,0.0,0.8064255078094171,0.8032145960035465,0.0,0.0
sample_2850,w/o source-relative query cue,3,0.02054221390503741,0.0,0.0,0.7967196419479011,0.7761774280428637,0.0,0.0
sample_2872,w/o source-relative query cue,1,0.10256972029900568,0.0,0.0,0.801065834795736,0.6984961144967303,0.0,0.0
sample_2873,w/o source-relative query cue,2,-0.05506617903843419,-0.5,0.0,0.4363545484843082,0.4914207275227424,0.0,0.0
sample_2874,w/o source-relative query cue,1,0.09691179017764295,0.0,0.0,0.8035976822625586,0.7066858920849156,0.0,0.0
sample_2887,w/o source-relative query cue,2,-0.11649479473447888,0.0,0.0,0.7080919568267249,0.8245867515612038,0.0,0.0
sample_2909,w/o source-relative query cue,2,-0.010244715390740344,0.0,0.0,0.6905644419016169,0.7008091572923573,0.0,0.0
sample_2932,w/o source-relative query cue,2,0.10549150798215445,0.0,0.0,0.8627464888637173,0.7572549808815628,0.0,0.0
sample_2934,w/o source-relative query cue,1,0.255055571631169,0.0,0.0,0.885221915135797,0.630166343504628,0.0,0.0
sample_2936,w/o source-relative query cue,1,0.016273613823444277,0.0,0.0,0.4152063583267114,0.3989327445032671,0.0,0.0
sample_2945,w/o source-relative query cue,3,0.01032549818646944,0.0,0.0,0.787664679473182,0.7773391812867125,0.0,0.0
sample_2948,w/o source-relative query cue,2,0.04441611505094889,0.0,0.0,0.8741418764302745,0.8297257613793256,0.0,0.0
sample_2951,w/o source-relative query cue,1,0.05931619378125785,0.0,0.0,0.5847095671984733,0.5253933734172155,0.0,0.0
sample_2956,w/o source-relative query cue,2,0.08093374923056651,0.0,0.0,0.731171777794239,0.6502380285636725,0.0,0.0
sample_2961,w/o source-relative query cue,2,0.05263027607914861,0.0,0.0,0.6009591367771001,0.5483288606979515,1.0,1.0
sample_2977,w/o source-relative query cue,1,0.066070475454029,0.0,0.0,0.7965895249696732,0.7305190495156442,0.0,0.0
sample_2987,w/o source-relative query cue,3,-0.05255831932080307,0.3333333333333333,-1.0,0.4368413240318859,0.489399643352689,0.0,1.0
sample_2993,w/o source-relative query cue,3,-0.10321071267732307,-0.33333333333333337,1.0,0.6373267372942375,0.7405374499715606,1.0,0.0
